-- phpMyAdmin SQL Dump
-- version 5.2.0
-- https://www.phpmyadmin.net/
--
-- Host: 127.0.0.1
-- Generation Time: Apr 27, 2023 at 05:19 PM
-- Server version: 10.4.25-MariaDB
-- PHP Version: 8.1.10

SET SQL_MODE = "NO_AUTO_VALUE_ON_ZERO";
START TRANSACTION;
SET time_zone = "+00:00";


/*!40101 SET @OLD_CHARACTER_SET_CLIENT=@@CHARACTER_SET_CLIENT */;
/*!40101 SET @OLD_CHARACTER_SET_RESULTS=@@CHARACTER_SET_RESULTS */;
/*!40101 SET @OLD_COLLATION_CONNECTION=@@COLLATION_CONNECTION */;
/*!40101 SET NAMES utf8mb4 */;

--
-- Database: `book_store`
--

-- --------------------------------------------------------

--
-- Table structure for table `chitiethd`
--

CREATE TABLE `chitiethd` (
  `hd_id` int(100) UNSIGNED NOT NULL,
  `s_id` int(100) UNSIGNED NOT NULL,
  `sluong` int(100) NOT NULL
) ENGINE=InnoDB DEFAULT CHARSET=utf8mb4 COLLATE=utf8mb4_unicode_ci;

-- --------------------------------------------------------

--
-- Table structure for table `danhgia`
--

CREATE TABLE `danhgia` (
  `k_id` int(100) UNSIGNED NOT NULL,
  `hd_id` int(100) UNSIGNED NOT NULL,
  `s_id` int(100) UNSIGNED NOT NULL,
  `sao` int(10) NOT NULL,
  `date_cmt` datetime NOT NULL,
  `cmt` varchar(2000) COLLATE utf8mb4_unicode_ci DEFAULT NULL
) ENGINE=InnoDB DEFAULT CHARSET=utf8mb4 COLLATE=utf8mb4_unicode_ci;

-- --------------------------------------------------------

--
-- Table structure for table `donhang`
--

CREATE TABLE `donhang` (
  `hd_id` int(100) UNSIGNED NOT NULL,
  `k_id` int(100) UNSIGNED NOT NULL,
  `hd_date` date NOT NULL,
  `note` varchar(100) COLLATE utf8mb4_unicode_ci NOT NULL,
  `tongtien` int(100) DEFAULT NULL,
  `status` int(11) NOT NULL DEFAULT 0
) ENGINE=InnoDB DEFAULT CHARSET=utf8mb4 COLLATE=utf8mb4_unicode_ci;

--
-- Dumping data for table `donhang`
--

INSERT INTO `donhang` (`hd_id`, `k_id`, `hd_date`, `note`, `tongtien`, `status`) VALUES
(91, 1, '2021-12-01', '', 516500, 4),
(92, 1, '2021-12-01', '', 114000, 4),
(93, 1, '2021-12-01', '', 516500, 4),
(94, 1, '2021-12-01', '', 361550, 4),
(95, 1, '2021-12-03', '', 455400, 4),
(96, 1, '2021-12-03', '', 910800, 4),
(97, 1, '2021-12-03', '', 227700, 4),
(98, 1, '2021-12-03', '', 227700, 4),
(99, 1, '2021-12-03', '', 227700, 3),
(100, 1, '2021-12-03', '', 227700, 4),
(101, 2, '2021-12-04', '', 153090, 4),
(102, 2, '2021-12-04', 'Xin chào shop', 232080, 4),
(103, 2, '2021-12-04', '', 6512, 4),
(104, 2, '2021-12-04', '', 22770, 4),
(105, 2, '2021-12-04', '', 290100, 4),
(106, 2, '2021-12-04', '', 54000, 4),
(107, 2, '2021-12-04', 'ok bro', 511644, 4),
(108, 2, '2021-12-04', 'gửi hàng nhanh giúp em nhé ad ', 852740, 2),
(109, 1, '2021-12-04', '', 419180, 4),
(110, 1, '2021-12-04', '', 419180, 4),
(111, 1, '2021-12-04', '', 288800, 3),
(112, 1, '2021-12-04', '', 114000, 3),
(113, 1, '2021-12-04', '', 114000, 3),
(114, 1, '2021-12-04', '', 114000, 3),
(115, 1, '2021-12-05', '', 353025, 3),
(116, 1, '2021-12-05', '', 288800, 3),
(117, 1, '2021-12-05', '', 288800, 3),
(118, 1, '2021-12-05', '', 130380, 3),
(119, 1, '2021-12-05', '', 130380, 3),
(120, 1, '2021-12-05', '', 130380, 3),
(121, 1, '2021-12-07', '', 1004400, 3),
(122, 1, '2021-12-10', '', 26953, 3),
(123, 1, '2021-12-13', '', 127500, 3),
(124, 1, '2021-12-15', 'Long Thành', 219942, 3),
(125, 1, '2021-12-15', '', 114000, 3),
(126, 1, '2021-12-15', '', 228000, 3),
(127, 1, '2021-12-15', '', 455400, 3),
(128, 1, '2021-12-15', '', 166028, 4),
(129, 1, '2021-12-15', '', 90000, 4),
(130, 1, '2021-12-15', '', 90000, 4),
(131, 1, '2021-12-15', '', 90000, 3),
(132, 1, '2021-12-15', '', 80100, 3),
(133, 1, '2021-12-15', '', 85560, 3),
(134, 1, '2021-12-15', 'hnay đặt hàng , giao nhanh ad nhé', 713736, 3),
(135, 1, '2021-12-14', 'ok brooooo', 189000, 3),
(136, 7, '2023-03-24', '', 610800, 3);

-- --------------------------------------------------------

--
-- Table structure for table `giohang`
--

CREATE TABLE `giohang` (
  `k_id` int(100) UNSIGNED NOT NULL,
  `s_id` int(100) UNSIGNED NOT NULL,
  `gh_soluong` int(100) NOT NULL,
  `tongtien` varchar(255) COLLATE utf8mb4_unicode_ci NOT NULL,
  `trangthai` int(100) NOT NULL DEFAULT 0
) ENGINE=InnoDB DEFAULT CHARSET=utf8mb4 COLLATE=utf8mb4_unicode_ci;

-- --------------------------------------------------------

--
-- Table structure for table `khach`
--

CREATE TABLE `khach` (
  `k_id` int(100) UNSIGNED NOT NULL,
  `k_ten` varchar(100) COLLATE utf8mb4_unicode_ci DEFAULT NULL,
  `k_gt` varchar(100) COLLATE utf8mb4_unicode_ci NOT NULL,
  `k_ngsinh` date NOT NULL,
  `k_email` varchar(100) COLLATE utf8mb4_unicode_ci DEFAULT NULL,
  `k_password` varchar(255) COLLATE utf8mb4_unicode_ci NOT NULL,
  `k_sdt` varchar(100) COLLATE utf8mb4_unicode_ci DEFAULT NULL,
  `k_diachi` varchar(200) COLLATE utf8mb4_unicode_ci DEFAULT NULL,
  `k_avatar` varchar(200) COLLATE utf8mb4_unicode_ci NOT NULL DEFAULT 'MinhHN1.gif',
  `status` int(100) NOT NULL DEFAULT 0
) ENGINE=InnoDB DEFAULT CHARSET=utf8mb4 COLLATE=utf8mb4_unicode_ci;

--
-- Dumping data for table `khach`
--

INSERT INTO `khach` (`k_id`, `k_ten`, `k_gt`, `k_ngsinh`, `k_email`, `k_password`, `k_sdt`, `k_diachi`, `k_avatar`, `status`) VALUES
(1, 'Nguyễn Long ', 'Nam', '2021-07-13', 'khach@gmail.com', 'long', '086926645', 'Thường Tín - Hà Nội', 'MinhHN1.gif', 0),
(2, 'Minh Nguyễn', 'Nam', '2021-12-01', 'khach1@gmail.com', '0', '013265465', 'Hà Nam', 'MinhHN1.gif', 0),
(3, 'Minh Nguyễn 1', 'Nam', '2021-12-01', 'khach2@gmail.com', '0', '0213265465', 'Hà Nội', 'MinhHN1.gif', 0),
(5, 'Minh Nguyễn 5', 'Nam', '2021-12-01', 'khach5@gmail.com', '0', '01053265465', 'Hà Nội', 'MinhHN1.gif', 0),
(6, 'Minh Nguyễn 6', 'Nam', '2021-12-01', 'khach6@gmail.com', '0', '0413265465', 'Hà Nội', 'MinhHN1.gif', 0),
(7, 'Minh Nguyễn 7', 'Nam', '2021-12-01', 'khach7@gmail.com', '0', '0613265465', 'Hà Nội', 'MinhHN1.gif', 0),
(8, 'Long', 'Nam', '2021-12-01', 'khach3@gmail.com', '0', '092356465', 'Hà Nam', 'MinhHN1.gif', 0),
(9, 'Long1', 'Nam', '2021-12-01', 'khach4@gmail.com', '0', '082356465', 'Hà Nam', 'MinhHN1.gif', 0),
(10, 'admin', 'Nam', '2023-04-17', 'admin@gmail.com', 'admin', '0932930123', 'Ha Noi', 'MinhHN1.gif', 1),
(11, 'Chính', 'Nam', '2001-11-29', 'chinh9101@gmail.com', 'chinh', '03851232322', 'Hà Nội', 'MinhHN1.gif', 0);

-- --------------------------------------------------------

--
-- Table structure for table `sach`
--

CREATE TABLE `sach` (
  `s_id` int(100) UNSIGNED NOT NULL,
  `s_ten` varchar(500) COLLATE utf8mb4_unicode_ci DEFAULT NULL,
  `s_gia` int(255) DEFAULT NULL,
  `s_giamgia` int(100) DEFAULT NULL,
  `nxb` varchar(500) COLLATE utf8mb4_unicode_ci DEFAULT NULL,
  `namxuatban` int(100) DEFAULT NULL,
  `sotrang` int(255) DEFAULT NULL,
  `mota` varchar(5000) COLLATE utf8mb4_unicode_ci NOT NULL,
  `soluong` int(100) DEFAULT NULL,
  `luotmua` int(100) NOT NULL,
  `ngonngu` varchar(100) COLLATE utf8mb4_unicode_ci DEFAULT NULL,
  `tg_id` int(100) DEFAULT NULL,
  `tl_id` int(100) DEFAULT NULL,
  `anh` varchar(100) COLLATE utf8mb4_unicode_ci NOT NULL,
  `anh1` varchar(100) COLLATE utf8mb4_unicode_ci NOT NULL
) ENGINE=InnoDB DEFAULT CHARSET=utf8mb4 COLLATE=utf8mb4_unicode_ci;

--
-- Dumping data for table `sach`
--

INSERT INTO `sach` (`s_id`, `s_ten`, `s_gia`, `s_giamgia`, `nxb`, `namxuatban`, `sotrang`, `mota`, `soluong`, `luotmua`, `ngonngu`, `tg_id`, `tl_id`, `anh`, `anh1`) VALUES
(25, 'Bắt Trẻ Đồng  Xanh', 300000, 50, 'Doanh Chính', 2010, 2001, 'Holden Caulfield, 17 tuổi, đã từng bị đuổi học khỏi ba trường, và trường dự bị đại học Pencey Prep là ngôi trường thứ tư. Và rồi cậu lại trượt 4 trên 5 môn học và nhận được thông báo đuổi học. Câu chuyện kể về chuỗi ngày tiếp theo sau đó của Holden, với ánh nhìn cay độc, giễu cợt vào một cuộc đời tẻ nhạt, xấu xa, trụy lạc và vô phương hướng của một thanh niên trẻ.\n\nBắt trẻ đồng xanh đã từng trở thành chủ đề tranh luận hết sức sâu rộng tại Mỹ. Sau rất nhiều thị phi, tác phẩm đã được đưa vào giảng dạy tại chương trình trung học Mỹ. Và hơn thế, tạp chí Time đã xếp Bắt trẻ đồng xanh vào một trong 100 tác phẩm viết bằng tiếng Anh hay nhất từ năm 1923 đến nay.\n\nGiá sản phẩm trên Tiki đã bao gồm thuế theo luật hiện hành. Bên cạnh đó, tuỳ vào loại sản phẩm, hình thức và địa chỉ giao hàng mà có thể phát sinh thêm chi phí khác như phí vận chuyển, phụ phí hàng cồng kềnh, thuế nhập khẩu (đối với đơn hàng giao từ nước ngoài có giá trị trên 1 triệu đồng).....', 0, 145, 'Tiếng Việt', 5, 1, '1e6ca7a2fa28d83667a8e50144e43d0d.jpg (1).webp', ''),
(27, 'Đi Tìm Lẽ Sống ( Tái Bản )', 150000, 15, ' Long Nguyễn', 2008, 150, 'Đi tìm lẽ sống của Viktor Frankl là một trong những quyển sách kinh điển của thời đại. Thông thường, nếu một quyển sách chỉ có một đoạn văn, một ý tưởng có sức mạnh thay đổi cuộc sống của một người, thì chỉ riêng điều đó cũng đã đủ để chúng ta đọc đi đọc lại và dành cho nó một chỗ trên kệ sách của mình. Quyển sách này có nhiều đoạn văn như thế.\r\n\r\nTrước hết, đây là quyển sách viết về sự sinh tồn. Giống như nhiều người Do Thái sinh sống tại Đức và Đông Âu khi ấy, vốn nghĩ rằng mình sẽ được an toàn trong những năm 1930, Frankl đã trải qua khoảng thời gian chịu nhiều nghiệt ngã trong trại tập trung và trại hủy diệt của Đức quốc xã. Điều kỳ diệu là ông đã sống sót, cụm từ “thép đã tôi thế đấy” có thể lột tả chính xác trường hợp này. Nhưng trong Đi tìm lẽ sống, tác giả ít đề cập đến những khó nhọc, đau thương, mất mát mà ông đã trải qua, thay vào đó ông viết về những nguồn sức mạnh đã giúp ông tồn tại.\r\n\r\nÔng chua xót kể về những tù nhân đã đầu hàng cuộc sống, mất hết hy vọng ở tương lai và chắc hẳn là những người đầu tiên sẽ chết. Ít người chết vì thiếu thức ăn và thuốc men, mà phần lớn họ chết vì thiếu hy vọng, thiếu một lẽ sống. Ngược lại, Frankl đã nuôi giữ hy vọng để giữ cho mình sống sót bằng cách nghĩ về người vợ của mình và trông chờ ngày gặp lại nàng. Ông còn mơ ước sau chiến tranh sẽ được thuyết giảng về các bài học tâm lý ông đã học được từ trại tập trung Auschwitz. Rõ ràng có nhiều tù nhân khao khát được sống đã chết, một số chết vì bệnh, một số chết vì bị hỏa thiêu. Trong tập sách này, Frankl tập trung lý giải nguyên nhân vì sao có những người đã sống sót trong trại tập trung của phát xít Đức hơn là đưa ra lời giải thích cho câu hỏi vì sao phần lớn trong số họ đã không bao giờ trở về nữa.\r\n\r\nNhiệm vụ lớn lao nhất của mỗi người là tìm ra ý nghĩa trong cuộc sống của mình. Frankl đã nhìn thấy ba nguồn ý nghĩa cơ bản của đời người: thành tựu trong công việc, sự quan tâm chăm sóc đối với những người thân yêu và lòng can đảm khi đối mặt với những thời khắc gay go của cuộc sống. Đau khổ tự bản thân nó không có ý nghĩa gì cả, chính cách phản ứng của chúng ta mới khoác lên cho chúng ý nghĩa. Frankl đã viết rằng một người “có thể giữ vững lòng quả cảm, phẩm giá và sự bao dung, hoặc người ấy có thể quên mất phẩm giá của con người và tự đặt mình ngang hàng loài cầm thú trong cuộc đấu tranh khắc nghiệt để sinh tồn”. Ông thừa nhận rằng chỉ có một số ít tù nhân của Đức quốc xã là có thể giữ được những phẩm chất ấy, nhưng “chỉ cần một ví dụ như thế cũng đủ chứng minh rằng sức mạnh bên trong của con người có thể đưa người ấy vượt lên số phận nghiệt ngã của mình”.\r\n\r\nGiá sản phẩm trên Tiki đã bao gồm thuế theo luật hiện hành. Bên cạnh đó, tuỳ vào loại sản phẩm, hình thức và địa chỉ giao hàng mà có thể phát sinh thêm chi phí khác như phí vận chuyển, phụ phí hàng cồng kềnh, thuế nhập khẩu (đối với đơn hàng giao từ nước ngoài có giá trị trên 1 triệu đồng).....', 100, 432, 'Tiếng Việt', 3, 4, 'Đi Tìm Lẽ Sống ( Tái Bản )1.webp', ''),
(28, 'Sống Chậm Lại, Nghĩ Khác Đi, Yêu Thương Nhiều Hơn', 100000, 15, 'Long Nguyễn', 2008, 150, 'Giới thiệu chung\r\n\r\nKhông chỉ trong thơ ca, sách vở mà ngay cả những bộ phim điện ảnh và truyền hình giờ đây cũng đều tập trung khai thác hình ảnh cuộc sống của những thế hệ trẻ hiện đại. Ngoại hình, địa vị, vật chấ luôn là những đề tài được bàn tán sôi nổi về con người. Dường như, có ngoại hình, địa vị, điều kiện kinh tế hay không mới là tiêu chí đánh giá thành công của một người trong xã hội này. Thế nhưng, khó khăn lớn nhất đối với mỗi người không nằm ở những tiêu chí đó mà nằm ở việc quá trình trưởng thành của bản thân không theo kịp tốc độ phát triển của xã hội và tốc độ già đi của tuổi tác.\r\n\r\n“Sống chậm lại, nghĩ khác đi, yêu thương nhiều hơn” truyền tải tới những người trẻ trong xã hội hiện đại thông điệp về lối sống “chậm để trải nghiệm, chậm để tận hưởng và chậm để trưởng thành” để họ có thể tự tin, mạnh mẽ bước qua mọi khó khăn, sóng gió trên đường đời. Bởi, “Lựa chọn lối sống như thế nào không phải là vấn đề tiên quyết đối với một người, luôn hướng về phía trước với một tâm lý tích cực, kiên trì, tin tưởng bản thân mới là điều quan trọng nhất mà bất kỳ ai đều nên có.”\r\n\r\nGiá sản phẩm trên Tiki đã bao gồm thuế theo luật hiện hành. Bên cạnh đó, tuỳ vào loại sản phẩm, hình thức và địa chỉ giao hàng mà có thể phát sinh thêm chi phí khác như phí vận chuyển, phụ phí hàng cồng kềnh, thuế nhập khẩu (đối với đơn hàng giao từ nước ngoài có giá trị trên 1 triệu đồng).....', 10, 111, 'Tiếng Việt', 3, 1, 'Sống Chậm Lại, Nghĩ Khác Đi, Yêu Thương Nhiều Hơn.webp', ''),
(29, 'Ý Chí Sắt Đá - Bí Mật Thành Công Nằm Ở Chính Bên Trong Bạn', 230000, 40, 'Nam Cao', 2020, 300, 'Cuộc du học của Huyền Trang ( Đường Tam Tạng ) thích thú vô cùng. Tới đâu ông cũng gặp những di tích của đạo Phật, tha hồ mà đọc kinh điển, mà thảo luận với các pháp sư và thỉnh giáo các vị tu hành uyên bác.\r\n  \r\nÔng sống non mười năm ở Ấn, có dịp đi khắp nơi, được trông thấy bao nhiêu điều lạ, rồi bẩm sinh có óc nhận xét tinh tế, ghi cả lại trong du kí, thành một mớ tài liệu rất quí giá chẳng những giúp người Trung Hoa thời đó mà còn giúp những học giả thời nay hiểu Ấn Độ nữa. Chính René Grousset, tác giả cuốn Sur les traces de Bouddha cũng phải thán phục tài nhận xét của ông, coi ông vào hạng bác học danh tiếng nhất thời cổ.\r\n\r\nCuốn sách Ý Chí Sắt Đá này gồm có:\r\n\r\n Huyền Trang\r\n\r\nMarco Polo (1254 – 1323)\r\nMarco Polo (Tt):\r\nMagellan (1480-1521\r\nÔng Bà Lafayette (1757-1834) (1759-1807:\r\nÔng Bà Lafayette (Tt):\r\nThomas Edward Lawrence (1888-1935)\r\nGiá sản phẩm trên Tiki đã bao gồm thuế theo luật hiện hành. Bên cạnh đó, tuỳ vào loại sản phẩm, hình thức và địa chỉ giao hàng mà có thể phát sinh thêm chi phí khác như phí vận chuyển, phụ phí hàng cồng kềnh, thuế nhập khẩu (đối với đơn hàng giao từ nước ngoài có giá trị trên 1 triệu đồng).....', 20, 241, 'Tiếng Việt', 4, 2, 'Ý Chí Sắt Đá - Bí Mật Thành Công Nằm Ở Chính Bên Trong Bạn.webp', ''),
(30, 'Tâm Lý Học Đám Đông ( Tặng Bookmark Tuyệt Đẹp )', 150000, 40, 'Nam Cao', 2019, 300, 'Kể từ khi xuất bản lần đầu tại Việt Nam, cuốn sách này đã được tái bản lại rất nhiều lần.\r\n\r\nTác giả Gustave Le Bon (1841 - 1931) là nhà tâm lí học xã hội nổi tiếng người Pháp với lí thuyết về đám đông. Ông viết về nhiều lĩnh vực và có ảnh hưởng rất lớn trong xã hội Pháp đương thời. Những tác phẩm nền tảng nhất của Le Bon là Quy luật tâm lí về sự tiến hoá của các dân tộc (Les Lois psychologiques de l’évolution des peuples, 1894), Cách mạng Pháp và tâm lí học về các cuộc cách mạng (La Révolution française et la psychologie des révolutions, 1912) và Tâm lí học đám đông (La Psychologie des foules, 1895).\r\n\r\nTrong kiệt tác sáng rõ và sinh động này, Gustave Le Bon soi sáng những hoạt động vô thức – phi lý trí của các suy nghĩ tập thể cùng cảm xúc đám đông, qua đó đặt tư tưởng của đám đông đối nghịch với tư duy tự do và lý trí độc lập của cá nhân. Ông chỉ ra bằng cách nào hành vi của một cá nhân lại có tác động đến đám đông.\r\n\r\nCó rất nhiều sự thật được gợi mở nếu ta thấy hiểu về tâm lý đám đông, như Le Bon khẳng định : \"Kiến thức về ngành khoa học này soi rọi rất nhiều hiện tượng lịch sử và kinh tế, mà nếu thiếu thì những hiện tượng đó sẽ hoàn toàn không thể hiểu được.\"\r\n\r\nTheo Gustave Le Bon, trong cuốn Tâm lý học đám đông, những đám đông luôn bị vô thức tác động, họ xử sự như người nguyên thuỷ, người dã man, không có khả năng suy nghĩ, suy luận, mà chỉ cảm nhận bằng hình ảnh, bằng sự liên kết các ý tưởng, họ không kiên định, thất thường, và đi từ trạng thái nhiệt tình cuồng loạn nhất đến ngây dại ngớ ngẩn nhất. Vả lại, do thể trạng của mình, những đám đông ấy cần có một thủ lĩnh, một người cầm đầu, kẻ có thể dẫn dắt họ và cho bản năng của họ một ý nghĩa.\r\n\r\nCuốn sách là một trong những trước tác kinh điển của thế giới và cũng là tác phẩm quan trọng nhất trong sự nghiệp khoa học đồ sộ trải rộng trên nhiều lĩnh vực của Gustave Le Bon. Tác phẩm này vẫn luôn được quan tâm nghiên cứu, và đặc biệt, ngày càng tỏ rõ giá trị vượt thời gian. Có lẽ sẽ thật khó khăn cho chúng ta, vào thời đại đã biết quá nhiều về dư luận và đám đông, kiên nhẫn lần theo từng dòng lập luận vừa đơn giản vừa sâu sắc của Le Bon. Nhưng nếu có thể làm thế, chúng ta sẽ nhận được một món quà vô giá của một trí tuệ hàng đầu châu Âu thuở ấy và có thể là cả bây giờ.\r\nGiá sản phẩm trên Tiki đã bao gồm thuế theo luật hiện hành. Bên cạnh đó, tuỳ vào loại sản phẩm, hình thức và địa chỉ giao hàng mà có thể phát sinh thêm chi phí khác như phí vận chuyển, phụ phí hàng cồng kềnh, thuế nhập khẩu (đối với đơn hàng giao từ nước ngoài có giá trị trên 1 triệu đồng).....', 40, 425, 'Tiếng Việt', 4, 2, 'Tâm Lý Học Đám Đông ( Tặng Bookmark Tuyệt Đẹp )1.webp', 'Tâm Lý Học Đám Đông ( Tặng Bookmark Tuyệt Đẹp )2.webp'),
(32, 'Tâm Lý Học - Nghệ Thuật Giải Mã Hành Vi', 100000, 24, 'Long Nguyễn', 2020, 300, '“Với sự phát triển nhanh chóng như hiện nay, có những người vì theo đuổi lợi ích, thỏa mãn dục vọng của chính mình mà thường lừa gạt đấu đá lẫn nhau. Muốn có chỗ đứng trong xã hội này nếu không biết cách nhìn lòng người, tất nhiên sẽ bị lừa gạt hãm hại hoặc phản bội, bị người khác giẫm đạp xuống tầng thấp nhất.”\r\n\r\nTuy nhiên, lòng người lại thứ thay đổi khó đoán nhất. Hầu như ai cũng có thể nhìn thấy biểu cảm và hành động của người khác, nhưng rất ít người lại có thể nhìn thấu được tâm lý của họ. Nếu không có quả cầu của phù thủy Gypsy, vậy làm cách nào để chúng ta có thể nắm bắt và khai thác được suy nghĩ của đối phương, giúp bản thân chủ động và nắm bắt cơ hội trong quá trình giao tiếp?\r\n\r\nCuốn sách Tâm lý học – Nghệ thuật giải mã hành vi của tác giả Trần Lộ sẽ cung cấp cho chúng ta những lý luận uy tín và kỳ diệu của tâm lý học để có thể đọc suy nghĩ của người khác, cũng như phá tan phòng tuyến tâm lý con người. Trên thực tế, một số lượng lớn hành vi và cử chỉ của con người được thực hiện một cách vô thức. Do sự vô thức đó tiệm cận với nơi sâu kín nhất trong tâm trí, nên những hành động bản năng này sẽ thể hiện nội tâm con người một cách rõ ràng nhất. Vì vậy, thông qua hành vi, tính cách, ngôn ngữ cơ thể, sở thích… thậm chí là lời nói dối của đối phương để có thể khai thác “Ma pháp”- suy nghĩ thực sự trong lòng người khác.\r\n\r\nCuốn sách sử dụng ngôn ngữ thẳng thắn, hài hước, các ví dụ điển hình sinh động, cho độc giả thấy những hiện tượng tâm lý học có liên quan mật thiết với cuộc sống, đồng thời thông qua phân tích các kỹ xảo có thể giúp độc giả nắm bắt được ý nghĩa của các hành động, chạm tới tiềm thức, hiểu được những điều sâu kín nhất trong tâm trí đối phương, nắm chắc toàn cục trong mối giao tiếp giữa người với người.\r\n\r\nTrước đây, bạn không thể nhìn thấy lòng người, thậm chí cảm thấy mù mịt, thì giờ đây khi đứng trước những người có tính khí cổ quái hoặc trước tình trạng khó đối phó khác, bạn hoàn toàn có thể tìm được kỹ xảo tương ứng trong cuốn sách, thoải mái ứng phó. Từ đó, không những sẽ không rơi vào trò lừa gạt, ngược lại có thể như cá gặp nước, vạn sự như ý trong bất cứ mối quan hệ nào.\r\n\r\nGiá sản phẩm trên Tiki đã bao gồm thuế theo luật hiện hành. Bên cạnh đó, tuỳ vào loại sản phẩm, hình thức và địa chỉ giao hàng mà có thể phát sinh thêm chi phí khác như phí vận chuyển, phụ phí hàng cồng kềnh, thuế nhập khẩu (đối với đơn hàng giao từ nước ngoài có giá trị trên 1 triệu đồng).....', 40, 123, 'Tiếng Việt', 4, 11, 'Tâm Lý Học - Nghệ Thuật Giải Mã Hành Vi1.webp', 'Tâm Lý Học - Nghệ Thuật Giải Mã Hành Vi2.webp'),
(33, 'Mỗi Lần Vấp Ngã Là Một Lần Trưởng Thành', 210000, 38, 'Nam Cao', 2011, 200, 'Cuộc đời là quá trình không ngừng trưởng thành.\r\n\r\nTrong quá trình này, bạn sẽ khó tránh khỏi vấp ngã, sẽ trải qua nhiều lần đau thương, và sẽ có những lúc bạn cảm thấy vô cùng mỏi mệt, nhưng hãy tin rằng, chỉ có những người đã từng đau thương thì mới trở nên vững vàng hơn.\r\n\r\nMỗi chúng ta từ nhỏ đến lớn, dù ít dù nhiều đều đã từng trải qua những lúc cảm thấy đau khổ, đây chính là trở ngại mà chúng ta thường nói tới. Tôi tin rằng sẽ không một người nào dám khẳng định cuộc đời của họ chẳng bao giờ gặp trở ngại. Đó chính là cuộc sống.\r\n\r\nNhưng mong bạn suy nghĩ kĩ, mỗi khi bạn gặp phải khó khăn hoặc vấp ngã, ngoài việc cảm thấy đau khổ về mặt tinh thần, bạn còn học được điều gì? Tôi dám khẳng định rằng bạn đã có được kinh nghiệm, và khi đã lĩnh hội, bạn sẽ không vấp ngã lại nơi bạn đã từng ngã. Đây chính là sự trưởng thành.\r\n\r\nĐặc biệt, khi bạn rời xa vòng tay che chở, bao bọc của cha mẹ và nhà trường, bước chân vào xã hội, bạn sẽ gặp phải rất nhiều trở ngại và nhận ra xã hội này vốn không hề đơn giản như bạn tưởng tượng! Bạn cũng sẽ nhận ra khi bạn đau buồn hay gặp phải khó khăn, sẽ không có ai để ý đến sự tủi thân của bạn và cũng chẳng quan tâm đến sự bất lực của bạn. Thậm chí bạn cũng không muốn kể cho cha mẹ nghe vì sợ họ phải lo lắng cho mình, bạn chỉ có thể tự mình giải quyết, tự mình gánh chịu.\r\n\r\nGiá sản phẩm trên Tiki đã bao gồm thuế theo luật hiện hành. Bên cạnh đó, tuỳ vào loại sản phẩm, hình thức và địa chỉ giao hàng mà có thể phát sinh thêm chi phí khác như phí vận chuyển, phụ phí hàng cồng kềnh, thuế nhập khẩu (đối với đơn hàng giao từ nước ngoài có giá trị trên 1 triệu đồng).....', 12, 400, 'Tiếng Việt', 4, 2, 'Mỗi Lần Vấp Ngã Là Một Lần Trưởng Thành1.webp', 'Mỗi Lần Vấp Ngã Là Một Lần Trưởng Thành2.webp'),
(34, 'Những Bài Học Không Có Nơi Giảng Đường', 60000, 10, 'Nhi Đồng', 2011, 210, 'Không giống như những tác giả khác trong thể loại này, Jamson kể lại những trải nghiệm của mình trong bối cảnh của đất nước Singapore nhưng lại giúp người đọc khám phá cá tính của chính họ. Mười lăm năm trong môi trường sư phạm, tôi thường xuyên bắt gặp những sinh viên cảm thấy mất phương hướng sau khi tốt nghiệp, sau khi đã dồn hết mọi sự tập trung và nỗ lực để có được tấm bằng. Phần lớn nội dung cuốn sách này đi vào giải quyết vấn đề đó bằng cách giúp người đọc đặt ra và thực hiện được những mục tiêu của họ để có một tương lai thành công.\r\n\r\nĐừng hiểu nhầm: Cuốn sách này KHÔNG phải là một cuốn cẩm nang tự phát triển bản thân điển hình với những trích dẫn tạo động lực hay những câu chuyện từ-nghèo-khó-thành-giàu-có. Nó cũng không đưa ra một công thức duy nhất để thành công.\r\n\r\nThay vào đó, Jamson nói từ tận đáy lòng mình như một người Singapore bình thường đã phải đối mặt với những kỳ vọng trần tục và chia sẻ những kinh nghiệm mà anh học được thông qua những mẩu chuyện nhỏ. Qua những mẩu chuyện như vậy, người đọc sẽ thấy được cách phản ứng và suy nghĩ của tác  giả cũng như từng bước lấy lại quyền kiểm soát đối với cuộc sống của mình. Theo đúng phong cách sách hướng dẫn học tập của Singapore, mỗi chương của cuốn sách này sẽ kết thúc bằng một thông điệp cô đọng then chốt để việc đọc đạt hiệu quả.\r\n\r\nDù bạn vừa tốt nghiệp, sắp tốt nghiệp hay đang dự định vào đại học, tôi đặc biệt biệt giới thiệu cuốn sách này cho bạn như một cuốn cẩm nang quý giá cho cuộc đời ngoài sách vở.\r\n\r\nGiá sản phẩm trên Tiki đã bao gồm thuế theo luật hiện hành. Bên cạnh đó, tuỳ vào loại sản phẩm, hình thức và địa chỉ giao hàng mà có thể phát sinh thêm chi phí khác như phí vận chuyển, phụ phí hàng cồng kềnh, thuế nhập khẩu (đối với đơn hàng giao từ nước ngoài có giá trị trên 1 triệu đồng).....', 60, 721, 'Tiếng Việt', 5, 2, 'Những Bài Học Không Có Nơi Giảng Đường.webp', ''),
(35, 'Đừng Lựa Chọn An Nhàn Khi Còn Trẻ (Tái Bản)', 120000, 60, 'Nhi Đồng', 2020, 160, 'Trong độ xuân xanh phơi phới ngày ấy, bạn không dám mạo hiểm, không dám nỗ lực để kiếm học bổng, không chịu tìm tòi những thử thách trong công việc, không phấn đấu hướng đến ước mơ của mình. Bạn mơ mộng rằng làm việc xong sẽ vào làm ở một công ty nổi tiếng, làm một thời gian sẽ thăng quan tiến chức. Mơ mộng rằng khởi nghiệp xong sẽ lập tức nhận được tiền đầu tư, cầm được tiền đầu tư là sẽ niêm yết trên sàn chứng khoán. Mơ mộng rằng muốn gì sẽ có đó, không thiếu tiền cũng chẳng thiếu tình, an hưởng những năm tháng êm đềm trong cuộc đời mình. Nhưng vì sao bạn lại nghĩ rằng bạn chẳng cần bỏ ra chút công sức nào, cuộc sống sẽ dâng đến tận miệng những thứ bạn muốn? Bạn cần phải hiểu rằng: Hấp tấp muốn mau chóng thành công rất dễ khiến chúng ta đi vào mê lộ. Thanh xuân là khoảng thời gian đẹp đẽ nhất trong đời, cũng là những năm tháng then chốt có thể quyết định tương lai của một người. Nếu bạn lựa chọn an nhàn trong 10 năm, tương lai sẽ buộc bạn phải vất vả trong 50 năm để bù đắp lại. Nếu bạn bươn chải vất vả trong 10 năm, thứ mà bạn chắc chắn có được là 50 năm hạnh phúc. Điều quý giá nhất không phải là tiền mà là tiền bạc. Thế nên, bạn à, đừng lựa chọn an nhàn khi còn trẻ.\r\nGiá sản phẩm trên Tiki đã bao gồm thuế theo luật hiện hành. Bên cạnh đó, tuỳ vào loại sản phẩm, hình thức và địa chỉ giao hàng mà có thể phát sinh thêm chi phí khác như phí vận chuyển, phụ phí hàng cồng kềnh, thuế nhập khẩu (đối với đơn hàng giao từ nước ngoài có giá trị trên 1 triệu đồng).....', 100, 2312, 'Tiếng Việt', 3, 2, 'Đừng Lựa Chọn An Nhàn Khi Còn Trẻ (Tái Bản)1.webp', 'Đừng Lựa Chọn An Nhàn Khi Còn Trẻ (Tái Bản)2.webp'),
(36, 'Bạn Đắt Giá Bao Nhiêu?', 80000, 20, 'Long Nguyễn', 2019, 180, 'Câu trả lời này do chính bạn quyết định, chính bạn “định giá”.\r\n\r\nHơn bốn mươi câu chuyện trong sách xoay quanh các chủ đề tình yêu, hôn nhân, gia đình, sự nghiệp… đến từ chính cuộc sống của tác giả và những người xung quanh, vừa thực tế lại vừa gợi mở, dễ dàng giúp chúng ta liên hệ với tình huống của chính mình. Với những câu chuyện đó, Vãn Tình hi vọng có thể giúp các cô gái thoát khỏi tình cảnh khó khăn, tìm lại bản ngã, sống cuộc đời theo cách mà mình mong muốn.\r\n\r\nĐọc cuốn sách này, đôi khi bạn nên dừng lại và thành thực với bản thân, liệu bạn có đang là phiên-bản-mà-bạn-yêu-thích-nhất, phiên-bản-bạn-mong- muốn-trở-thành. Hãy thử trả lời các câu hỏi: Sự thỏa hiệp có làm bạn hạnh phúc hay không? Bạn có đang cố gắng lấy lòng tất cả mọi người? Bạn có dám thay đổi? Và quan trọng nhất: Bạn đắt giá bao nhiêu?\r\n\r\n “Khi chúng ta đủ xuất sắc và thông tuệ, chúng ta sẽ có được một trái tim thông thái và một đôi mắt trong trẻo, nhìn thấu thực tại và sự khắc nghiệt của thế gian, phân biệt được mọi thị phi sai đúng, nhưng vẫn sống tự tin và nhiệt tình. Hi vọng chúng ta đều sẽ trở thành một cô gái như vậy…”\r\n\r\n“Các cô gái thân mến, mong rằng sự trưởng thành của chúng ta không phải đến từ sự thương tổn.\r\n\r\nKhông cần trở thành một cô gái được tất-cả-mọi-người yêu quý, nhưng nhất định phải trở thành một cô gái mà chính-mình-yêu-thích.”\r\n\r\n“Trong chúng ta, có rất nhiều người cố gắng cả đời cũng không thể tìm thấy tình yêu chân thành, bởi vì chúng ta đã thỏa hiệp với cuộc sống trước khi tình yêu ấy xuất hiện.”\r\n\r\nGiá sản phẩm trên Tiki đã bao gồm thuế theo luật hiện hành. Bên cạnh đó, tuỳ vào loại sản phẩm, hình thức và địa chỉ giao hàng mà có thể phát sinh thêm chi phí khác như phí vận chuyển, phụ phí hàng cồng kềnh, thuế nhập khẩu (đối với đơn hàng giao từ nước ngoài có giá trị trên 1 triệu đồng).....', 16, 1300, 'Tiếng Việt', 2, 11, 'Bạn Đắt Giá Bao Nhiêu.webp', ''),
(37, 'Khí Chất Bao Nhiêu, Hạnh Phúc Bấy Nhiêu', 89000, 17, 'Nhi Đồng', 2020, 160, 'Có ai đó từng nói:\r\n\r\n“Hãy sống như một trái dứa: Đầu đội vương miện, dáng đứng hiên ngang – Bên ngoài gai góc, bên trong ngọt ngào.”\r\n\r\nCũng giống như trái dứa, khi một người phụ nữ đủ bản lĩnh để chống đỡ và vượt qua nghịch cảnh, đủ tĩnh tại để tận hưởng trọn vẹn niềm vui cuộc sống, thì đó chính là lúc họ đội lên đầu chiếc vương miện và trở thành nữ hoàng trong thế giới của chính mình.\r\n\r\nTiếp nối thành công từ Bạn đắt giá bao nhiêu? dành cho các cô gái trẻ mới bước chân vào cuộc sống, Khí chất bao nhiêu – Hạnh phúc bấy nhiêu của Vãn Tình đặc biệt hướng đến những phụ nữ mong muốn trưởng thành, khát khao tự do và tự chủ.\r\n\r\nCuốn sách mới nhất này của Vãn Tình đã đạp đổ các quan điểm như: Lấy chồng tốt để đổi đời, sức mạnh của phụ nữ là độc lập kinh tế, hoặc phụ nữ sợ ly hôn hơn đàn ông,...\r\n\r\nHơn 40 câu chuyện trong Khí chất bao nhiêu – Hạnh phúc bấy nhiêu sẽ đưa bạn phiêu lưu vào thế giới của những người phụ nữ trưởng thành: sự thật về tình yêu, hôn nhân, hạnh phúc, công việc – cuộc sống không phải chuỗi ngày mộng mơ, mà là những tháng ngày phụ nữ biết mình, sống có trách nhiệm với cuộc đời chính mình.\r\n\r\nCũng trong Khí chất bao nhiêu – Hạnh phúc bấy nhiêu, lần đầu tiên Vãn Tình chia sẻ về cuộc sống riêng tư của cô: chuyện gia đình, chuyện tình yêu, và đâu là điều khiến cô đạt được thành công như hiện tại.\r\n\r\nGiá sản phẩm trên Tiki đã bao gồm thuế theo luật hiện hành. Bên cạnh đó, tuỳ vào loại sản phẩm, hình thức và địa chỉ giao hàng mà có thể phát sinh thêm chi phí khác như phí vận chuyển, phụ phí hàng cồng kềnh, thuế nhập khẩu (đối với đơn hàng giao từ nước ngoài có giá trị trên 1 triệu đồng).....', 15, 650, 'Tiếng Việt', 2, 11, 'Khí Chất Bao Nhiêu, Hạnh Phúc Bấy Nhiêu1.webp', 'Khí Chất Bao Nhiêu, Hạnh Phúc Bấy Nhiêu2.webp'),
(38, 'Lấy Tình Thâm Mà Đổi Đầu Bạc', 190000, 24, 'Long Nguyễn', 2008, 180, 'Vãn Tình vốn được biết đến là tác giả bộ ba best-seller Bạn đắt giá bao nhiêu?, Khí chất bao nhiêu – Hạnh phúc bấy nhiêu và Không tự khinh bỉ – Không tự phí hoài từng tạo nên một làn sóng thay đổi tư duy của hàng triệu phụ nữ.\r\n\r\nSự trở lại lần này của Vãn Tình với Lấy tình thâm mà đổi đầu bạc hứa hẹn mang đến cho độc giả những câu chuyện tình yêu, cuộc sống, hôn nhân, gia đình đầy gần gũi và ấm áp, đặc biệt được giải nghĩa thêm từ góc nhìn trực diện và đầy lý trí của một người đàn ông, cũng chính là chồng của tác giả.\r\n\r\nCuốn sách như một liều thuốc giúp xoa dịu những tâm hồn đang đau khổ trong tình yêu, tiếp thêm niềm tin và hi vọng cho những người đang theo đuổi một hôn nhân hạnh phúc.\r\n\r\nVà quan trọng hơn cả, cổ vũ cho tất cả phụ nữ biết yêu và trân quý chính bản thân mình.\r\n\r\n“Năm tháng thanh xuân tôi luôn theo đuổi một tình yêu sống chết có nhau. Cứ mỗi lần thấy những cảnh sinh ly tử biệt trong phim tôi lại khóc nức nở. Còn bây giờ lại dễ xúc động bởi những khung cảnh giản dị nhưng đầy ấm áp, chỉ muốn được sống mãi trong hạnh phúc nhỏ bé của mình.\r\n\r\nMong rằng năm tháng ấm áp, cả đời bình yên.”\r\n\r\n- Lấy tình thâm mà đổi đầu bạc, Vãn Tình\r\n\r\nGiá sản phẩm trên Tiki đã bao gồm thuế theo luật hiện hành. Bên cạnh đó, tuỳ vào loại sản phẩm, hình thức và địa chỉ giao hàng mà có thể phát sinh thêm chi phí khác như phí vận chuyển, phụ phí hàng cồng kềnh, thuế nhập khẩu (đối với đơn hàng giao từ nước ngoài có giá trị trên 1 triệu đồng).....', 55, 321, 'Tiếng Việt', 2, 2, 'Lấy Tình Thâm Mà Đổi Đầu Bạc.webp', ''),
(39, 'Không Tự Khinh Bỉ Không Tự Phí Hoài', 60000, 10, 'Văn học', 2011, 190, 'Không tự khinh bỉ - Không tự phí hoài\r\nTiếp nối thành công từ “Bạn đắt giá bao nhiêu?” và “Khí chất bao nhiêu – Hạnh phúc bấy nhiêu”, cuốn sách tiếp theo “Không tự khinh bỉ - Không tự phí hoài” của Vãn Tình hứa hẹn đem đến cho các bạn độc giả cái nhìn trực diện về cuộc sống trưởng thành người phụ nữ trong xã hội hiện đại.\r\nLà cuốn sách bán chạy nhất của Vãn Tình, viết trong đoạn trưởng thành nhất của tác giả, 40 bài viết trong “Không tự khinh bỉ - Không tự phí hoài” là những trải nghiệm của chính Vãn Tình, bạn bè và những người thân quen, về công việc - con đường phát triển năng lực bản thân; về gia đình - tình yêu, vướng mắc trong hôn nhân, đối nhân xử thế với họ hàng, làng xóm; và cả về chính bản thân mỗi người phụ nữ - đời sống, quan điểm, cách ứng xử và đối mặt với vô vàn sóng gió trong cuộc đời.\r\nQuan điểm xuyên suốt những câu chuyện của Vãn Tình là:\r\n“Nếu một người phụ nữ đánh mất chính mình thì cô ấy sẽ mất đi tất cả.”\r\nNgay khi ra mắt, “Không tự Khinh bỉ - Không tự phí hoài” đã đạt được hàng triệu lượt xem trên mạng, bán được hàng trăm nghìn bản tới bạn đọc Trung Quốc, đồng thời tạo nên một làn sóng mạnh mẽ, góp phần thay đổi tư duy và quan điểm về các mối quan hệ, gia đình, công việc của hàng triệu phụ nữ.\r\n“Bạn thử nói xem, trên thế giới này, điều gì có thể huỷ hoại cuộc đời bạn được chứ?\r\nMột mối tình thất bại?\r\nMột gã trai lỡ lầm?\r\nHay tuổi tác ngày một nhiều thêm?\r\nThực ra không một điều gì hay không một ai có thể huỷ hoại bạn được, trừ khi chính bạn muốn huỷ hoại bản thân. Nếu trái tim bạn mạnh mẽ, chịu được muôn nẻo phong ba đường đời thì những ngăn trở và thử thách đó chỉ làm bạn mạnh mẽ hơn mà thôi. Nếu bạn có thể vượt qua những khó khăn mà người khác chưa từng vượt qua thì bạn sẽ có được cuộc sống mà người khác khó lòng với tới.\r\nRiêng về điều này, trời xanh luôn rất công bằng.”\r\n-- Không tự khinh bỉ không tự phí hoài, Vãn Tình\r\nGiá sản phẩm trên Tiki đã bao gồm thuế theo luật hiện hành. Bên cạnh đó, tuỳ vào loại sản phẩm, hình thức và địa chỉ giao hàng mà có thể phát sinh thêm chi phí khác như phí vận chuyển, phụ phí hàng cồng kềnh, thuế nhập khẩu (đối với đơn hàng giao từ nước ngoài có giá trị trên 1 triệu đồng).....\r\n\r\n', 200, 256, 'Tiếng Việt', 2, 2, 'Không Tự Khinh Bỉ Không Tự Phí Hoài.webp', ''),
(40, 'Đàn Bà Vô Giá - Phụ Nữ Thông Minh Nhân Tình Không Thiếu', 210000, 50, 'Văn học', 2020, 310, 'Phụ nữ chính là những nàng công chúa, luôn mong cầu hạnh phúc, sự che trở với một trái tim mong manh và dễ bị tổn thương dù có cố tỏ ra mạnh mẽ thế nào.\r\n\r\nKhó có thước đo nào để định giá phụ nữ là “vô giá hay vô giá trị”. Phụ nữ luôn cần hơn một lòng dũng cảm để phụ nữ có thể nhận ra được sự vô giá của bản thân, của những vấp ngã, sai lầm, những máu, nước mát và cả những lần vỡ tim tưởng chết vì những mối tình lầm lỡ.\r\n\r\nNhưng dù yếu đuối nhưng ẩn trong những cô nàng nhỏ bé ấy là một sức mạnh và nghị lực tiềm tàng. Một khi đã nhận ra giá trị của mình các nàng lại ngạo nghễ tô son, đi giày cao gót, hoặc chỉ cần mặt mộc chân trần tung tăng bước tiếp với đời.\r\n\r\nCuốn sách là những góc nhìn đa dạng và sâu sắc về những trăn trở của tình yêu, hôn nhân, cuộc sống. Là những lời khuyên gần gũi, không khô khan như những tâm sự xoa dịu những vết thương lòng của hội chị em.\r\n\r\nBên cạnh những lời tâm sự, những chỉ dẫn đơn giản nhưng sâu sắc, đó còn là những lời khuyên rất thiết thực như “Đừng “Yêu” ở nơi không xứng với giá trị của mình”, “Muốn yêu mình hơn cứ xem phim nóng” hay “Đừng mang bản thân ra tiệm cầm đồ”.\r\nBạn đọc có thể tìm thấy hình ảnh của chính mình qua một vài câu chuyện được kể đến trong “Đàn bà vô giá”. Từ đó có thể tìm thấy sự đồng cảm hay hướng đi cho bế tắc tình cảm của bản thân.\r\n', 60, 542, 'Tiếng Việt', 5, 2, 'Đàn Bà Vô Giá - Phụ Nữ Thông Minh Nhân Tình Không Thiếu1.webp', 'Đàn Bà Vô Giá - Phụ Nữ Thông Minh Nhân Tình Không Thiếu2.webp'),
(41, 'Sức Hấp Dẫn Của Người Phụ Nữ Tự Chủ', 230000, 40, 'Nhi Đồng', 2008, 240, '\r\nNày cô gái, bất luận cuộc đời mang đến cho ta bao nhiêu chông gai thử thách, xin đừng tự coi nhẹ chính mình, đừng buông bỏ bản thân và phụ thuộc vào người khác. Hãy luôn giữ vững niềm tin rằng, số phận của ta nằm trong chính ta, không nằm trong tay ông Trời.\r\n\r\nĐộc lập về cuộc sống, tư tưởng và kinh tế giúp chúng ta vĩnh viễn không mất đi quyền lựa chọn trong tay mình.\r\n\r\nKhông ai thay chúng ta chịu trách nhiệm về cuộc đời mình. Thế nên, dù đang hạnh phúc đi nữa, trên đường đời cũng không tránh khỏi những tháng ngày phải độc bước tiến lên.\r\n\r\nCàng độc lập càng cao quý – Hãy nhớ lấy, cô gái nhé!\r\nGiá sản phẩm trên Tiki đã bao gồm thuế theo luật hiện hành. Bên cạnh đó, tuỳ vào loại sản phẩm, hình thức và địa chỉ giao hàng mà có thể phát sinh thêm chi phí khác như phí vận chuyển, phụ phí hàng cồng kềnh, thuế nhập khẩu (đối với đơn hàng giao từ nước ngoài có giá trị trên 1 triệu đồng).....', 60, 150, 'Tiếng Việt', 2, 5, 'Sức Hấp Dẫn Của Người Phụ Nữ Tự Chủ.webp', ''),
(42, 'Cân Bằng Cảm Xúc, Cả Lúc Bão Giông', 99000, 10, 'Văn học', 2011, 190, 'Một ngày, chúng ta có khoảng 16 tiếng tiếp xúc với con người, công việc, các nguồn thông tin từ mạng xã hội, loa đài báo giấy… Việc này mang đến cho bạn vô vàn cảm xúc, cả tiêu cực lẫn tích cực.\r\nBạn có thể thấy vui khi nhìn một em bé đến trường nhưng 5 phút sau đã nổi cơn tam bành khi bị đứa trẻ con đi xe đạp đâm sầm vào lại còn ăn vạ.\r\nHoặc bạn rất dễ phát điên nếu như chỉ còn 5 giây nữa đèn giao thông chuyển từ đỏ sang xanh mà kẻ đi đằng sau bấm còi inh ỏi.\r\nHay là, bạn thấy buồn chỉ vì hôm nay trời mưa man mác, mà vẫn phải ngồi trong văn phòng làm việc, bạn bi quan rằng tuổi trẻ thật buồn tẻ.\r\nHãy thừa nhận đi! Ai trong số chúng ta cũng sẽ trải qua những điều này. Và cuốn sách này dạy bạn cách làm hòa với chính những tiêu cực bên trong mình…\r\nĐa số những cảm xúc tiêu cực chỉ thỏa mãn được chúng ta ở thời điểm hiện tại. Tức là chúng ta có thể sẽ nhận được sự thoải mái khi la hét, cáu giận, chửi thề một ai đó nhưng những âm thanh ta phát ra, suy nghĩ ta truyền đi sẽ đóng vai một con dao sắc lẹm đâm ngược lại vào chính thân thể mình. Các mối quan hệ, cuộc sống, công việc của chúng ta sẽ dần rơi vào sự mệt mỏi, bế tắc.\r\nHọc được cách cân bằng cảm xúc cũng chính là học được cách làm chủ cuộc đời mình thông minh, sáng suốt và đúng hướng.\r\n“Cân bằng cảm xúc, cả lúc bão giông” khác biệt hoàn toàn so với những cuốn sách về cảm xúc thông thường khác khi:\r\nChỉ cho người đọc những lý do khiến chúng ta luôn tiêu cực và bản chất của những điều này là gì?\r\nNhững điều khiến chúng ta thường xuyên nóng giận và không hạnh phúc bắt nguồn từ đâu?\r\nĐưa ra những bài tập cụ thể để cân bằng cảm xúc mỗi ngày như: Ngừng suy nghĩ trong một khoảng thời gian cố định, tưởng tượng một quá trình, tập sống với bản thân mỗi ngày…\r\nCân bằng phương trình của cuộc đời không dễ, cuốn sách này không chỉ là lý thuyết còn cho bạn những kĩ năng, phướng pháp tận tình nhất để giúp bạn làm chủ cảm xúc của mình.', 23, 165, 'Tiếng Việt', 2, 2, 'Cân Bằng Cảm Xúc, Cả Lúc Bão Giông.webp', ''),
(43, 'Càng Kỷ Luật, Càng Tự Do', 230000, 60, 'Nhi Đồng', 2008, 300, 'KỶ LUẬT vốn là ván cờ bạn phải tự đấu với chính mình. Thắng - bạn sẽ có được “bản năng của người mạnh mẽ nhất”, đó là sự tự kiểm soát bản thân. Thua - bạn mãi sống trong cảm giác tạm bợ, nuối tiếc. Càng dễ dàng dung túng cho những thói quen trì hoãn bao nhiêu, cuộc sống của bạn sẽ đi càng nhanh tới sự mất kiểm soát và thiếu quy hoạch bấy nhiêu.\r\n\r\nHãy kiên trì đặt ra yêu cầu cao với bản thân, từ chối sự mê hoặc của thói tùy tiện đồng thời thiết lập cho mình những thói quen tốt trong hành vi thường ngày. Sự nỗ lực sẽ luôn được đền đáp xứng đáng nếu bạn biết cách đầu tư công sức và thời gian. Bởi một ngày nào đó trong tương lai, những gì bạn làm sẽ phản chiếu đầy đủ trên chính con người và cuộc đời của bạn.\r\n\r\nCÀNG KỶ LUẬT, CÀNG TỰ DO - Mong rằng tại thời điểm kết thúc hành trình với cuốn sách, bạn đã là một phiên bản khác kỷ luật hơn, nhưng tự do hơn.\r\n\r\nMột vài trích dẫn:\r\n\r\n“Bạn cần phải biết rằng tình yêu là hoa thêu trên gấm. Có thì tốt, không có cũng chẳng sao, thực sự không đáng để bạn vì nó mà từ bỏ sự nghiệp, từ bỏ cơ hội thăng tiến thậm chí là từ bỏ cả cuộc đời vinh hoa sau này.”\r\n\r\n“Những người trưởng thành như chúng ta nên nhìn cuộc sống rộng hơn một chút, ghen có thể có, tức giận có thể có. Thế nhưng, có những cảm xúc chỉ nên lướt qua trong lòng, ngày hôm sau ngủ dậy hãy để nó rời đi cùng với đêm đen mới là cách lựa chọn tốt nhất.”\r\n\r\n“Mỗi người đều có kinh nghiệm sống không giống nhau, yêu cầu không giống nhau. Điều giống nhau là chúng ta đều nên tìm mọi cách trau dồi khả năng của bản thân để sống tốt cuộc đời này.”\r\n\r\nGiá sản phẩm trên Tiki đã bao gồm thuế theo luật hiện hành. Bên cạnh đó, tuỳ vào loại sản phẩm, hình thức và địa chỉ giao hàng mà có thể phát sinh thêm chi phí khác như phí vận chuyển, phụ phí hàng cồng kềnh, thuế nhập khẩu (đối với đơn hàng giao từ nước ngoài có giá trị trên 1 triệu đồng).....\r\n\r\n', 150, 240, 'Tiếng Việt', 2, 2, 'Càng Kỷ Luật, Càng Tự Do1.webp', 'Càng Kỷ Luật, Càng Tự Do2.webp'),
(44, 'Kẻ Khôn Đi Lối Khác - The Third Door (Tái bản 2021)', 300000, 34, 'Nhi Đồng', 2008, 260, 'FORBES #1 CAREER BOOK TO READ IN 2018\r\n\r\nCuộc hành trình ấn tượng của một cậu sinh viên năm nhất 18 tuổi, người can đảm bước ra ngoài cánh cửa ký túc xá để lần theo Bill Gates, Lady Gaga, Steven Spielberg cùng rất nhiều con người thành công khác để tìm hiểu con đường lập nghiệp đột phá của họ bắt đầu như thế nào.\r\n\r\nKẻ Khôn Đi Lối Khác đưa người đọc dấn thân vào một hành trình độc nhất vô nhị - từ tìm gặp Warren Buffet tại buổi gặp mặt của đối tác đến săn đuổi Larry King trong cửa hàng thực phẩm hay mò vào hộp đêm để gặp Lady Gaga. Chúng ta sẽ cùng Alex Banayan chuyển từ biểu tượng thành công này đến biểu tượng thành công khác, giải mã con đường sự nghiệp của họ.\r\n\r\nSau khi thành công phỏng vấn trực tiếp Bill Gates, Maya Angelou, Steve Wozniak, Jane Goodall, Larry King, Jessica Alba, Pitbull, Tim Ferriss, Quincy Jones cũng nhiều vĩ nhân khác, Alex phát hiện một điểm chung nổi bật giữa họ: Tất cả họ đều sử dụng Cánh cửa thứ ba.\r\n\r\nCánh cửa thứ ba là gì?\r\n\r\nCuộc sống, công việc, thành công… giống như một buổi biểu diễn. Chúng ta có Cánh cửa thứ nhất: cửa chính, nơi hàng dài người xếp hàng; 99% trong số đó chờ đợi và hy vọng người tiếp theo được vào là mình. Một thiểu số khác thì đi Cánh cửa thứ hai: cửa VIP, cánh cửa dành cho các tỷ phú, người nổi tiếng và những người sinh ra trong thế giới đó.\r\n\r\nNhưng không ai nói cho bạn biết rằng luôn có, luôn luôn có… Cánh cửa thứ ba. Đó là lối vào mà bạn phải tách ra khỏi đám đông, chạy vào ngõ hẻm, đập cửa hàng trăm lần, cạy mở cửa sổ hay lẻn qua nhà bếp.\r\n\r\nVà đó chính là con đường để Bill Gates, Steven Spielberg, Lady Gaga, Larry King, Tim F trở thành những con người thành công như bây giờ. Tất cả họ đều lựa chọn… Cánh cửa thứ ba.\r\n\r\n \r\n\r\nTRÍCH ĐOẠN\r\n\r\n(1)    “ […] hầu hết mọi người sống theo đường thẳng. Họ học đại học, đi thực tập, tốt nghiệp, xin việc, thăng chức, tiết kiệm tiền để đi du lịch hằng năm, làm việc cật lực để tiếp tục được thăng chức, và cứ như thế đến hết đời. Cuộc sống của họ chậm rãi trôi qua từng bước, rề rà và dễ đoán. Nhưng những người thành công không chấp nhận khuôn mẫu đó. Họ chọn nhảy cóc. Tay vì đi từng bước một, họ bỏ qua một số giai đoạn. Khi mọi người khác cho rằng bạn trước tiên cần thực hiện đúng ‘nghĩa vụ’ và tích luỹ nhiều năm kinh nghiệm, từ đó mới có thể đứng vững trên đôi chân của chính mình và đạt được điều mình thực sự mong muốn. Xã hội nhồi nhét chúng ta bằng lời nói dối rằng bạn cần phải làm x, y và z trước khi đạt tới ước mơ. Rặt mấy thứ rác rưởi. Người duy nhất mà cậu cần xin phép để sống cuộc sống trên mây là chính cậu. ”\r\n\r\n(2)    “Có lẽ phần khó khăn nhất khi lựa chọn mạo hiểm không phải là có hay không, mà là khi nào thì mạo hiểm. Bạn không bao giờ biết được bước tạo đà phát triển ở mức nào là đủ để bao biện cho việc bỏ học. Bạn không bao giờ bạn biết rõ đâu là thời điểm phù hợp để bỏ việc. Những quyết định lớn không bao giờ rõ ràng vào thời điểm bạn đưa ra quyết định – chúng chỉ rõ ràng khi bạn nhìn lại. Việc tốt nhất bạn có thể làm là đi từng bước thận trọng”\r\n\r\nGiá sản phẩm trên Tiki đã bao gồm thuế theo luật hiện hành. Bên cạnh đó, tuỳ vào loại sản phẩm, hình thức và địa chỉ giao hàng mà có thể phát sinh thêm chi phí khác như phí vận chuyển, phụ phí hàng cồng kềnh, thuế nhập khẩu (đối với đơn hàng giao từ nước ngoài có giá trị trên 1 triệu đồng).....\r\n\r\n', 264, 321, 'Tiếng Việt', 3, 3, 'Kẻ Khôn Đi Lối Khác - The Third Door (Tái bản 2021).webp', ''),
(45, 'Trí Tuệ Do Thái', 340000, 65, 'Văn học', 2021, 260, 'Trí tuệ Do Thái là một cuốn sách tư duy đầy tham vọng trong việc nâng cao khả năng tự học tập, ghi nhớ và phân tích - những điều đã khiến người Do Thái vượt trội lên, chiếm lĩnh những vị trí quan trọng trong ngành truyền thông, ngân hàng và những giải thưởng sáng tạo trên thế giới.\r\n\r\nTuy là một cuốn sách nhỏ nhưng Trí Tuệ Do Thái lại mang trong mình tri thức về một dân tộc có thể nhỏ về số lượng nhưng vĩ đại về trí tuệ và tài năng. Cuốn sách không chỉ lý giải lý do vì sao những người Do Thái trên thế giới lại thông minh và giàu có, mà còn đặc tả con đường thành công của một người Do Thái - Jerome cùng những triết lý được đúc kết đầy giá trị.\r\n\r\nTrí Tuệ Do Thái không dừng lại ở giới hạn của một cuốn sách triết lý hay kỹ năng. Thông qua Jerome, một kẻ lông bông thích la cà, tác giả đưa người đọc vào một chuyến khám phá về trí tuệ của người Do Thái, từ đó khơi ra những giới hạn để người đọc có thể tự khai phá trí tuệ bản thân với \"Năm nguyên tắc\" và \"Mười lăm gợi ý\". Đây sẽ là những bài học quý giá dành cho những ai muốn tồn tại và phát triển mạnh mẽ, không chỉ với con đường thành công của riêng mình.\r\n\r\nKhông được viết như một cuốn sách kỹ năng khô khan, Trí Tuệ Do Thái được dựng lên bằng một câu chuyện và rồi cũng khép lại với một cái kết mở, nơi những người Do Thái đang không ngừng đối mặt với cuộc sống và chinh phục nó.', 130, 820, 'Tiếng Việt', 2, 9, 'Trí Tuệ Do Thái.webp', ''),
(46, 'Lối Sống Tối Giản Của Người Nhật', 160000, 80, 'Nam Cao', 2021, 300, 'Lối sống tối giản là cách sống cắt giảm vật dụng xuống còn mức tối thiểu. Và cùng với cuộc sống ít đồ đạc, ta có thể để tâm nhiều hơn tới hạnh phúc, đó chính là chủ đề của cuốn sách này.\r\n\r\nChẳng có ai từ khi sinh ra đã có tài sản, đồ đạc gì trong tay. Vậy nên bất cứ ai khi mới chào đời đều là những người sống tối giản. Cứ mỗi lần bạn sở hữu trong tay những đồ dùng hơn mức cần thiết là một lần bạn lấy mất tự do của chính mình. Giá trị bản thân chúng ta không đo bằng những đồ dùng mà chúng ta sở hữu. Những đồ dùng này chỉ cho chúng ta một chút cảm giác hạnh phúc nhất thời mà thôi. Mang theo những đồ dùng hơn mức cần thiết sẽ lấy hết thời gian, năng lượng của bạn. Khi nhận ra được điều đó, tức là bạn đã bắt đầu trở thành một người sống tối giản.\r\n\r\nNhững người sống tối giản luôn cảm thấy vui vẻ, mới lạ mỗi ngày. Cái cảm giác này, tôi nghĩ bất cứ ai cũng có thể cảm nhận được, dù bạn có phải là một người sống tối giản hay không, bởi bất cứ ai.\r\n\r\nLối sống tối giản của người Nhật gồm có năm chương, trong đó, chương một, tác giả sẽ giới thiệu cho bạn lối sống tối giản là gì, đưa ra định nghĩa của anh về nó. Sau đó anh sẽ đưa ra lý do vì sao mình lại theo lối sống này sau nhiều năm sống trong căn phòng của bản thân.\r\n\r\nChương hai tác giả sẽ đề cập đến tại sao sau ngần ấy năm, đồ đạc trong nhà lại chất nhiều đến thế. Những đồ đạc được tích tụ lại do thói quen hay nhu cầu của con người này mang ý nghĩa gì?\r\n\r\nChương ba là những bí quyết để cắt giảm đồ đạc trong nhà. Tác giả sẽ đưa ra cho bạn những quy tắc cụ thể, những phương pháp để có thể giảm bớt đồ đạc trong nhà. Thêm vào đó cũng sẽ giới thiệu cho bạn danh sách bổ sung 15 điều cho những người muốn tối giản hơn nữa cùng với toa thuốc cho “căn bệnh muốn vứt bỏ”.\r\n\r\nChương bốn, những thay đổi của chính tác giả sau khi dọn hết đồ đạc trong nhà. Kèm theo đó, anh còn phân tích và khảo sát thêm về các kết quả nghiên cứu tâm lý học.\r\n\r\nCuối cùng chương năm, tiếp nối ý từ chương bốn, tác giả sẽ giải thích tại sao những thay đổi của bản thân lại dẫn đến “hạnh phúc”.\r\n\r\nĐể hiểu sâu hơn về lối sống tối giản, bạn nên đọc hết từ chương một đến chương bốn. Tuy nhiên, bạn cũng có thể đọc riêng từng chương. Thậm chí chỉ cần đọc chương ba cũng có thể giúp bạn cắt giảm được đồ đạc của mình.\r\n\r\nTrong cuốn sách này, “lối sống tối giản” được hiểu là: 1) giới hạn tối thiểu cần thiết cho bản thân và 2) vứt bỏ tất cả mọi thứ trừ những thứ quan trọng.\r\n\r\nVà những người sống theo lối sống đó gọi là người sống tối giản.\r\n\r\n \r\n\r\n\r\n\r\nMục lục:\r\n\r\nCấu trúc cuốn sách\r\n\r\nLời mở đầu\r\n\r\nChương 1: Tại sao lại có những người sống tối giản?\r\n\r\nChương 2: Tại sao đồ đạc lại chất nhiều đến vậy?\r\n\r\nChương 3: 55 quy tắc vứt bỏ\r\n\r\nChương 4: Vứt bớt đồ đạc, 12 điều thay đổi trong tôi\r\n\r\nChương 5: Không phải trở nên hạnh phúc mà là cảm nhận hạnh phúc\r\n\r\nLời kết – Lời cảm ơn chân thành\r\n\r\nDanh sách 55 quy tắc vứt bỏ\r\n\r\nGiá sản phẩm trên Tiki đã bao gồm thuế theo luật hiện hành. Bên cạnh đó, tuỳ vào loại sản phẩm, hình thức và địa chỉ giao hàng mà có thể phát sinh thêm chi phí khác như phí vận chuyển, phụ phí hàng cồng kềnh, thuế nhập khẩu (đối với đơn hàng giao từ nước ngoài có giá trị trên 1 triệu đồng).....\r\n\r\n', 78, 90, 'Tiếng Việt', 3, 2, 'Lối Sống Tối Giản Của Người Nhật1.webp', 'Lối Sống Tối Giản Của Người Nhật2.webp'),
(47, 'Ba Người Thầy Vĩ Đại (Tái Bản)', 320000, 16, 'Nhi Đồng', 2020, 160, '“Tôi đã nếm trải nhiều thất bại trong hành trình đi qua những tháng ngày của mình. Thế nhưng, mỗi chướng ngại cuối cùng đều lại chính là một bàn đạp đưa tôi gần hơn nữa tới chân lý trong tâm khảm và cuộc đời tốt đẹp nhất của mình.\r\n\r\nCho dù tôi có thu thập được bao nhiêu tài sản vật chất đi chăng nữa thì cái thằng người mà tôi nhìn thấy trong tấm gương phòng tắm mỗi buổi sáng vẫn y nguyên – tôi không hề hạnh phúc hơn và không hề cảm thấy tốt hơn tí nào. Suy ngẫm nhiều hơn về thực trạng cuộc sống của mình, tôi bắt đầu nhận thức được sự trống rỗng ngay trong tim mình. Tôi bắt đầu chú ý đến những tiếng thầm thì lặng lẽ của con tim, những điều chỉ dẫn tôi rời bỏ nghề nghiệp mình đã chọn và bắt đầu quá trình tìm kiếm tâm hồn một cách nghiêm túc. Tôi bắt đầu suy nghĩ về lý do tại sao tôi lại ở đây, trên hành tinh này, và nhiệm vụ cụ thể của tôi là gì. Tôi tự hỏi tại sao cuộc đời mình lại không có tác dụng và cần phải thực hiện những thay đổi sâu sắc nào để giúp mình đi đúng hướng. Tôi xem xét những niềm tin cốt lõi, những giả định, và những lăng kính mà mình nhìn ra thế giới, và tôi tự cam kết làm sạch những lăng kính không lành mạnh.”\r\n\r\n“Cuốn sách này là một tác phẩm hư cấu. Đây là câu chuyện về một người đàn ông có tên Jack Valentine mà đường đời có nhiều điểm giống với tôi. Có cảm nhận rất không đầy đủ với tư cách một con người, anh ấy lên kế hoạch tìm kiếm tri thức để sống một cuộc sống hạnh phúc hơn, khoẻ khoắn hơn và đẹp hơn.”\r\n\r\nNhững “Câu hỏi cuối cùng” là một điều kì lạ mà Jack nghe được từ người bệnh nhân già nằm cùng phòng với anh – ông Cal. Chỉ sau một buổi tối trò chuyện cùng ông, Jack đã nhận thấy những sự thay đổi đang diễn ra trong mình. Và từ đây, chuyến hành trình đến Rome, Hawaii và New York cùng những khám phá mới mẻ mà anh học được từ ba người thầy vĩ đại trong cuộc đời đã giúp anh trả lời được ba câu hỏi mà cha anh – Cal Valentine đã nói trước khi ông qua đời:\r\n\r\n- Ta đã SỐNG một cách KHÔN NGOAN chưa?\r\n\r\n- Ta đã YÊU THƯƠNG chưa?\r\n\r\n- Ta đã CỐNG HIẾN thật nhiều chưa?’\r\n\r\nCuốn sổ mà cha Mike - người thầy đầu tiên ở Rome đưa cho Jack đã đúc kết 10 điều mà anh đã học được trong suốt cuộc hành trình:\r\n\r\nCông việc chính của mọi con người là công việc nội tâm.\r\nHãy xem cuộc sống của mình như một trường học dạy cách trưởng thành.\r\nHãy thành thật với chính mình – cuộc sống tốt đẹp nhất là cuộc sống chân thật.\r\nHãy nhớ rằng chúng ta thu nhận những gì chúng ta phát ra.\r\nChúng ta nhìn nhận thế giới không như chính nó mà như chúng ta nghĩ.\r\nHãy sống bằng trái tim của ban – tri thức của nó không bao giờ nói dối.\r\nHãy đắm mình trong sự tò mò của cuộc đời bạn.\r\nHãy chăm lo cho chính bạn.\r\nHãy xây dựng những kết nối của con người.\r\nHãy để lại một di sản.\r\nGiá sản phẩm trên Tiki đã bao gồm thuế theo luật hiện hành. Bên cạnh đó, tuỳ vào loại sản phẩm, hình thức và địa chỉ giao hàng mà có thể phát sinh thêm chi phí khác như phí vận chuyển, phụ phí hàng cồng kềnh, thuế nhập khẩu (đối với đơn hàng giao từ nước ngoài có giá trị trên 1 triệu đồng).....\r\n\r\n', 15, 321, 'Tiếng Việt', 4, 1, 'Ba Người Thầy Vĩ Đại (Tái Bản).webp', ''),
(48, 'How Psychology Works - Hiểu Hết Về Tâm Lý Học', 250000, 26, 'Long Nguyễn', 2019, 240, 'MỘT TRONG NHỮNG CUỐN SÁCH MỞ KHÓA HỮU ÍCH NHẤT VỀ TƯ DUY, KÝ ỨC VÀ CẢM XÚC CỦA CON NGƯỜI!\r\n\r\nÁm sợ là gì, ám sợ có thực sự đáng sợ không? Rối loạn tâm lý là gì, làm thế nào để thoát khỏi tình trạng suy nhược và xáo trộn đó? Trầm cảm là gì, vì sao con người hiện đại thường xuyên gặp và chống chọi với tình trạng u uất, mệt mỏi và tuyệt vọng này?\r\n\r\nTìm hiểu về các vấn đề tâm trí của con người luôn đầy sức hấp dẫn và lôi cuốn, vì vậy mà tâm lý học ra đời, hình thành và phát triển rất nhiều các học thuyết và trường phái. Cuốn sách này dẫn dắt bạn đọc qua hành trình tìm hiểu các học thuyết và trường phái đó, về cách các nhà tâm lý diễn giải hành xử và tâm trí con người. Tại sao chúng ta có những hành vi, suy nghĩ và cảm xúc như vậy, chúng diễn ra và kết thúc như thế nào, chúng ảnh hưởng lâu dài, gián đoạn hay ngắn ngủỉ đến đời sống của chúng ta ra sao, làm thế nào để chúng ta thoát khỏi những tác động tiêu cực của chúng?\r\n\r\nCuốn sách có cấu trúc khoa học, trình bày dễ hiểu, súc tích, thiết kế và minh họa đẹp mắt này sẽ mang đến cho bạn những hiểu biết về các học thuyết tâm lý và các phương pháp trị liệu, từ các vấn đề cá nhân đến những ứng dụng thực tế.', 100, 12, 'Tiếng Việt', 5, 11, 'How Psychology Works - Hiểu Hết Về Tâm Lý Học.webp', ''),
(49, 'Rèn Luyện Tư Duy Phản Biện', 100000, 34, 'Long Nguyễn', 2019, 210, 'Như bạn có thể thấy, chìa khóa để trở thành một người có tư duy phản biện tốt chính là sự tự nhận thức. Bạn cần phải đánh giá trung thực những điều trước đây bạn nghĩ là đúng, cũng như quá trình suy nghĩ đã dẫn bạn tới những kết luận đó. Nếu bạn không có những lý lẽ hợp lý, hoặc nếu suy nghĩ của bạn bị ảnh hưởng bởi những kinh nghiệm và cảm xúc, thì lúc đó hãy cân nhắc sử dụng tư duy phản biện! Bạn cần phải nhận ra được rằng con người, kể từ khi sinh ra, rất giỏi việc đưa ra những lý do lý giải cho những suy nghĩ khiếm khuyết của mình. Nếu bạn đang có những kết luận sai lệch này thì có một sự thật là những đức tin của bạn thường mâu thuẫn với nhau và đó thường là kết quả của thiên kiến xác nhận, nhưng nếu bạn biết điều này, thì bạn đã tiến gần hơn tới sự thật rồi!\r\n\r\nNhững người tư duy phản biện cũng biết rằng họ cần thu thập những ý tưởng và đức tin của mọi người. Tư duy phản biện không thể tự nhiên mà có.\r\n\r\nNhững người khác có thể đưa ra những góc nhìn khác mà bạn có thể chưa bao giờ nghĩ tới, và họ có thể chỉ ra những lỗ hổng trong logic của bạn mà bạn đã hoàn toàn bỏ qua. Bạn không cần phải hoàn toàn đồng ý với ý kiến của những người khác, bởi vì điều này cũng có thể dẫn tới những vấn đề liên quan đến thiên kiến, nhưng một cuộc thảo luận phản biện là một bài tập tư duy cực kỳ hiệu quả.\r\n\r\nViệc lắng nghe những ý kiến của người khác cũng có thể giúp bạn nhận ra rằng phạm vi tri thức của bạn không phải là vô hạn. Không ai có thể biết hết tất cả mọi thứ. Nhưng với việc chia sẻ và đánh giá phê bình kiến thức, chúng ta có thể mở rộng tâm trí. Nếu điều này khiến bạn cảm thấy không thoải mái, không sao cả. Trên thực tế, bước ra ngoài vùng an toàn là một điều quan trọng để mở rộng niềm tin và suy nghĩ của bạn. Tư duy phản biện không phải là chỉ biết vài thứ, và chắc chắn không phải việc xác\r\nnhận những điều bạn đã biết. Thay vào đó, nó xoay quanh việc tìm kiếm sự thật – và biến chúng trở thành thứ bạn biết.\r\n\r\n\r\n\r\nGiá sản phẩm trên Tiki đã bao gồm thuế theo luật hiện hành. Bên cạnh đó, tuỳ vào loại sản phẩm, hình thức và địa chỉ giao hàng mà có thể phát sinh thêm chi phí khác như phí vận chuyển, phụ phí hàng cồng kềnh, thuế nhập khẩu (đối với đơn hàng giao từ nước ngoài có giá trị trên 1 triệu đồng).....\r\n\r\n', 34, 65, 'Tiếng Việt', 3, 2, 'Rèn Luyện Tư Duy Phản Biện1.webp', 'Rèn Luyện Tư Duy Phản Biện2.webp');
INSERT INTO `sach` (`s_id`, `s_ten`, `s_gia`, `s_giamgia`, `nxb`, `namxuatban`, `sotrang`, `mota`, `soluong`, `luotmua`, `ngonngu`, `tg_id`, `tl_id`, `anh`, `anh1`) VALUES
(50, 'Nghệ Thuật Tập Trung', 345000, 34, 'Nam Cao', 2020, 234, 'NGHỆ THUẬT TẬP TRUNG – BÍ QUYẾT NÂNG CAO NĂNG SUẤT, TỐI ƯU THỜI GIAN, HIỆU QUẢ BẤT NGỜ\r\n\r\nNgày còn đi học, bạn quyết tâm học bài xong mới nghỉ ngơi xem tivi, nhưng chỉ cần nhạc hiệu chương trình yêu thích vang lên ngoài phòng khách, bạn đã vội phân tâm, không còn muốn làm bài nữa. Đến lúc đi làm, bạn chỉ tập trung làm việc được 30 phút, sau đó phải lướt web, mua sắm online, đọc báo lá cải xong mới có thể quay lại làm việc tiếp.\r\n\r\nNguyên nhân chỉ có một: mất – tập – trung.\r\n\r\n“Nghệ thuật tập trung: nâng cao năng suất, tối ưu thời gian, hiệu quả bất ngờ” giới thiệu tới bạn những phương pháp khoa học giúp tăng cường khả năng tập trung, dựa trên kinh nghiệm thực tế của nhà tâm thần học nổi tiếng xứ sở mặt trời mọc Daigo.\r\n\r\n“Nghệ thuật tập trung: nâng cao năng suất, tối ưu thời gian, hiệu quả bất ngờ” dạy bạn cách tập trung vào một hành động và dần biến nó thành thói quen vững chắc. Sau đó, bạn sẽ có được sự tập trung tối thượng, năng suất làm việc cũng cao hơn nhiều người bình thường. Năng lực tập trung bạn sẽ trở thành vũ khí cả đời cho phép bạn kiểm soát toàn bộ cuộc sống của mình như mong muốn.\r\n\r\n“Thành công không phải phép màu nhiệm hay trò lừa gạt, nó chỉ đơn giản là học cách tập trung” (Jack Canfield). Tập trung không phải tài năng thiên bẩm mà có thể được tăng cường thông qua quá trình rèn luyện, thực hành. Nếu bạn đang muốn năng cao năng suất, hiệu quả làm việc mà chưa biết bắt đầu từ đâu, hãy tìm đọc cuốn sách này!', 54, 547, 'Tiếng Việt', 4, 2, 'Nghệ Thuật Tập Trung.webp', ''),
(51, 'Từ IQ Đến EQ - Nắm Bắt Thành Công Qua Trí Tuệ Cảm Xúc', 260000, 45, 'Nhi Đồng', 2008, 234, 'Nhà đạo đức học Aristore từng nhận định: “Bất cứ ai cũng có thể trở nên giận dữ – đó là điều rất dễ xảy ra. Tuy nhiên, để giận đúng người, với mức độ thích hợp, đúng thời điểm, vì những lý do chính đáng và biểu lộ sự tức giận đúng cách – lại là điều không dễ.”\r\n\r\nMột số người nghĩ rằng cảm xúc chỉ đóng vai trò giúp con người thể hiện sự “hỷ, nộ, ái, ố”. Tuy nhiên, trên thực tế, các cảm xúc xuất hiện ở mọi nơi: chúng định hình các quyết định của ta, giúp ta cảm nhận thế giới, và đóng vai trò quan trọng trong bất cứ tương tác nào của ta với mọi người. Có một điều chúng ta không thể phủ nhận đó là có IQ cao thôi là chưa đủ, ở thời điểm hiện tại khi đất nước ngày càng phát triển nhiều hơn, một người thành công phải sở hữu được cả hai thứ: IQ và EQ.\r\n\r\n“Từ IQ đến EQ” là cuốn sách sẽ giúp bạn nhận biết và bồi dưỡng trí tuệ cảm xúc của bản thân, định hình và phát triển bản thân, mở rộng mối quan hệ xã giao, cách phá vỡ những cục diện bế tắc, khai thác và vận dụng mối quan hệ xã giao và những kỹ năng để nâng cấp mối quan hệ này một cách tốt đẹp hơn.\r\n\r\nVậy cuốn sách này phù hợp với ai:\r\n\r\nBất cứ ai đang gặp khó khăn trong việc tạo dựng các mối quan hệ cá nhân\r\nBất cứ ai đang muốn cân bằng lại cảm xúc của mình.\r\nBất cứ ai cố gắng phát triển tối đa năng lực bản thân.\r\nChiến thắng bản thân mình của ngày hôm qua, để thực hiện mục tiêu, ngoài việc dựa vào nỗ lực của bản thân, bạn còn phải bồi dưỡng nâng cao khiến cho những “lá cổ phiếu cảm xúc” biến thành trí tuệ cảm xúc có giá trị sử dụng thật sự.\r\n\r\nHy vọng sau khi đọc cuốn sách này, các bạn sẽ biết được cách kiểm soát và điều chế cảm xúc của mình một cách phù hợp nhất.', 45, 90, 'Tiếng Việt', 2, 2, 'Từ IQ Đến EQ - Nắm Bắt Thành Công Qua Trí Tuệ Cảm Xúc1.webp', 'Từ IQ Đến EQ - Nắm Bắt Thành Công Qua Trí Tuệ Cảm Xúc2.webp'),
(52, 'Tư duy sâu', 70000, 50, 'Long Nguyễn', 2020, 260, '\r\nFrancis Bacon đã từng phải thốt lên một câu kinh điển thế này: “Tri thức chính là lực lượng”\r\n\r\nTrong quá trình phát triển của xã hội loài người, nhân tố quyết định sự mạnh yếu của một cá thể luôn luôn thay đổi.\r\n\r\nĐiểm chung lớn nhất của giới tinh hoa không phải là tài năng xuất chúng, mà là tư duy sâu. Bạn có thể lập được kế hoạch chiến lược như thế nào? Bạn có khả năng tư duy để giải quyết các vấn đề trong cuộc sống hay không? Hay bạn có thể đưa ra được những điều ấy đều cần đến một thứ vũ khí tốt nhất cho não bộ đấy là phương pháp tư duy sâu.\r\n\r\nTư duy sâu sẽ giúp bạn có được chuỗi tư duy logic; đột phá giới hạn của bản thân, có cái nhìn linh hoạt khi đối diện với một vấn đề nào đó; xử lý lượng thông tin tương đối lớn khi phải tiếp nhận những thông tin hỗn loạn; đứng trên góc độ vĩ mô để phân tích vấn đề, nhận biết những đặc điểm sinh thái, những xu hướng dài hạn của sự vật,\r\n\r\n“Tư Duy Sâu\" là một cuốn sách sẽ dẫn các bạn đi từ những bước cơ bản đến phức tạp, tìm hiểu sâu vào khả năng của bản thân và của não bộ thông qua các phương pháp và mô hình nguyên lý chuyên sâu đến từ kinh nghiệm và kiến thức của chuyên gia về các phương pháp tư duy - Diệp Tu.\r\n\r\nHy vọng bạn sẽ tìm hiểu rõ được hướng đi cho bản thân sau khi đọc xong cuốn sách này!\r\n', 54, 667, 'Tiếng Việt', 1, 10, 'Tư Duy Sâu.webp', 'Tư Duy Sâu2.webp'),
(53, 'Tâm Lý Học Hành Vi', 79000, 65, 'Nhi Đồng', 2021, 260, 'Tâm Lý Học Hành Vi\r\n\r\nCuốn sách giúp bạn thấu hiểu bản thân mình và tâm lý những người xung quanh!\r\n\r\nĐược chấp bút bởi bậc thầy tâm lý hàng đầu Trung Quốc Khương Nguy.\r\n\r\nTâm lý học theo chủ nghĩa hành vi phát triển đến đỉnh cao vào những năm 1920 của thế kỷ XX tại Mỹ, giữ vị trí chủ đạo trong lĩnh vực tâm lý học trong suốt ba mươi năm sau đó tại đất nước này.\r\n\r\nKhông chỉ là một bộ môn khoa học trong phòng thực nghiệm, mà quan trọng hơn, những lý luận của tâm lý học hành vi giúp con người tự nhìn nhận bản thân, tự điều chỉnh tâm lý, đồng thời thông qua hành vi để nắm bắt và thấu hiểu tâm lý, đồng thời thông qua hành vi để nắm bắt và thấu hiểu tâm lý của những người xung quanh.\r\n\r\nHành vi chính là tấm gương phản chiếu tâm lý của con người, qua đó, chúng ta tự soi chiếu bản thân, học cách chung sống hòa thuận với chính mình, bên cạnh đó cũng có thể hiểu rõ người khác và thiết lập mối quan hệ tốt đẹp trong xã hội.\r\n\r\nKhi mỗi người trong chúng ta đều học được cách trực tiếp đối diện với bản chất thật sự trong tâm hồn, vậy việc trở thành người thầy cho chính mình cũng không còn là mơ ước xa vời nữa.', 60, 320, 'Tiếng Việt', 2, 11, 'Tâm Lý Học Hành Vi1.webp', ''),
(54, 'Tâm Lý Học Biểu Cảm', 340000, 34, 'Nam Cao', 2011, 360, 'Cuốn sách dạy bạn cách nhìn thấu người khác một cách rõ ràng nhất và chân thực nhất\r\n\r\nTừ gương mặt đến bước chân, từ ngôn ngữ đến cơ thể, từ biểu cảm bên ngoài đến nội tâm bên trong.\r\n\r\nGiúp bạn nắm bắt tính cách đối phương, thấu hiểu trái tim con người.\r\n\r\nNhắc đến biểu cảm siêu nhỏ, đa số chúng ta đều cho rằng đó chỉ là những biểu hiện cảm xúc từ ngũ quan trên khuôn mặt. Tuy nhiên, phạm vi của biểu cảm siêu nhỏ không chỉ gói gọn trên khuôn mặt một người, mà còn bao gồm những biểu cảm trên cơ thể, trong ngôn ngữ và hành vi của người đó.\r\n\r\nVí dụ, một người vừa nói chuyện vừa dùng tay xoa mũi, lúc này rất có khả năng họ đang nói dối; hay trong một cuộc trò chuyện đối phương không ngừng rung chân, điều này cho thấy cảm xúc của họ đang thay đổi hoặc lời nói của bạn vừa tác động đến họ theo một cách nào đó.\r\n\r\nCuốn sách này giới thiệu tới bạn đọc các kiến thức về biểu cảm khuôn mặt, biểu cảm cơ thể, biểu cảm ngôn ngữ và biểu cảm hành vi, nhằm mục đích giúp bạn đọc dễ dàng nhìn thấu nội tâm cũng như tính cách của người khác.', 34, 116, 'Tiếng Việt', 2, 11, 'Tâm Lý Học Biểu Cảm.webp', ''),
(55, 'Kỷ Luật Tự Giác (Tặng Kèm Bookmark )', 350000, 60, 'Long Nguyễn', 2020, 340, '\r\nTheo bạn thì, thế nào là tự do?\r\n\r\nLà có thể nằm ườn trên ghế sô pha xem phim, ôm điện thoại lướt mạng cả ngày?\r\n\r\nHay là được ăn thoải mái các thể loại đồ ăn nhanh, trà sữa… bất chấp ảnh hưởng của chúng tới sức khỏe?\r\n\r\nTrời mưa thì tự cho phép bản thân nghỉ làm, thích đồ gì thì mua luôn đồ nấy, dù cho chưa đến cuối tháng đã hết sạch tiền?\r\n\r\nNhững điều trên trông thì có vẻ thoải mái thật đấy, nhưng dần dần bạn sẽ nhận ra cuộc sống của mình ngày càng mơ hồ, sợ sệt, bởi bạn không có SỰ LỰA CHỌN. Lãng phí thời gian, tiền bạc vô ích chỉ càng tạo nên sự chậm chạp trong tư duy, bệnh tật cho cơ thể và sự cằn cỗi trong tâm hồn mà thôi.\r\n\r\nKÝ LUẬT TỰ GIÁC, cuốn sách đã thành công chỉnh đốn lối sống của hàng triệu người trẻ Trung Quốc, sẽ giúp bạn hiểu: “Tự do” thực sự không phải là tùy theo ý thích, mà là tự mình làm chủ.\r\n\r\nCàng tự giác thì càng có nhiều quyền lựa chọn. Một ngày, hai ngày, hay thậm chí vài tháng chưa thấy gì, nhưng một năm, hai năm, 10 năm, 20 năm sau những người tự giác và những người không tự giác sẽ bước trên những con đường hoàn toàn khác nhau. Bởi vì người càng tự giác càng hiểu mình thực sự muốn gì, nên mới không cần lãng phí thời gian và sức lực vào những chuyện vô nghĩa.\r\n\r\nTheodore Roosevelt cũng từng nói: \"Có một kiểu phẩm chất có thể giúp chúng ta lột xác tỏa sáng trong cuộc đời bình thường. Phẩm chất đó không phải là tư chất trời cho, không phải nhờ giáo dục, cũng không phải IQ, mà là SỰ TỰ GIÁC\". 99% thành công trên thế giới này đều không phải là ngẫu nhiên. Phía sau hào quang luôn là sự kiên trì tự giác không ngừng nghỉ.\r\n\r\nKỶ LUẬT TỰ GIÁC là trao cho mình quyền đặt ra quy tắc trò chơi, còn lười biếng là trao quyền đặt quy tắc cho người khác. Bạn chọn cái nào?\r\n\r\n\r\nGiá sản phẩm trên Tiki đã bao gồm thuế theo luật hiện hành. Bên cạnh đó, tuỳ vào loại sản phẩm, hình thức và địa chỉ giao hàng mà có thể phát sinh thêm chi phí khác như phí vận chuyển, phụ phí hàng cồng kềnh, thuế nhập khẩu (đối với đơn hàng giao từ nước ngoài có giá trị trên 1 triệu đồng).....\r\n\r\n', 35, 855, 'Tiếng Việt', 3, 2, 'Kỷ Luật Tự Giác (Tặng Kèm Bookmark ).webp', ''),
(56, 'Sách Đen - Bộ Công Cụ Của Phụ Nữ Thành Đạt', 150000, 10, 'Nam Cao', 2011, 160, 'Bạn là một phụ nữ thuộc tuýp workaholic? Bạn là người mới bắt đầu đi làm và đã có trải nghiệm, nhưng vẫn có các thắc mắc chưa thể giải quyết? Đây chính là cuốn sách dành cho bạn.\r\n\r\n”Sách Đen” là tuyển chọn những lời khuyên cho sự nghiệp được đúc kết từ những hiểu biết và trải nghiệm đầy khôn ngoan và sâu sắc của tác giả Otegha Uwagba (người sáng lập Women-Who, một cộng đồng được tạo ra để kết nối và giúp đỡ những người phụ nữ làm việc sáng tạo) cùng rất nhiều người người phụ nữ thành công khác.\r\n\r\nTừ những điều nhỏ nhặt như viết email sao cho tinh tế hay sử dụng Instagram sao cho có lợi; đến những vấn đề nan giải mang tính quyết định, như làm thế nào để xây dựng một thương hiệu cá nhân có thể mở ra nhiều cơ hội, hay việc liệu có nên làm việc tự do hay không…\r\nTất cả, sẽ được đúc kết một cách hệ thống, có định hướng, đồng thời vô cùng cảm hứng qua cuốn sách – được xem như bộ công cụ của phụ nữ thành đạt này.\r\n“Hãy luôn là phiên bản tốt nhất của bản thân chứ đừng bao giờ là phiên bản thứ hai của một ai khác.”', 24, 926, 'Tiếng Việt', 2, 2, 'Sách Đen - Bộ Công Cụ Của Phụ Nữ Thành Đạt.webp', ''),
(57, 'Nóng Giận Là Bản Năng , Tĩnh Lặng Là Bản Lĩnh', 100000, 50, 'Long Nguyễn', 2020, 340, 'Sai lầm lớn nhất của chúng ta là đem những tật xấu, những cảm xúc tiêu cực trút bỏ lên những người xung quanh, càng là người thân càng dễ gây thương tổn.\r\n\r\nCái gì cũng nói toạc ra, cái gì cũng bộc lộ hết không phải là thẳng tính, mà là thiếu bản lĩnh. Suy cho cùng, tất cả những cảm xúc tiêu cực của con người đều là sự phẫn nộ dành cho bất lực của bản thân. Nếu bạn đúng, bạn không cần phải nổi giận. Nếu bạn sai, bạn không có tư cách nổi giận.\r\n\r\nĐem một nắm muối bỏ vào cốc nước, cốc nước trở nên mặn chát. Đem một nắm muối bỏ vào hồ nước, hồ nước vẫn ngọt lành. Lòng người cũng vậy, càng nông cạn càng dễ biến chất, càng sâu sắc càng khó lung lay. Ý nghĩa của đời người không ngoài việc tu tâm dưỡng tính, để mở lòng ra bao la như biển hồ, trước những nắm muối thị phi của cuộc đời vẫn thản nhiên không xao động.\r\n\r\n“Nóng giận là bản năng, tĩnh lặng là bản lĩnh” là từ bỏ “tam độc”, tu dưỡng một trái tim trong sáng:\r\n\r\nTừ bỏ “tham” – bớt một phần ham muốn, thêm một phần tự do.\r\nTừ bỏ “sân” – bớt một phần tranh chấp, thêm một phần ung dung.\r\nTừ bỏ “si” – bớt một phần mê muội, thêm một phần tĩnh tâm.\r\nCuốn sách là tập hợp những bài học, lời tâm sự về nhân sinh, luận về cuộc đời của đại sư Hoằng Nhất – vị tài tử buông mọi trần tục để quy y cửa Phật, người được mệnh danh tinh thông kim cổ và cũng có tầm ảnh hưởng lớn trong Phật giáo.\r\n\r\nTrưởng thành, hãy để lòng rộng mở, tiến gần đến chữ “Người”, học được cách bao dung, học được cách khống chế cảm xúc. Đừng để những xúc động nhất thời như ngọn lửa, tưởng thiêu rụi được kẻ thù mà thực ra lại làm bỏng tay ta trước.', 120, 329, 'Tiếng Việt', 2, 2, 'Nóng Giận Là Bản Năng , Tĩnh Lặng Là Bản Lĩnh.webp', ''),
(58, 'Thôi Miên Bằng Ngôn Từ', 260000, 60, 'Long Nguyễn', 2021, 240, 'Làm thế nào để thu hút và thuyết phục khách hàng chỉ bằng ngôn từ của bạn?\r\n\r\n“Bản chất ngôn từ là phép thuật và kể từ thời cổ đại đến ngày nay ngôn từ vẫn giữ được hầu hết quyền năng phép thuật của chúng”.\r\n\r\nNgôn từ là gì?\r\n\r\nTrong tiến trình phát triển nhận thức của loài người, đầu tiên, các từ có nội dung nghèo nàn và mờ nhạt. Nhưng do ảnh hưởng của tiến trình văn hoá nhân loại mà các từ dần dần được cấp thêm những nét nghĩa tinh tế hơn cho phù hợp với tư duy của con người về sự vật mà từ phản ánh. Trong tiến trình này, từ chỉ còn là một cái vỏ – nơi để đổ đầy tư duy của chúng ta về một sự vật cụ thể.\r\n\r\nMối quan hệ giữa tư duy và ngôn từ thường được các nhà logic học hình dung theo 3 cấp độ. Để đáp ứng được các nhu cầu giao tiếp của xã hội, loài người đã tạo ra và thiết lập rất nhiều các hệ thống tín hiệu khác nhau bên cạnh hệ thống tín hiệu ngôn từ. Có những hệ thống tín hiệu có thể vượt qua các biên giới quốc gia, các ranh giới của thể chế chính trị để phục vụ loài người (Ví dụ: hệ thống kí hiệu hoá học, toán học)…  Nhưng, người dùng chúng lại rất chọn lọc .Tính chọn lọc cao như vậy là xa lạ với ngôn từ từng tộc người (ngôn từ tự nhiên không phân biệt giới tính, tuổi tác, địa vị xã hội, trình độ học vấn… mà phục vụ cộng đồng một cách vô tư).', 60, 684, 'Tiếng Việt', 3, 2, 'Thôi Miên Bằng Ngôn Từ.webp', 'Thôi Miên Bằng Ngôn Từ1.webp'),
(59, 'Những Giấc Mơ Ở Hiệu Sách Morisaki', 89000, 10, 'Nam Cao', 2020, 160, 'Bị người yêu lừa dối, Takako bỏ việc và rơi vào chuỗi ngày ngủ triền miên để trốn tránh nỗi buồn. Thế rồi, một cuộc điện thoại từ người cậu ruột cả 10 năm trời không gặp đã đánh thức cô khỏi cơn mộng mị. Takako đồng ý đến trông hiệu sách nửa buổi giúp cậu chỉ để làm vừa lòng mẹ. Nhưng thật ngoài tưởng tượng, chờ đợi cô là hiệu sách Morisaki cũ kỹ với thế giới của hàng nghìn cuốn sách chứa trong mình cả thời gian và lịch sử. Sách đã chữa lành vết thương trong lòng cô.\r\n\r\nVà hơn thế nữa, Takako tìm thấy bao nhiêu điều mới mẻ và thú vị mà trước đây cô chưa từng biết đến.Câu chuyện nhẹ nhàng mà sâu lắng, đặc biệt với những ai có sở thích sưu tầm sách cổ.\r\n\r\nGiá sản phẩm trên Tiki đã bao gồm thuế theo luật hiện hành. Bên cạnh đó, tuỳ vào loại sản phẩm, hình thức và địa chỉ giao hàng mà có thể phát sinh thêm chi phí khác như phí vận chuyển, phụ phí hàng cồng kềnh, thuế nhập khẩu (đối với đơn hàng giao từ nước ngoài có giá trị trên 1 triệu đồng).....', 18, 222, 'Tiếng Việt', 4, 1, 'Những Giấc Mơ Ở Hiệu Sách Morisaki.webp', ''),
(60, 'Cây Cam Ngọt Của Tôi', 150000, 40, 'Nhi Đồng', 2021, 360, '“Vị chua chát của cái nghèo hòa trộn với vị ngọt ngào khi khám phá ra những điều khiến cuộc đời này đáng số một tác phẩm kinh điển của Brazil.”\r\n\r\n- Booklist\r\n\r\n“Một cách nhìn cuộc sống gần như hoàn chỉnh từ con mắt trẻ thơ… có sức mạnh sưởi ấm và làm tan nát cõi lòng, dù người đọc ở lứa tuổi nào.”\r\n\r\n- The National\r\n\r\nHãy làm quen với Zezé, cậu bé tinh nghịch siêu hạng đồng thời cũng đáng yêu bậc nhất, với ước mơ lớn lên trở thành nhà thơ cổ thắt nơ bướm. Chẳng phải ai cũng công nhận khoản “đáng yêu” kia đâu nhé. Bởi vì, ở cái xóm ngoại ô nghèo ấy, nỗi khắc khổ bủa vây đã che mờ mắt người ta trước trái tim thiện lương cùng trí tưởng tượng tuyệt vời của cậu bé con năm tuổi.\r\n\r\nCó hề gì đâu bao nhiêu là hắt hủi, đánh mắng, vì Zezé đã có một người bạn đặc biệt để trút nỗi lòng: cây cam ngọt nơi vườn sau. Và cả một người bạn nữa, bằng xương bằng thịt, một ngày kia xuất hiện, cho cậu bé nhạy cảm khôn sớm biết thế nào là trìu mến, thế nào là nỗi đau, và mãi mãi thay đổi cuộc đời cậu.\r\nMở đầu bằng những thanh âm trong sáng và kết thúc lắng lại trong những nốt trầm hoài niệm, Cây cam ngọt của tôi khiến ta nhận ra vẻ đẹp thực sự của cuộc sống đến từ những điều giản dị như bông hoa trắng của cái cây sau nhà, và rằng cuộc đời thật khốn khổ nếu thiếu đi lòng yêu thương và niềm trắc ẩn. Cuốn sách kinh điển này bởi thế không ngừng khiến trái tim người đọc khắp thế giới thổn thức, kể từ khi ra mắt lần đầu năm 1968 tại Brazil.\r\n\r\nTác giả:\r\n\r\nJOSÉ MAURO DE VASCONCELOS (1920-1984) là nhà văn người Brazil. Sinh ra trong một gia đình nghèo ở ngoại ô Rio de Janeiro, lớn lên ông phải làm đủ nghề để kiếm sống. Nhưng với tài kể chuyện thiên bẩm, trí nhớ phi thường, trí tưởng tượng tuyệt vời cùng vốn sống phong phú, José cảm thấy trong mình thôi thúc phải trở thành nhà văn nên đã bắt đầu sáng tác năm 22 tuổi. Tác phẩm nổi tiếng nhất của ông là tiểu thuyết mang màu sắc tự truyện Cây cam ngọt của tôi. Cuốn sách được đưa vào chương trình tiểu học của Brazil, được bán bản quyền cho hai mươi quốc gia và chuyển thể thành phim điện ảnh. Ngoài ra, José còn rất thành công trong vai trò diễn viên điện ảnh và biên kịch.\r\n\r\nGiá sản phẩm trên Tiki đã bao gồm thuế theo luật hiện hành. Bên cạnh đó, tuỳ vào loại sản phẩm, hình thức và địa chỉ giao hàng mà có thể phát sinh thêm chi phí khác như phí vận chuyển, phụ phí hàng cồng kềnh, thuế nhập khẩu (đối với đơn hàng giao từ nước ngoài có giá trị trên 1 triệu đồng).....\r\n\r\n', 34, 115, 'Tiếng Việt', 5, 1, 'Cây Cam Ngọt Của Tôi.webp', 'Cây Cam Ngọt Của Tôi2.webp'),
(61, 'Sóng ở đáy sông - Lê Lựu', 230000, 34, ' Nhi Đồng', 2011, 340, 'Một chuỗi những sai lầm liên tiếp của một cuộc đời: Núi - người được sinh ra bởi sai lầm của người cha, sau những lần \"không thể kìm hãm trước con ở\" \"đang thời bừng dậy rừng rực\". Một số phận không mong muốn. Một khoảng cách không thể kết nối lại gần với những gì được gọi là chính thống, được sự thừa nhận hợp pháp.\r\n\r\nCuộc đời Núi trượt dài trong tăm tối. Bất hạnh đeo đẳng. Chiến tranh và một thời kỳ bao cấp có thể khiến con người ta trở nên vĩ đại hoặc thấp hèn…\r\n\r\nMột màng màu tối, nhưng có thể nhìn thấy cuối đường hầm bừng lên vệt sáng. Và người đọc được quyền bước ra vùng sáng rỡ, nơi con người trở về với nguyên bản thiện lương của mình.\r\n\r\nVới lối viết mộc, hiện thực; với những triết lý, ẩn dụ, phúng dụ được nhà văn Lê Lựu sử dụng khá tinh tế và thuần Việt, chắc chắn lớp bạn đọc hôm nay sẽ được bước vào một thời khắc riêng khác, và hình dung về một giai đoạn đầy biến động đã lùi\r\n\r\n- Nhà văn Võ Thị Xuân Hà -\r\n\r\n \r\n\r\nĐấy là những ngày cuối cùng tháng Mười năm 1990. Nắng như mật trải ra cánh đồng lúa đã chín vàng mênh mông dưới chân núi Tràng về phía bờ sông bên kia. Mỗi chiều xếp dọn đồ nghề xong, hắn đứng nhìn mặt trời xuống, lòng se sắt lại, một nỗi buồn tê tái dâng lên rất vô cớ và hắn chợt rùng mình nghĩ đến những buổi chiều bố con đi vật vờ trong sương mờ giăng tỏa, nhòa dần hai bờ sông Thương hay là nằm lạnh toát ở nền đá trên bờ sông Lấp.\r\n\r\nĐời hắn đã thực sự đến đận trở lại làm người lương thiện chưa?\r\n\r\nNếu người ta biết rằng dưới đáy sông Lấp vẫn còn có hai dòng nước chảy ra của sông Cấm. Sự lên, xuống của con nước, sự rào rạt của sóng vỗ cũng từ đáy sông mà tạo nên. Nếu người ta biết là lấp sông vẫn còn nước chảy, còn sóng vỗ, thì hàng trăm năm trước người ta lấp sông làm gì???\r\n\r\n \r\n\r\nSóng ở đáy sông - Sbooks phát hành\r\n\r\nGiá sản phẩm trên Tiki đã bao gồm thuế theo luật hiện hành. Bên cạnh đó, tuỳ vào loại sản phẩm, hình thức và địa chỉ giao hàng mà có thể phát sinh thêm chi phí khác như phí vận chuyển, phụ phí hàng cồng kềnh, thuế nhập khẩu (đối với đơn hàng giao từ nước ngoài có giá trị trên 1 triệu đồng).....\r\n\r\n', 20, 146, 'Tiếng Việt', 2, 2, 'Sóng ở đáy sông - Lê Lựu.webp', ''),
(63, 'Hoa Vẫn Nở Mỗi Ngày', 230000, 16, 'Văn học', 2011, 500, '“Một tiểu thuyết đầy cảm xúc, một cuốn sách đưa ta đi từ tiếng cười đến những giọt nước mắt với các nhân vật hài hước và cuốn hút.”  – Ban giám khảo giải thưởng Prix des Maisons de la Presse.\r\n\r\nViolette Toussaint sống mà như chết. Người phụ nữ ấy bị mẹ đẻ bỏ rơi ngay khi vừa lọt lòng, tới lượt cô con gái nhỏ mà cô yêu thương nhất lại bỏ cô mà đi trong một tai nạn thảm khốc, rồi cả đến người chồng một ngày kia cũng không còn ở lại bên cô. Cuộc đời của một nhân viên gác chắn nơi ga xép với những chuyến tàu nhỏ mỗi ngày đến rồi đi hay của một người quản trang tại nghĩa trang tỉnh lẻ chuyên đón nhận người chết và chăm sóc các phần mộ tưởng chừng chỉ gắn chặt với mất mát, buồn đau, rồi úa tàn dần theo năm tháng. Nhưng sự sống là mầu nhiệm, hy vọng vẫn còn đó, hạnh phúc lại có dịp được hồi sinh khi hoa kia được thay nước, khi chính con người vẫn tin vào cuộc đời.\r\n\r\nMột câu chuyện sẽ ở lại lâu trong lòng độc giả. Nhẹ nhàng mà thấm thía. Bởi dẫu có lẽ không ít lần lấy đi nước mắt của người đọc, câu chuyện về tình yêu, tổn thương và hy vọng này cuối cùng sẽ để lại trong ta những cảm xúc tích cực, hạnh phúc cùng niềm mãn nguyện êm đềm một khi đã lật giở đến những trang cuối.\r\n\r\nVỀ TÁC GIẢ:\r\n\r\nValérie Perrin sinh năm 1967 tại Gueugnon, Pháp. Ngoài viết văn, bà còn là một nhiếp ảnh gia hậu trường và nhà biên kịch, nhưng các tác phẩm văn chương mới chính là thứ đưa tên tuổi của bà đến với đông đảo công chúng. Tiểu thuyết đầu tay của Perrin, tạm dịch Những người bị lãng quên ngày Chủ nhật (Les Oubliés du dimanche) giành được gần mười giải thưởng. Tiểu thuyết thứ hai, Hoa vẫn nở mỗi ngày cũng giành nhiều giải thưởng, nổi bật là Prix des Maisons de la Presse.', 55, 1205, 'Tiếng Việt', 2, 1, 'Hoa Vẫn Nở Mỗi Ngày.webp', ''),
(64, 'Lolita (Tái Bản 2019)', 150000, 40, 'Nam Cao', 2019, 250, '“Lolita, ánh sáng của đời tôi, ngọn lửa nơi hạ bộ của tôi. Tội lỗi của tôi, tâm hồn của tôi. Lo-lee-ta: đầu lưỡi lướt xuống ba bước nhỏ dọc vòm miệng, khẽ đập vào răng ba tiếng. Lo. Li. Ta.\r\nBuổi sáng, em là Lo, ngắn gọn là Lo thôi, đứng thẳng cao một mét bốn mươi sáu, chân đi độc một chiếc tất. Mặc quần thụng trong nhà, em là Lola. Ở trường học, em là Dolly. Trên dòng kẻ bằng những dấu chấm, em là Dolores. Nhưng trong vòng tay tôi, bao giờ em cũng là Lolita.”\r\nLolita, hiện tượng bất thường bậc nhất của văn chương thế kỷ 20, được xuất bản lần đầu vào năm 1955 tại Paris, mặc dù viết bằng tiếng Mĩ. Cũng như mọi tác phẩm kỳ vĩ và có độ lệch chuẩn lớn, như tiểu thuyết của D. H. Lawrence hay của Anthony Burgess, khởi đầu của Lolita không hề suôn sẻ.\r\nGiờ đây khi thực sự được đọc Lolita, ta hiểu tại sao Vladimir Nabokov nâng niu nó đến vậy. Thoạt tiên bị nhìn nhận một cách giản đơn quá mức, Lolita dần thoát khỏi cái định kiến coi nó là tác phẩm thuần túy gợi dục, bởi Lolita chứa đựng nhiều, rất nhiều hơn thế: nó tinh vi dò xét tâm lý con người (dù không cần viện tới tâm phân học, mà thậm chí Nabokov còn luôn luôn tìm cách bài xích Sigmund Freud), và nó còn là những nước cờ ngôn từ kiệt xuất của một trong những thiên tài văn chương lớn nhất.\r\nĐến giờ, dù cho bao năm tháng đã qua đi, Lolita vẫn cứ là một hiện tượng bất thường, và cô bé Lolita, “ánh sáng của đời tôi, tội lỗi của tôi, tâm hồn của tôi” trong trí tưởng của Humbert Humbert, vẫn bất tử trong dáng đứng thẳng cao chưa đầy một mét rưỡi và toàn bộ đặc tính của một “tiểu nữ thần” vĩnh viễn bất kham.', 58, 454, 'Tiếng Việt', 5, 1, 'Lolita (Tái Bản 2019).webp', 'Lolita (Tái Bản 2019)1.webp'),
(65, 'Lấy Nước Đường Xa + Tặng Kèm Bookmark', 300000, 50, 'Long Nguyễn', 2014, 260, 'Lấy nước đường xa - Cuốn tiểu thuyết dựa trên một câu chuyện có thật tại Châu Phi. Hai câu chuyện đan xen nhau kể về hai đứa trẻ tại Sudan – sống ở hai thời kỳ khác nhau – hai bộ tộc đối lập nhau và hai cuộc “đấu tranh” không giống nhau.\r\n\r\nNya là một cô bé mười một tuổi ở năm 2008. Cô bé phải đi bộ mỗi ngày 8 tiếng để lấy nước từ một cái ao ô nhiễm - hai chuyến mỗi ngày. Cô bé không có thời gian cho trường học, cho vui chơi, cho tất cả những điều mà hầu hết các cô gái nhỏ đều trải qua. Cho đến khi, một ngày nọ, những người lạ vào làng của họ để đào giếng và xây trường học.\r\n\r\nSalva là cậu bé 11 tuổi đi bộ xuyên lục địa Châu Phi để tìm thức ăn, gia đình và một nơi trú ẩn. Đó là năm 1985 khi Salva đang đi học và chiến tranh nổ ra. Salva phải băng qua sa mạc để đến một trại tị nạn ở Ethiopia. Sau một thời gian dài ở lại, Salva một lần nữa băng qua sa mạc để đến Kenya. Trên chặng đường dài ấy nhiều đã không vượt qua được. Họ chết vì đói, bị thú vật dữ và bị binh lính tấn công. Salva là số ít những người còn sống sót và được một gia đình người Mỹ nhận nuôi.\r\n\r\nCâu chuyện của Nya và Salva đã giao thoa và kết nối với nhau. Nya kết thúc hành trình 8 tiếng mỗi ngày đi lấy nước cho gia đình và được đến trường học. Nhưng hành trình của Salva thì vẫn tiếp tục với một diễn biết khác nhiều ý nghĩa và tươi sáng hơn!', 50, 142, 'Tiếng Việt', 5, 1, 'Lấy Nước Đường Xa + Tặng Kèm Bookmark1.webp', 'Lấy Nước Đường Xa + Tặng Kèm Bookmark2.webp'),
(66, 'Rừng Nauy (Tái Bản)', 260000, 18, 'Nhi Đồng', 2014, 360, 'Câu chuyện bắt đầu từ một chuyến bay trong ngày mưa ảm đạm, một người đàn ông 37 tuổi chợt nghe thấy bài hát gắn liền với hình ảnh người yêu cũ, thế là quá khứ ùa về xâm chiếm thực tại. Mười tám năm trước, người đàn ông ấy là chàng Toru Wanatabe trẻ trung, mỗi chủ nhật lại cùng nàng Naoko lang thang vô định trên những con phố Tokyo. Họ sánh bước bên nhau để thấy mình còn sống, còn tồn tại, và gắng gượng tiếp tục sống, tiếp tục tồn tại sau cái chết của người bạn cũ Kizuki. Cho đến khi Toru nhận ra rằng mình thực sự yêu và cần có Naoko thì cũng là lúc nàng không thể chạy trốn những ám ảnh quá khứ, không thể hòa nhập với cuộc sống thực tại và trở về dưỡng bệnh trong một khu trị liệu khép kín. Toru, bên cạnh giảng đường vô nghĩa chán ngắt, bên cạnh những đêm chơi bời chuyển từ cảm giác thích thú đến uể oải, ghê tởẫn kiên nhẫn chờ đợi và hy vọng vào sự hồi phục của Naoko. Cuối cùng, những lá thư, những lần thăm hỏi, hồi ức về lần ân ái duy nhất của Toru không thể níu Naoko ở lại, nàng chọn cái chết như một lối đi thanh thản. Từ trong mất mát, Toru nhận ra rằng mình cần tiếp tục sống và bắt đầu tình yêu mới với Midori.\r\n\r\nMột cuốn sách ẩn chứa mọi điều khiến bạn phải say mê và đau đớn, tình yêu với muôn vàn màu sắc và cung bậc khác nhau, cảm giác trống rỗng và hẫng hụt của cả một thế hệ thanh niên vô hướng, ý niệm về sự sinh tồn tất yếu của cái chết trong lòng cuộc sống, những gắng gượng âm thầm nhưng quyết liệt của con người để vượt qua mất mát trong đờất cả đã tạo nên vẻ đẹp riêng cho \"Rừng Na uy\", im lặng, ma thuật và tuyệt vọng như một chấm máu cô độc giữa bạt ngàn tuyết lạnh.', 45, 124, 'Tiếng Việt', 3, 1, 'Rừng Nauy (Tái Bản).webp', 'Rừng Nauy (Tái Bản)1.webp'),
(67, 'Kafka bên bờ biển (Tái Bản 2020)', 240000, 34, 'Văn học', 2008, 260, 'Mô Tả Sản Phẩm\r\nKafka bên bờ biển (Tái Bản 2020)\r\n\r\nKafka Tamura, mười lăm tuổi, bỏ trốn khỏi nhà ở Tokyo để thoát khỏi lời nguyền khủng khiếp mà người cha đã giáng xuống đầu mình.Ở phía bên kia quần đảo, Nakata, một ông già lẩm cẩm cùng quyết định dấn thân. Hai số phận đan xen vào nhau để trở thành một tấm gương phản chiếu lẫn nhau. Trong khi đó, trên đường đi, thực tại xào xạc lời thì thầm quyến rũ. Khu rừng đầy những người linh vừa thoát khỏi cuộc chiến tranh vừa qua, cá mưa từ trên trời xuống và gái điếm trích dẫn Hegel. Kafka bên bờ biển, câu chuyện hoang đường mở đầu thế kỷ XXI, cho chúng ta đắm chìm trong một chuyến du hành đầy sóng gió đầy chất hiện đại và mơ mộng trong lòng Nhật Bản đương đại.\r\n\r\nHaruki Murakami, nhà văn Nhật đương đại nổi tiếng với những tác phẩm như Rừng Nauy; Xứ sở kỳ diệu vô tình và Nơi tận cùng thế giới; Phía Nam biên giới, Phía Tây mặt trời; Người tình Sputnik, Biên niên ký chim vặn dây cót và Kafka bên bờ biển.\r\n\r\nNhận định\r\n\r\n\"Tác giả Nhật được yêu thích nhất tại Mỹ này có thể xuất bản ẩn danh tác phẩm này mà những fan của ông vẫn sẽ nhận ra tức khắc. Còn với những ngưòi đọc lần đầu, Kaffa bên bờ biển sẽ là giải thích xuất sắc cho tiếng tăm xứng đáng của ông cả ở phương Tây lẫn ở quê nhà. Ông viết ra loại văn hậu hiện đại, triết lý, hoang đường mà đọc thì thật lý thú, ông trầm trọng hơn Tom Robbins, nhẹ nhõm hơn Thomas Pynchon.\"', 34, 521, 'Tiếng Việt', 4, 1, 'Kafka bên bờ biển (Tái Bản 2020).webp', ''),
(68, 'Người Tình Sputnik', 120000, 10, 'Nhi Đồng', 2019, 260, 'Mùa xuân năm hai mươi hai tuổi, Sumire yêu lần đầu tiên trong đời. Một tình yêu mãnh liệt, một cơn lốc xoáy thực sự quét qua các bình nguyên – san phẳng tất cả những gì nó gặp trên đường, tung mọi thứ lên trời, xé chúng ra từng mảnh, nghiền nát thành từng miếng. Cơn lốc không hề giảm cường độ khi băng qua đại dương, biến Ăngko Vat thành đồng hoang tàn, thiêu cháy rừng già Ấn Độ với hổ báo và muôn loài, rồi biến thành cơn bão cát sa mạc vùng vịnh Ba Tư, chôn vùi cả một thành phố pháo đài kỳ lạ dưới biển cát. Tóm lại, đó là một tình yêu thực sự vĩ đại. Người Sumire đem lòng si mê hoá ra lớn hơn cô mười bảy tuổi. Đã có gia đình. Và, phải nói thêm, là phụ nữ. Đây là nơi tất cả bắt đầu, và là nơi tất cả kết thúc. Gần như tất cả.\r\n“…Ngay khoảnh khắc Miu chạm tay vào tóc cô, Sumire đã yêu, giống như cô đang băng qua một cánh đồng thì đùng! một tia sét giáng thẳng xuống đầu cô. Một điều gì đó giống như một mặc khải nghệ thuật. Do vậy, khi đó Sumire chẳng thấy có gì đáng quan tâm trong việc người cô yêu tình cờ lại là một phụ nữ.\r\n\r\nSumire gật đầu ngay tắp lự. Thậm chí cô không cần phải nghĩ ngợi về điều đó. Xét cho cùng, thời gian rảnh rỗi là tài sản chủ yếu của cô.\r\n\r\n“Vậy thì sao chúng ta không ăn trưa cùng nhau nhỉ? Chị sẽ đặt một bàn yên tĩnh ở nhà hàng gần đây,” Miu nói. Chị cầm ly rượu vang đỏ người hầu bàn vừa rót, chăm chú ngắm nghía, hít ngửi hương thơm rồi lặng lẽ uống ngụm đầu tiên. Cả chuỗi cử động đó toát lên vẻ thanh nhã tự nhiên như một đoạn cadenza được người nghệ sĩ dương cầm trau luyện nhiều năm.\r\n\r\n“Rồi chúng ta sẽ bàn kỹ hơn. Hôm nay chị thấy rất vui. Em biết đấy, chị không chắc nó được nhập từ đâu nhưng loại rượu Bordeaux này cũng không phải tồi lắm.”\r\n\r\nSumire giãn nét mặt và hỏi thẳng Miu: “Nhưng chị chỉ mới gặp em, và chị gần như chưa biết gì về em.”\r\n\r\n“Đúng vậy. Có lẽ chị chưa biết,” Mui thừa nhận.\r\n\r\n“Vậy tại sao chị nghĩ em có thể giúp chị?”\r\n\r\nMiu lắc rượu trong cốc. “Chị luôn trông mặt mà bắt hình dong,” chị nói. “Nghĩa là chị thích khuôn mặt em, thích cách em nhìn.”\r\n\r\nSumire cảm thấy không khí xung quanh đột nhiên loãng ra. Bầu vú căng lên dưới làn áo. Cô máy móc vớ cốc nước và uống cạn một hơi. Người hầu bàn có bộ mặt diều hâu lặng lẽ bước nhanh đến phía sau cô và rót nước lạnh vào chiếc ly không. Tiếng đá lanh canh vang lên trong tâm trí rối bời của Sumire nghe như tiếng lầm bầm rên rỉ của một tên trộm đang nấp trong hang…”.\r\n\r\n- “Siết chặt trái tim bạn ngay từ những dòng đầu tiên” – Los Angeles Magazine\r\n\r\n- “Xót xa… vừa bí ần vừa lãng mạn… một câu chuyện thấm thía về tình yêu không được đền đáp… Nếu thích Rừng Na-uy, chắc chắn bạn cũng sẽ thích cuốn tiểu thuyết này” –AsainWeek.', 140, 145, 'Tiếng Việt', 4, 1, 'Người Tình Sputnik.webp', ''),
(69, 'Danh Nghĩa Nhân Dân', 230000, 40, 'Văn học', 2020, 240, 'Danh nghĩa nhân dân xuất bản tháng 1/2017, đến tháng 5 đã được tái bản lần thứ mười, tổng lượng bán ra hơn 1 triệu 500 ngàn bản. Tại Liên hoan truyền hình quốc tế Macao lần thứ 8 năm 2017, bộ phim truyền hình chuyển thể cùng tên đã đoạt bốn giải thưởng lớn, trong đó có giải Phim truyền hình xuất sắc nhất và Biên kịch xuất sắc nhất.\r\n\r\nNội dung kể về cuộc chiến chống tham nhũng, làm trong sạch đội ngũ cán bộ đảng. Lấy bối cảnh chính trường tỉnh H, Trung Quốc, tác giả miêu tả cuộc chiến cam go giữa một bên là Hầu Cảnh Bình, cục trưởng cục chống tham nhũng tỉnh H và các kiểm sát viên viện kiểm sát, với một bên các quan chức cao cấp đã tha hóa trong bộ máy tỉnh chuyên lấy danh nghĩa nhân dân ra để biện minh, phục vụ cho lợi ích của mình.\r\n\r\nVốn dĩ, viết về quyền lực chính trị của các phe phái trong một bộ máy cán bộ chính quyền không bao giờ là việc dễ dàng. Nhưng Danh nghĩa nhân dân của Chu Mai Sân đã thực sự làm được điều đó. Không đơn giản hư cấu nên một cuộc đấu đá chốn quan trường, tác phẩm đã trở thành một tấm gương phản chiếu đời sống xã hội Trung Quốc trong thời đại phát triển mới, sâu hơn nữa soi tỏ nội tâm đấu tranh giữa danh lợi và sự công minh, để lộ phần nhân tính bản chất trong mỗi con người.', 25, 45, 'Tiếng Việt', 4, 1, 'Danh Nghĩa Nhân Dân.webp', ''),
(70, 'Rừng Sâu Tăm Tối', 100000, 60, 'Văn học', 2011, 160, 'Trong một khu rừng tăm tối\r\n\r\nNora đã không gặp mặt Clare suốt mười năm nay. Không hề, kể từ khi Nora bước ra khỏi cánh cổng trường cấp ba và chưa một lần ngoái đầu lại.\r\n\r\ncó một ngôi nhà tăm tối;\r\n\r\nRồi một ngày, cô bất ngờ nhận được lời mời dự tiệc chia tay đời độc thân của Clare. Liệu đây có phải là cơ hội để Nora nói lời từ biệt với quá khứ vẫn luôn hằng ám ảnh mình?\r\n\r\nTrong ngôi nhà tăm tối ấy có một căn phòng tăm tối;\r\n\r\nNhưng một điều vô cùng, vô cùng sai trái sắp sửa xảy ra.\r\n\r\nTrong căn phòng tăm tối ấy\r\n\r\nCó một số bí mật không thể giấu mình mãi mãi.\r\n\r\nTÁC GIẢ:\r\n\r\nRuth Ware (1977) bắt đầu sự nghiệp văn chương khá muộn. Trước khi trở thành nhà văn toàn thời gian, cô đã từng làm các công việc bồi bàn, bán sách và quảng cáo. Bắt đầu bằng các tác phẩm dành cho thiếu niên, nhưng cô chỉ thực sự thành công khi chuyển sang thể loại trinh thám ly kỳ, giật gân. Những tác phẩm trinh thám của Ruth Ware như Rừng sâu tăm tối và Cô gái trong cabin số 10 nhanh chóng trở thành Bestseller và nhận được sự yêu mến của độc giả.\r\n\r\nGiá sản phẩm trên Tiki đã bao gồm thuế theo luật hiện hành. Bên cạnh đó, tuỳ vào loại sản phẩm, hình thức và địa chỉ giao hàng mà có thể phát sinh thêm chi phí khác như phí vận chuyển, phụ phí hàng cồng kềnh, thuế nhập khẩu (đối với đơn hàng giao từ nước ngoài có giá trị trên 1 triệu đồng).....\r\n\r\n', 240, 621, 'Tiếng Việt', 2, 1, 'Rừng Sâu Tăm Tối.webp', ''),
(73, 'Đồi Thỏ (Tái Bản 2019)', 65000, 40, '  Văn học', 2008, 410, 'Sẽ có người không khỏi băn khoăn khi cầm cuốn sách khổ lớn dày hơn 500 trang này trên tay. Có vẻ quá nặng, theo cả nghĩa đen và nghĩa bóng đối với thể loại sách thiếu nhi. Song đó chính là điều lạ lùng đầu tiên mà nhà văn Anh Richard Adams đem đến cho bạn: một cuốn sách thiếu nhi có thể dày như sách dành cho người lớn. Số lượng trang ngồn ngộn như thế cho phép mở ra nhiều cuộc phiêu lưu nối nhau trong các chương sách được chia nhỏ trong bốn phần: Hành trình, Trên ngọn đồi Watership, Efrafa và Thủ lĩnh Cây Phỉ.\r\n\r\nĐó là một trong những lý do khiến Đồi Thỏ thành công vang dội với bạn đọc mọi lứa tuổi, được nhận Huy chương Carnegie và giải thưởng Guardian cho thể loại tiểu thuyết viết cho thiếu nhi (1972), được nhà xuất bản Penguin công bố là cuốn sách đứng thứ hai trong danh sách bán chạy nhất mọi thời đại (1985), có tên trong danh sách 100 cuốn sách của mọi thời đại (2003), 100 cuốn sách giá trị nhất (2007) do BBC và trang web worldbookday bầu chọn.\r\n\r\nGiá sản phẩm trên Tiki đã bao gồm thuế theo luật hiện hành. Bên cạnh đó, tuỳ vào loại sản phẩm, hình thức và địa chỉ giao hàng mà có thể phát sinh thêm chi phí khác như phí vận chuyển, phụ phí hàng cồng kềnh, thuế nhập khẩu (đối với đơn hàng giao từ nước ngoài có giá trị trên 1 triệu đồng).....', 32, 142, 'Tiếng Việt', 1, 1, 'Đồi Thỏ (Tái Bản 2019).webp', ''),
(74, 'Suối Nguồn (Tái Bản)', 340000, 65, 'Văn học', 2023, 240, 'Tác phẩm đứng đầu bảng xếp hạng những tiểu thuyết hay nhất thế kỷ 20 do độc giả bình chọn (theo điều tra của New York Time)\r\n\r\nĐã bán được 6 triệu bản trong hơn 60 năm qua kể từ khi xuất bản lần đầu (năm 1943).\r\n\r\nĐược dịch ra nhiều thứ tiếng và vẫn liên tục được tái bản hàng năm.\r\n\r\nMột tiểu thuyết kinh điển cần đọc nay đã có mặt tại Việt Nam với bản dịch tiếng Việt.\r\n\r\n\"Một tiểu thuyết tràn đầy sức sống và sự thú vị … mạnh mẽ, kịch tính, mãnh liệt và rành mạch từ đầu đến cuối … một tác phẩm tuyệt vời đáng để đọc.”\r\n\r\nSaturday Review of Literature\r\n\r\n“Tôi có thể ca ngợi tiểu thuyết này ở nhiều khía cạnh… sự kiện hấp dẫn…những nhân vật đầy màu sắc… táo bạo… thông minh phi thường.” - New York Herald Tribune\r\n\r\n“Bạn không thể đọc tác phẩm tuyệt vời này mà không liên tưởng đến một số tư tưởng cơ bản của thời đại chúng ta… Bạn sẽ nghĩ đến The Magic Mountain và The Master Builder khi bạn nghĩ đến The Fountainhead (Suối nguồn).” - New York Times\r\n\r\n\" Trong lịch sử nhân loại, hiếm thấy ai phát biểu quan điểm này về con người. Ngày nay, quan điểm này hầu như không tồn tại. Tuy nhiên, chính quan điểm này - dù tồn tại ở các cấp độ khác nhau của sự khao khát, ao ước, đam mê và hoang mang đau khổ - là quan điểm khởi đầu cuộc sống của những người ưu tú nhất của nhân loại. Đối với đa số họ, đây thậm chí không phải là một quan điểm rõ ràng mà chỉ là một cảm giác mơ hồ, khó nắm bắt, nó được tạo thành từ những nỗi đau trần trụi và từ niềm hạnh phúc không thể diễn tả nổi. Nó là cảm giác về một kỳ vọng lớn, rằng cuộc sống của một người là quan trọng, rằng những thành tựu lớn lao có thể nằm trong khả năng, và rằng những điều vĩ đại còn nằm phía trước.\r\n\r\nBản chất của con người - và của bất cứ sinh vật nào - không phải là đầu hàng, hoặc phỉ nhổ và nguyền rủa sự tồn tại của mình; điều ấy thực ra đòi hỏi cả một quá trình suy đồi mà tốc độ của nó tuỳ thuộc mỗi người. Một vài người đầu hàng vào lần đầu tiên tiếp xúc với áp lực; một vài người mặc nhiên đầu hàng; một số khác đi xuống từ từ và cứ thế mất dần ngọn lửa mà chính họ cũng không hề nhận ra nó đã tàn lụi như thế nào. Sau đó, tất cả biến mất trong cái đầm lầy khổng lồ gồm những người già cỗi, những người rao giảng rằng trưởng thành bao hàm việc chối bỏ chính kiến, rằng sự ổn định bao hàm việc chối bỏ những giá trị riêng, và rằng sống thực tế có nghĩa là phải gạt bỏ sự tồn tại. Chỉ một số ít người kiên quyết không đầu hàng và tiếp tục tiến lên; họ biết rằng không thể phản bội ngọn lửa kia; họ học cách nuôi dưỡng nó, cho nó hình hài, mục đích và sự số Tóm lại, dù tương lai mỗi người khác nhau, ở vào thời điểm bắt đầu cuộc sống, nhân loại luôn tìm kiếm một hình ảnh cao cả về bản chất con người cũng như về cuộc sống.\r\n\r\nCó rất ít cột chỉ đường trong cuộc tìm kiếm này. Suối nguồn là một trong những cột chỉ đường đó. Đây chính là một trong những lý do cơ bản nhất khiến cho suối nguồn có sức hấp dẫn lâu dài; nó tái khẳng định tinh thần của tuổi trẻ, nó tuyên bố về chiến thắng của con người, nó chỉ ra người ta có thể làm được những gì\".\r\n\r\nGiá sản phẩm trên Tiki đã bao gồm thuế theo luật hiện hành. Bên cạnh đó, tuỳ vào loại sản phẩm, hình thức và địa chỉ giao hàng mà có thể phát sinh thêm chi phí khác như phí vận chuyển, phụ phí hàng cồng kềnh, thuế nhập khẩu (đối với đơn hàng giao từ nước ngoài có giá trị trên 1 triệu đồng).....\r\n\r\n', 34, 121, 'Tiếng Việt', 1, 1, 'Suối Nguồn (Tái Bản).webp', ''),
(75, 'Triệu phú khu ổ chuột (Tái bản 2018)', 70000, 0, 'Văn học', 2020, 120, 'Cuốn sách “rung động và hỗn loạn như chính nước Ấn Độ vậy”.\r\n\r\nSức hấp dẫn của thiên  này ở chỗ, nó khơi dậy trắc ẩn trong mỗi con người, nó đưa độc giả qua ngõ ngách của những khu ổ chuột tồi tàn, nó kể lại cảnh sống khốn cùng khi người ta đánh mất quyền được tồn tại như một con người, sống trong sự chờ đợi một chiếc xe jeep có thể đến đưa mình đi vì hàng ngàn tội lỗi vô cớ.\r\n\r\nTrong bóng tối của xã hội Ấn Độ hỗn tạp, bùng nhùng những nghèo đói, bệnh tật, nhà thổ, giết thuê, mafia ấy, lại có người chiến thắng một trăm triệu rupi trong một chương trình truyền hình nổi tiếng “Ai là triệu phú”: một anh bồi bàn. Ram Mohammad Thomas, cái tên mang trong mình nhiều tôn giáo, phức tạp như chính những biến cố trong cuộc đời mình, đã bị bắt ngay sau khi giành được giải thưởng lớn. Người ta không tin kẻ xuất thân nghèo hèn có thể làm được điều kỳ diệu đến thế. Thực chất, người ta không muốn chi trả cho anh một khoản tiền khổng lồ như vậy, người ta, bao gồm cả cảnh sát - người chấp pháp, người thi hành công lý, đã tra tấn kẻ chiến thắng cùng khổ, chỉ để anh nói rằng: “Tôi đã gian lận”. Câu chuyện sẽ kết thúc nếu không có sự xuất hiện của một nữ luật sư trẻ, tạm thời giải cứu và tình nguyện làm người làm chứng cho câu chuyện thật của cậu.\r\n\r\nTriệu phú khu ổ chuột từ đầu đến cuối trung thành với mạch tự sự ngôi thứ nhất, với cách sắp xếp đảo chiều thời gian để phù hợp với mạch kết nối là 12 câu hỏi của trò chơi. Câu chuyện không có tính trò chơi, nó chỉ mượn hình thức trò chơi để diễn tả những điều rất đời, cũng như nó vay mượn một câu chuyện có thực về người chiến thắng một triệu rupi trong lịch sử Ấn Độ để nói về một câu chuyện còn thực hơn cả sự thực. Mỗi trải nghiệm trong cuộc sống của Thomas là lời giải cho một câu hỏi trong cuộc chơi.\r\n\r\nTrong chuỗi hồi tưởng ấy, người đọc bắt gặp những hình ảnh trẻ thơ thiên thần xuất thân từ bùn lầy của xã hội: Cậu bé Ian - con trai bất hạnh của mục sư Timothy, cô bé Gudya bị chính cha mình lợi dụng, Salim với ước mơ trở thành một diễn viên nổi tiếng, đã phải đối mặt với cú sốc lớn nhất đời mình khi bị thần tượng đồng tính luyến ái giở trò trong rạp chiếu Những số phận ấy bị vùi đi trong lớp bụi của lầm than, trong váng dầu nhơ bẩn của xã hội, mà ở đó: kẻ có tiền là người làm chủ vận mệnh. Tất cả dựng nên một góc nhìn xã hội vừa bi đát, vừa hài hước, vừa hiển nhiên, vừa căm phẫn và chua chát đến cùng cực.\r\n\r\nMỗi chương truyện là một cuộc phiêu lưu, bằng cách kể nhẩn nha, chi tiết, ít bày tỏ xúc cảm trực tiếp, Thomas chậm rãi tua lại cuốn băng của cuộc đời mình để rồi viết lên bài ca của nỗi thống khổ và lòng nhân ái. Cái gọi là đồng xu may mắn thực ra cả 2 mặt đều ngửa, cái gọi là chớp lấy may mắn thực ra đều do con người chủ đích tạo nên, cái gọi là lòng nhân ái thực sự ẩn sâu trong những cử chỉ cao đẹp nhất giữa người với người, cho dù, họ là những người tồn tại bất hợp pháp trong cuộc đời mình. Hình ảnh Thomas đấu tranh đến phút cuối cho mạng sống của Shankar đang bị bệnh dại hành hạ, những câu nói trôi chảy nhất trong cuộc đời của một hoàng tử bị bỏ quên là về chính người mẹ - bà hoàng đã cố tình quên đi sự tồn tại của cậu; Thomas, người không ngớt bị ám ảnh phải kiếm bằng mọi giá số tiền 400.000 rupi lại dễ dàng cho một người không quen toàn bộ số tiền ấy để ông ta mua thuốc cho con trai bị bệnh dại; Thomas, con người sẵn sàng đánh đổi cả mạng sống của mình để trả thù cho người yêu bị Prem Kumar dày vò, cũng vô tư như khi anh từng nhiều lần quên mình vì những người cùng cảnh ngộ khác.\r\n\r\nMột anh bồi bàn ở dưới đáy xã hội, không gia đình, không mơ ước, liệu có thể trở thành triệu phú? Cuộc đời có tồn tại may mắn? Điều gì sẽ chiến thắng sau cùng: quyền lực hay lòng nhân ái? Triệu phú khu ổ chuột sẽ giải đáp tất cả câu hỏi đó của bạn cũng như nó từng làm với hàng triệu độc giả trên thế giới, lấy đi nước mắt của họ và mang lại cho họ niềm tin vào cuộc đời. Vì Vikas Swarup đâu chỉ viết bằng ngôn ngữ Ấn Độ, ông đã viết chuyện đời Thomas bằng thứ tiếng của chung của loài người.\r\n\r\nGiá sản phẩm trên Tiki đã bao gồm thuế theo luật hiện hành. Bên cạnh đó, tuỳ vào loại sản phẩm, hình thức và địa chỉ giao hàng mà có thể phát sinh thêm chi phí khác như phí vận chuyển, phụ phí hàng cồng kềnh, thuế nhập khẩu (đối với đơn hàng giao từ nước ngoài có giá trị trên 1 triệu đồng).....\r\n\r\n', 35, 672, 'Tiếng Việt', 4, 1, 'Triệu phú khu ổ chuột (Tái bản 2018).webp', ''),
(76, 'Hiệu Sách Nhỏ Ở Paris', 68000, 20, 'Long Nguyễn', 2019, 150, 'New York Times Bestseller\r\nA Barnes and Noble Best of 2015 Selection\r\nA LibraryReads Favorite of the Favorites Selection\r\n\r\nCuốn sách là câu chuyện về Monsieur Perdu, chủ tiệm sách bên bờ sông Seine, người tự gọi mình là dược sĩ văn chương. Nhờ giác quan đặc biệt của mình, ông có thể kê đơn cho độc giả chính xác những cuốn sách giúp họ vượt qua khó khăn trong cuộc sống. Chữa lành vết thương, hàn gắn trái tim người khác, song Monsieur Perdu lại không thể chữa cho chính mình, và trái tim ông vẫn luôn rỉ máu từ khi người yêu ông bỏ ra đi để lại một bức thư mà ông chưa từng mở ra. Rồi đến một ngày, ông đọc lá thư và quyết định khám phá kết cục của câu chuyện đời mình. Cùng với một tác giả sách bán chạy nhưng bị cấm xuất bản, và một đầu bếp người Ý thất tình, Perdu du hành dọc theo những dòng sông nước Pháp, cho chúng ta thấy rằng thế giới văn chương có thể đưa tâm hồn con người lên một cuộc du hành hàn gắn và chữa lành như thế nào.\r\n\r\nHiệu sách nhỏ ở Paris là một lá thư tình gửi đến sách, đến tất cả những người tin rằng sức mạnh của những câu chuyện có thể định hình cuộc sống của chúng ta.\r\nGiá sản phẩm trên Tiki đã bao gồm thuế theo luật hiện hành. Bên cạnh đó, tuỳ vào loại sản phẩm, hình thức và địa chỉ giao hàng mà có thể phát sinh thêm chi phí khác như phí vận chuyển, phụ phí hàng cồng kềnh, thuế nhập khẩu (đối với đơn hàng giao từ nước ngoài có giá trị trên 1 triệu đồng).....', 35, 80, 'Tiếng Việt', 5, 1, 'Hiệu Sách Nhỏ Ở Paris.webp', ''),
(77, 'Bí Mật Của Naoko', 100000, 36, 'Nhi Đồng', 2015, 260, 'Cuộc sống của Hirasule trôi qua hết sức bình lặng, cho đến một ngày tai nạn giao thông khủng khiếp xảy ra và gã mất đi người vợ yêu quý nhất của mình, còn đứa con gái bé bỏng vẫn trong tình trạng hôn mê bất tỉnh. Nhưng chỉ sau một đêm, con gái gã tỉnh lại và một mực xưng mình là Naoko, vợ gã. Dường như linh hồn của Naoko đã nhập vào thể xác con gái, còn Monami thực sự đã chết. Rốt cuộc Hirasuke đã mất vợ hay con gái trong vụ tai nạn ấy?\r\n\r\nBí mật của Naoko đã giành Giải thưởng của Hiệp hội các Nhà văn viết truyện kỳ bí Nhật Bản vào năm 1999, và là một trong những tác phẩm quan trọng nhất trong sự nghiệp của Higashino Keigo, bậc thầy truyện trinh thám Nhật thế kỷ XX.\r\n\r\nGiá sản phẩm trên Tiki đã bao gồm thuế theo luật hiện hành. Bên cạnh đó, tuỳ vào loại sản phẩm, hình thức và địa chỉ giao hàng mà có thể phát sinh thêm chi phí khác như phí vận chuyển, phụ phí hàng cồng kềnh, thuế nhập khẩu (đối với đơn hàng giao từ nước ngoài có giá trị trên 1 triệu đồng).....', 100, 70, 'Tiếng Việt', 1, 1, 'Bí Mật Của Naoko.webp', ''),
(78, 'Sự Cứu Rỗi Của Thánh Nữ', 260000, 24, 'Văn học', 2021, 360, 'Sự Cứu Rỗi Của Thánh Nữ\r\nTrong biệt thự nhà Mashiba Yoshitaka, người chồng trúng độc chết trên sàn, thạch tín còn sót lại trong cốc cà phê đổ lênh láng bên cạnh. Mọi nghi vấn tập trung vào hai đối tượng: người vợ Ayane vốn là nghệ nhân nổi tiếng với các tác phẩm thảm ghép vải độc đáo đắt tiền trưng bày ở khu Ginza, và cô người tình bí mật Wakayama Hiromi, cũng là học trò của Ayane. Nhưng cả hai đều có chứng cứ ngoại phạm vững chắc. Và cảnh sát đau đầu vì vấn đề hóc búa: Làm thế nào hung thủ bỏ thạch tín hạ độc Yoshitaka, khi không ai khác có khả năng tiếp cận nạn nhân quanh thời điểm xảy ra vụ án.\r\n\r\nMột lần nữa thiên tài “thám tử Galileo” Yukawa Manabu nhập cuộc. Anh đã tìm ra đáp án, nhưng là một “đáp án ảo”, chỉ “có thể suy nghĩ về mặt lý thuyết nhưng không thể tồn tại trong hiện thực”. Từng bước lật lại các tình tiết, tác giả đại tài Keigo đã chìa ra cho chúng ta chân tướng đáng kinh ngạc của một sự thật vô cùng chua xót.\r\nGiá sản phẩm trên Tiki đã bao gồm thuế theo luật hiện hành. Bên cạnh đó, tuỳ vào loại sản phẩm, hình thức và địa chỉ giao hàng mà có thể phát sinh thêm chi phí khác như phí vận chuyển, phụ phí hàng cồng kềnh, thuế nhập khẩu (đối với đơn hàng giao từ nước ngoài có giá trị trên 1 triệu đồng).....', 50, 120, 'Tiếng Việt', 5, 1, 'Sự Cứu Rỗi Của Thánh Nữ.webp', ''),
(79, 'Cách Xử Thế Của Người Nay', 260000, 80, 'Văn học', 2020, 230, 'Chắc các bạn thường tự hỏi những câu này:\r\nTại sao có những người đời sống dễ chịu như vậy? Tại sao họ làm được mọi việc một cách dễ dàng như vậy? Tại sao họ gặp được “vận may” như vậy?\r\n\r\nHọ có bí quyết nào mà thỏa hiệp được với người khác một cách tài tình như vậy? Bí quyết đó, chúng ta có thể biết được không? Có thể áp dụng vào đời sống hàng ngày dược không?\r\n\r\nNào, chúng ta thử cùng nhau xét những câu hỏi bổ ích và quan trọng đó. Trong cuốn này chúng tôi sẽ tìm hiểu đời sống hằng ngày của những người mà đời không khác gì đời chúng ta. Chúng tôi sẻ kể toàn những chuyện có thực, chuyện thành công và thất bại, chuyện vui và buồn, chuyện sống và chết, và trong những chuyện đó, bạn sẽ thấy vài biểu hiện về cái lí do hoạt động của con người. Chúng tôi sẽ so sánh những biểu hiện đó với những học thuyết của các tâm lý gia hiện đại và các nhà bác học danh tiếng trên thế giới. Rồi lại đem so sánh những kinh nghiệm thực tế của hàng ngàn người trong các cuộc thuyết trình về giao tế nhân sự\"\r\n\r\nTrích lời tựa của tác giả\r\n\r\nGiá sản phẩm trên Tiki đã bao gồm thuế theo luật hiện hành. Bên cạnh đó, tuỳ vào loại sản phẩm, hình thức và địa chỉ giao hàng mà có thể phát sinh thêm chi phí khác như phí vận chuyển, phụ phí hàng cồng kềnh, thuế nhập khẩu (đối với đơn hàng giao từ nước ngoài có giá trị trên 1 triệu đồng).....', 149, 423, 'Tiếng Việt', 3, 2, 'Cách Xử Thế Của Người Nay.webp', 'Cách Xử Thế Của Người Nay1.webp'),
(80, 'Thoát Khỏi Tâm Trí và Bước Vào Cuộc Sống', 160000, 24, 'Văn học', 2011, 260, 'Nhưng thực chất ta không phải là những suy nghĩ của mình. Đó đơn giản chỉ là một góc nhìn khác mà thôi.\r\n\r\nVậy, nếu bạn không phải là những suy nghĩ của mình, thì bạn là ai?\r\n\r\nGiá sản phẩm trên Tiki đã bao gồm thuế theo luật hiện hành. Bên cạnh đó, tuỳ vào loại sản phẩm, hình thức và địa chỉ giao hàng mà có thể phát sinh thêm chi phí khác như phí vận chuyển, phụ phí hàng cồng kềnh, thuế nhập khẩu (đối với đơn hàng giao từ nước ngoài có giá trị trên 1 triệu đồng).....', 14, 1400, 'Tiếng Việt', 1, 2, 'Thoát Khỏi Tâm Trí và Bước Vào Cuộc Sống.webp', '');
INSERT INTO `sach` (`s_id`, `s_ten`, `s_gia`, `s_giamgia`, `nxb`, `namxuatban`, `sotrang`, `mota`, `soluong`, `luotmua`, `ngonngu`, `tg_id`, `tl_id`, `anh`, `anh1`) VALUES
(81, 'Giận (Tái Bản 2020)', 300000, 34, 'Nam Cao', 2020, 235, 'Giận là một cuốn sách hay của Thiền sư Thích Nhất Hạnh, nó mở ra cho ta những khả năng kỳ diệu, nhưng lại rất dễ thực hành để ta tự mình từng bướ thoát khỏi cơn giận và sống đẹp với xã hội quanh mình.\r\nGiận được xuất bản tại Hoa Kỳ ngày 10.9.2001, trước biến cố 11.9.2001 có một ngày. Vì thế Giận đã trở thành quyển sách bán chạy nhất Hoa Kỳ - 50.000 bản mỗi tuần - trong vòng 9 thá\r\nTại Hàn Quốc, quyển sách này đã bán được 1 triệu bản trong vòng 11 tháng. Rất nhiều độc giả nhờ đọc sách này mà đã điều phục được tâm mình, sử dụng ái ngữ lắng nghe để hoà giải với người thân, đem lại hạnh phúc trong gia đình và trong cộng đồng của họ.\r\n\r\nVề Tác giả:\r\nThích Nhất Hạnh (tên khai sinh Nguyễn Xuân Bảo, sinh ngày 11 tháng 10 năm 1926) là một thiền sư, giảng viên, nhà văn, nhà thơ, nhà khảo cứu, nhà hoạt động xã hội, và người vận động cho hòa bình người Việt Nam.Ông sinh ra ở Thừa Thiên-Huế, miền Trung Việt Nam, xuất gia theo Thiền tông vào năm 16 tuổi, trở thành một nhà sư vào năm 1949. Ông là người đưa ra khái niệm \"Phật giáo dấn thân\" (engaged Buddhism) trong cuốn sách Vietnam: Lotus in a Sea of Fire.\r\nThiền sư Thích Nhất Hạnh đã viết hơn 100 cuốn sách, trong số đó hơn 40 cuốn bằng tiếng Anh. Ông là người vận động cho phong trào hòa bình, với các giải pháp không bạo lực cho các mâu thuẫn.\r\nMột số tác phẩm của ông: Con sư tử vàng của thầy Pháp Tạng - Nẻo về của ý - Am mây ngủ - Văn Lang dị sử - Đường xưa mây trắng - Truyện Kiều văn xuôi - Thả một bè lau - Bông hồng cài áo - Đạo Phật ngày nay - Nói với tuổi hai mươi - Trái tim của Bụt…\r\n\r\nGiá sản phẩm trên Tiki đã bao gồm thuế theo luật hiện hành. Bên cạnh đó, tuỳ vào loại sản phẩm, hình thức và địa chỉ giao hàng mà có thể phát sinh thêm chi phí khác như phí vận chuyển, phụ phí hàng cồng kềnh, thuế nhập khẩu (đối với đơn hàng giao từ nước ngoài có giá trị trên 1 triệu đồng).....', 24, 453, '36', 4, 11, 'Giận (Tái Bản 2020).webp', ''),
(82, 'Thiền Sư Và Em Bé 5 Tuổi', 300000, 60, 'Nam Cao', 2021, 600, 'Trong lòng chúng ta ai cũng có một em bé đang đau khổ. Ai cũng có một thời gian khó khăn khi còn thơ ấu và nhiều người đã trải qua những chấn động tâm lý, những tổn thương lớn mà vết thương còn lưu lại đến bây giờ. Để tự bảo vệ và phòng hộ trước những khổ đau trong tương lai, chúng ta thường cố quên đi thời gian đau lòng đó. Mỗi khi tiếp xúc với những kinh nghiệm khổ đau ấy, chúng ta nghĩ rằng chúng ta sẽ không chịu đựng nổi, sẽ không có khả năng xử lý nên chúng ta nén chặt những cảm xúc và ký ức của mình vào đáy sâu vô thức. Đó có thể là do đã từ lâu chúng ta không đủ can đảm để đối diện với em bé đó.\r\n\r\nCho dù chúng ta bỏ mặc em bé nhưng không có nghĩa là em bé không có ở đó. Cái em bé tổn thương luôn có mặt trong ta và đang cố gắng lôi kéo sự chú ý của ta. Chúng ta muốn chấm dứt những nỗi đau khổ của mình bằng cách nhốt em bé vào một nơi sâu kín trong lòng và cho nó ở đó càng lâu càng tốt. Tuy nhiên trốn tránh không thể chấm dứt được nỗi đau khổ, trái lại chỉ kéo dài nó lâu hơn mà thôi.\r\n\r\nChúng ta đau khổ vì không tiếp xúc được với lòng từ bi và sự hiểu biết. Nếu chúng ta chế tác được năng lượng chánh niệm, hiểu biết và từ bi cho em bé bị tổn thương của chúng ta, chúng ta sẽ ít đau khổ hơn. Khi chúng ta chế tác được chánh niệm thì từ bi và cảm thông là điều ta có thể đạt được và chúng ta có thể cho phép những người khác thương mình.\r\n\r\nTrước đây, chúng ta nghi ngờ mọi người, nghi ngờ tất cả. Tuy nhiên, lòng từ bi giúp chúng ta liên hệ được với những người khác và thiết lập lại sự kết nối.\r\n\r\nNhững người chung quanh ta, gia đình và bạn bè, có thể cũng có một vài em bé bị tổn thương trong họ. Nếu chúng ta thực tập và giúp được cho chính mình, chúng ta cũng có thể giúp được cho họ. Khi chúng ta chữa trị được cho chính mình thì những mối quan hệ của chúng ta với những người khác sẽ trở nên dễ dàng hơn. Sẽ có nhiều an lạc và tình thương hơn.\r\n\r\nHãy quay về chăm sóc chính mình. Thân thể của ta, những cảm nhận của ta và những tri giác của ta đang cần ta. Em bé bị tổn thương trong ta đang cần ta. Nỗi khổ niềm đau của ta cần ta công nhận. Hãy trở về ngôi nhà của chính mình và có mặt cho tất cả những điều đó. Thực tập hơi thở và bước chân chánh niệm, làm tất cả các công việc trong chánh niệm là ta có khả năng có mặt thực sự, nhờ đó ta lại có thể yêu thương.\r\nGiá sản phẩm trên Tiki đã bao gồm thuế theo luật hiện hành. Bên cạnh đó, tuỳ vào loại sản phẩm, hình thức và địa chỉ giao hàng mà có thể phát sinh thêm chi phí khác như phí vận chuyển, phụ phí hàng cồng kềnh, thuế nhập khẩu (đối với đơn hàng giao từ nước ngoài có giá trị trên 1 triệu đồng).....\r\n\r\n', 239, 543, 'Tiếng Việt', 3, 11, 'Thiền Sư Và Em Bé 5 Tuổi.webp', 'Thiền Sư Và Em Bé 5 Tuổi1.webp'),
(83, 'Muôn Kiếp Nhân Sinh (Bìa Cứng)', 230000, 25, 'Văn học', 2020, 450, 'MUÔN KIẾP NHÂN SINH - MANY LIVES, MANY TIMES\r\n\r\nGiáo sư John Vũ – Nguyên Phong và những câu chuyện chưa từng có về tiền kiếp, khám phá luật Nhân quả, Luân hồi.\r\n\r\n“Muôn kiếp nhân sinh” là tác phẩm do Giáo sư John Vũ - Nguyên Phong viết từ năm 2017 và hoàn tất đầu năm 2020 ghi lại những câu chuyện, trải nghiệm tiền kiếp kỳ lạ từ nhiều kiếp sống của người bạn tâm giao lâu năm, ông Thomas – một nhà kinh doanh tài chính nổi tiếng ở New York. Những câu chuyện chưa từng tiết lộ này sẽ giúp mọi người trên thế giới chiêm nghiệm, khám phá các quy luật về luật Nhân quả và Luân hồi của vũ trụ giữa lúc trái đất đang gặp nhiều tai ương, biến động, khủng hoảng từng ngày.\r\n\r\n“Muôn kiếp nhân sinh” là một bức tranh lớn với vô vàn mảnh ghép cuộc đời, là một cuốn phim đồ sộ, sống động về những kiếp sống huyền bí, trải dài từ nền văn minh Atlantis hùng mạnh đến vương quốc Ai Cập cổ đại của các Pharaoh quyền uy, đến Hợp Chủng Quốc Hoa Kỳ ngày nay.\r\n\r\n“Muôn kiếp nhân sinh” cung cấp cho bạn đọc kiến thức mới mẻ, vô tận của nhân loại lần đầu được hé mở, cùng những phân tích uyên bác, tiên đoán bất ngờ về hiện tại và tương lai thế giới của những bậc hiền triết thông thái. Đời người tưởng chừng rất dài nhưng lại trôi qua rất nhanh, sinh vượng suy tử, mong manh như sóng nước. Luật nhân quả cực kỳ chính xác, chi tiết, phức tạp được thu thập qua nhiều đời, nhiều kiếp, liên hệ tương hỗ đan xen chặt chữ lẫn nhau, không ai có thể tính được tích đức này có thể trừ được nghiệp kia không, không ai có thể biết được khi nào nhân sẽ trổ quả. Nhưng, một khi đã gây ra nhân thì chắc chắn sẽ gặt quả - luật Nhân quả của vũ trụ trước giờ không bao giờ sai.\r\n\r\nLuật Luân hồi và Nhân quả đã tạo nhân duyên để người này gặp người kia. Gặp nhau có khi là duyên, có khi là nợ; gặp nhau có lúc để trả nợ, có lúc để nối lại duyên xưa. Có biết bao việc diễn ra trong đời, tưởng chừng như là ngẫu nhiên nhưng thật ra đã được sắp đặt từ trước. Luân hồi là một ngôi trường rộng lớn, nơi tất cả con người, tất cả sinh vật đều phải học bài học của riêng mình cho đến khi thật hoàn thiện mới thôi. Nếu không chịu học hay chưa học được trọn vẹn thì buộc phải học lại, chính xác theo quy luật của Nhân quả.\r\n\r\nThomas đã chia sẻ vì sao đã kể những câu chuyện riêng tư huyền bí này với Giáo sư John Vũ để thực hiện tác phẩm “Muôn kiếp nhân sinh”:\r\n\r\n“Hiện nay thế giới đang trải qua giai đoạn hỗn loạn, xáo trộn, mà thật ra thì mọi quốc gia đều đang gánh chịu những nghiệp quả mà họ đã gây ra trong quá khứ.\r\n\r\nMỗi quốc gia, cũng như mọi cá nhân, đều có những nghiệp quả riêng do những nhân mà họ đã gây ra. Cá nhân thì có ‘biệt nghiệp‘ riêng của từng người, nhưng quốc gia thì có ‘cộng nghiệp‘ mà tất cả những người sống trong đó đều phải trả.\r\n\r\nThường thì con người, khi hành động, ít ai nghĩ đến hậu quả, nhưng một khi hậu quả xảy đến thì họ nghĩ gì, làm gì? Họ oán hận, trách trời, trách đất, trách những người chung quanh đã gây ra những hậu quả đó? Có mấy ai biết chiêm nghiệm, tự trách mình và thay đổi không?\r\n\r\nTôi mong chúng ta - những cánh bướm bé nhỏ rung động mong manh cũng có thể tạo nên những trận cuồng phong mãnh liệt để thức tỉnh mọi người.\r\n\r\nTương lai của mỗi con người, mỗi tổ chức, mỗi quốc gia và cả hành tinh này sẽ ra sao trong giai đoạn sắp tới là tùy thuộc vào thái độ ứng xử, nhìn nhận và thức tỉnh của từng cá nhân, từng tổ chức, từng quốc gia đó tạo nên. Nếu muốn thay đổi, cần khởi đầu bằng việc nhận thức, chuyển đổi tâm thức, lan tỏa yêu thương và chia sẻ sự hiểu biết từ mỗi người chúng ta trước.\r\n\r\nNhân quả đừng đợi thấy mới tin.\r\n\r\nNhân quả là bảng chỉ đường, giúp con người tìm về thiện lương“\r\n\r\n“Muôn kiếp nhân sinh” có hai khổ, bìa mềm khổ 14cmx 20.5cm, bìa cứng khổ 16x24cm ruột giấy Ford kem Nhật Bản 80 gsm, in 3 màu kèm 16 phụ bản màu. Cuốn sách được xuất bản bằng tiếng Việt trước khi được chuyển nhượng bản quyền cho các quốc gia khác trên thế giới.\r\n\r\n• Về tác giả\r\n\r\nTác giả Nguyên Phong (Vũ Văn Du) du học ở Mỹ từ năm 1968, tốt nghiệp cao học Sinh vật học, Điện toán. Ông từng là Kỹ sư trưởng, CIO của Tập đoàn Boeing của Mỹ, Viện trưởng Viện Công nghệ Sinh học Đại học Carnegie Mellon. Ông được mọi người biết tới là Giáo sư John Vu – Nhà khoa học uy tín về công nghệ thông tin. , CMMI và từng giảng dạy ở nhiều trường đại học trên thế giới.\r\n\r\nNguyên Phong là bút danh của bộ sách văn hóa tâm linh được dịch, viết phóng tác từ trải nghiệm, tiềm thức và quá trình nghiên cứu, khám phá các giá trị tinh thần Đông phương. Ông đã viết phóng tác tác phẩm bất hủ Hành trình về Phương Đông năm 24 tuổi (1974). Các tác phẩm khác của Nguyên Phong được bạn đọc nhiều thế hệ yêu thích: Ngọc sáng trong hoa sen, Bên rặng tuyết sơn, Hoa sen trên tuyết, Hoa trôi trên sóng nước, Huyền thuật và các đạo sĩ Tây Tạng, Trở về từ xứ tuyết, Trở về từ cõi sáng, Minh triết trong đời sống, Đường mây qua xứ tuyết, Dấu chân trên cát, Đường mây trong cõi mộng, Đường mây trên đất hoa… và bộ sách dành cho sinh viên, thầy cô: Khởi hành, Kết nối, Bước ra thế giới, Kiến tạo thế hệ Việt Nam ưu việt, GS John', 20, 235, 'Tiếng Việt', 4, 11, 'Muôn Kiếp Nhân Sinh (Bìa Cứng).webp', 'Muôn Kiếp Nhân Sinh (Bìa Cứng)1.webp'),
(84, 'Từng Bước Nở Hoa Sen', 264000, 27, 'Nam Cao', 2019, 450, 'Từng Bước Nở Hoa Sen\r\n\r\nKhông nhơ cũng không sạch\r\n\r\nKhông bớt cũng không thêm\r\n\r\nTrí tuệ Ba La Mật\r\n\r\nKhông có pháp nào trên\r\n\r\nSống là chuyển hóa không ngừng, tất cả mọi vật nương vào nhau để tồn tại. Thân tâm an trú trong chánh niệm thì khi đốt một lò trầm, tâm ta cũng thanh tịnh. Chấp nhận cuộc đời là chấp nhận cả sinh lẫn diệt, cả còn lẫn mất, cả vui lẫn buồn. Vì có sự sống là có chết chóc… có sum họp thì có chia lìa, có được thì sẽ mất đi…\r\n\r\nĐức Phật dạy rằng: \"Cứu chữa cho tâm quan trọng hơn là cho thân, vì đó là nguyên nhân gây ra bao điều tội lỗi. Người có tâm từ bi rộng lớn và hành vi thiện lành, tâm sẽ ít bị vẩn đục bởi phiền não tham, sân, si chi phối. Nếu chúng ta mỗi ngày tỉnh giác từng ý nghĩ, lời nói và hành động của mình, thì ta sẽ biết cách làm chủ bản thân để ngày càng hoàn thiện chính mình hơn về mọi mặt.\"\r\n\r\nTừng bước nở hoa sen của Thiền sư Thích Nhất Hạnh là một trong những quyển sách \"dạy\" ta cách sống an nhiên như thế. Bốn mươi bảy bài kệ trong sách cũng là bốn mươi bảy bài học giúp ta tu tập chánh niệm mỗi ngày, hướng đến sự an lạc trong cả tâm, thân và sống hết mình cho từng giây phút hiện tại.\r\n\r\nGiá sản phẩm trên Tiki đã bao gồm thuế theo luật hiện hành. Bên cạnh đó, tuỳ vào loại sản phẩm, hình thức và địa chỉ giao hàng mà có thể phát sinh thêm chi phí khác như phí vận chuyển, phụ phí hàng cồng kềnh, thuế nhập khẩu (đối với đơn hàng giao từ nước ngoài có giá trị trên 1 triệu đồng).....', 210, 421, 'Tiếng Việt', 4, 11, 'Từng Bước Nở Hoa Sen.webp', 'Từng Bước Nở Hoa Sen1.webp'),
(85, 'Hành Trình Của Linh Hồn (Tái Bản 2020)', 112000, 50, 'Đông Á', 2021, 342, 'Bạn có sợ chết không? Bạn có tự hỏi điều gì sẽ xảy ra sau khi bạn chết không? Có thể nào bạn có một linh hồn đến từ đâu đó và sẽ trở về đó sau khi thân xác bạn chết đi, hay đó chỉ là một điều ước ao vì bạn quá sợ hãi?\r\n\r\nCó một nghịch lý rằng con người, duy nhất trong mọi tạo vật trên Trái đất, phải kìm nén nỗi sợ cái chết để sống bình thường. Nhưng bản năng sinh học của chúng ta không bao giờ cho ta quên nỗi nguy hiểm tối cao này của sự tồn tại của chúng ta. Khi chúng ta già đi, bóng ma của cái chết cũng lớn dần lên trong tâm trí chúng ta. Thậm chí cả những người theo tôn giáo cũng sợ cái chết là sự kết thúc của mỗi cá nhân. Nỗi sợ lớn nhất đối với cái chết đem đến những suy nghĩ về sự vô nghĩa của cái chết, điều kết thúc mọi mối liên hệ với gia đình và bạn bè. Cái chết làm cho mọi mục đích thực tiễn của chúng ta trở nên phù phiếm.\r\n\r\nNếu cái chết là sự kết thúc mọi điều của chúng ta thì cuộc sống quả thật thực là vô nghĩa. Tuy nhiên, một sức mạnh nào đó trong chúng ta cho phép con người suy tưởng về sự tiếp tục sau đó và cảm nhận được mối liên hệ với một thế lực cao hơn và thậm chí là linh hồn bất tử. Nếu chúng ta thật sự có linh hồn thì nó sẽ đi về đâu sau khi chúng ta chết? Có thực sự có một loại thiên đường chứa đầy những linh hồn thông thái ở bên ngoài thế giới vật lý của chúng ta? Nó trông ra sao? Chúng ta sẽ làm gì khi tới được đó? Có một thực thể tối cao chịu trách nhiệm về thiên đường đó? Những câu hỏi này xưa như chính loài người và vẫn là một bí ẩn với đa số chúng ta.\r\n\r\nNhững câu trả lời đích thực cho đời sống sau cái chết vẫn được đóng kín sau cánh cửa tâm linh đối với đa số mọi người. Đó là bởi vì ở trong chúng ta vốn sẵn có khả năng quên đi danh tính của linh hồn chúng ta, điều mà ở mức độ nhận thức, sẽ giúp cho sự hợp nhất của linh hồn và bộ não con người. Những năm gần đây, công chúng đã được nghe về những người chết tạm thời và sau đó sống lại nói về một đường hầm dài, ánh sáng rực rỡ và thậm chí những gặp gỡ ngắn ngủi với những linh hồn thân thiện. Nhưng không có một ấn phẩm nào trong số các cuốn sách đã được viết mang đến cho người đọc nhiều hơn một cái nhìn thoáng qua về tất cả những gì cần biết về cuộc đời sau cái chết.\r\n\r\nCuốn sách này là một cuốn nhật ký gần gũi về thế giới linh hồn. Nó trình bày một loạt các trường hợp thể hiện chi tiết, rõ ràng về những gì xảy ra cho chúng ta khi cuộc sống trên Trái đất kết thúc. Bạn sẽ được dẫn qua đường hầm tâm linh để đến với chính thế giới linh hồn để tìm hiểu về những biến đổi đối với linh hồn trước khi chúng cuối cùng trở lại trên Trái đất trong một cuộc sống mới.\r\n\r\nTôi là một người bản chất hay nghi ngờ, mặc dù nếu xét theo nội dung cuốn sách này thì không có vẻ như vậy. Là một cố vấn và là nhà thôi miên, tôi chuyên nghiên cứu về sự thay đổi cách cư xử để điều trị những rối loạn tâm lý. Một phần lớn trong công việc của tôi bao gồm tái cấu trúc nhận thức ngắn hạn với các bệnh nhân bằng cách giúp họ kết nối những suy nghĩ và cảm xúc để khuyến khích những hành vi lành mạnh. Chúng tôi cùng nhau khơi gợi những ý nghĩa, chức năng và kết quả của những niềm tin của họ vì tôi tin rằng không có một vấn đề tâm lý nào là tưởng tượng.\r\n\r\nTrong những ngày đầu mới hành nghề, tôi phản đối những đề nghị đi về kiếp trước của mọi người vì khuynh hướng truyền thống của tôi trong phương pháp điều trị. Trong khi tôi sử dụng các kỹ thuật thôi miên và khôi phục ký ức quá khứ để xác định nguồn gốc của các ký ức khó chịu và những tổn thương của tuổi thơ, tôi có cảm giác mọi cố gắng để đạt đến kiếp trước là không chính thống và không lâm sàng. Sự quan tâm của tôi đối với sự tái sinh và siêu hình học chỉ là sự tò mò lý trí cho đến khi tôi làm việc với một thanh niên trẻ về điều khiển nỗi đau.\r\n\r\nBệnh nhân này than phiền về cảm giác đau đớn kinh niên suốt đời ở phía bên phải. Một trong những công cụ của điều trị bằng thôi miên để điều khiển nỗi đau là hướng dẫn đối tượng làm cho nỗi đau tệ hơn để người đó có thể học cách làm giảm nỗi đau và đạt được kiểm soát. Trong một trong những lần chữa trị có sử dụng cách làm tăng nỗi đau, thanh niên này sử dụng cách tưởng tượng bị đâm để tạo ra sự hành hạ của anh ta. Tìm kiếm nguồn gốc của tưởng tượng này, tôi cuối cùng phát hiện ra kiếp trước anh ta là một người lính trong Thế chiến I và bị giết chết bởi một lưỡi lê ở Pháp, và chúng tôi đã hoàn toàn chiến thắng nỗi đau.\r\n\r\nVới sự cổ vũ từ các bệnh nhân, tôi bắt đầu thử nghiệm đưa một số trong số họ đi xa hơn vào thời kỳ trước khi họ tái sinh lần gần nhất trên Trái đất. Ban đầu tôi lo ngại rằng sự nhất quán của nhu cầu hiện tại, niềm tin và sự sợ hãi có thể tạo ra những tưởng tượng rằng điều đó được nhớ lại. Tuy nhiên không lâu sau tôi nhận ra ký ức sâu sắc của chúng ta đưa ra một loạt những trải nghiệm quá khứ quá thực và quá liên quan để có thể bỏ qua. Tôi dần dần thực sự nhìn nhận rõ mối quan hệ giữa các thân xác cùng các sự kiện trong các kiếp quá khứ với con người chúng ta hôm nay có ý nghĩa quan trọng trong điều trị đến thế nào.\r\n\r\nSau đó tôi khám phá ra một phần quan trọn', 111, 221, 'Tiếng Việt', 4, 11, 'Hành Trình Của Linh Hồn (Tái Bản 2020).webp', 'Hành Trình Của Linh Hồn (Tái Bản 2020)1.webp'),
(86, 'Osho - Từ Bi', 65000, 87, 'Đông Á', 2019, 320, 'Từ bi là một thứ tình thương mát lành, là sự chia sẻ niềm vui của bản thân đến với vạn vật. Từ bi giúp ta trở thành đóa hoa sen, vượt lên vũng bùn của thế giới ham muốn, dục vọng và sự giận dữ.\r\n\r\nDẫn dắt người đọc qua câu chuyện về cuộc đời Đức Phật, Chúa Jesus và những hiểu biết về Thiền đạo, Osho đặt ra thách thức cho các giả định về từ bi là gì và gạt bỏ những sai lầm, định kiến, khám phá ý nghĩa thực sự ẩn sau đó.\r\n\r\n“Từ bi không phải là cái mà chúng ta vẫn gọi là tình yêu. Nó mang yếu tố cốt lõi của tình yêu nhưng lại không phải là tình yêu như chúng ta vẫn biết”, Osho viết.\r\n\r\nTheo Osho, lòng từ bi đích thực không chỉ đến từ hiểu biết và tôn trọng người đối diện, mà phải bắt đầu từ bên trong - chúng ta cần thực sự chấp nhận và yêu thương bản thân mình một cách sâu sắc. Chỉ như vậy, lòng từ bi mới giúp ta chấp nhận người khác một cách vô điều kiện, giúp chúng ta nhìn nhận chân giá trị của mỗi con người. Khi đó, từ bi giúp ta kết nối được cái sâu lắng nhất bên trong người đối diện - chính là tâm hồn của họ. Khi hai tâm hồn có thể kết nối, một dạng thức cao nhất của tình thương sẽ nảy sinh: từ bi.\r\n\r\nVậy, làm thế nào để có được sự từ bi? Trong cuốn sách này, Osho nhấn mạnh vai trò của thiền. Ông viết: “Nếu không có thiền, nguồn năng lượng trong bạn chỉ tồn tại dưới dạng thức đam mê; nhưng nếu có thiền, nó sẽ chuyển hóa thành lòng từ bi”. Ông cho rằng con người không thể luyện tập để trở nên từ bi, “nếu thiền là một bông hoa, thì từ bi chính là hương thơm”.\r\n\r\nNếu như bạn muốn biết thế nào là từ bi, muốn tìm kiếm cảm hứng, niềm vui và nguồn năng lượng tích cực, hoặc đơn giản là muốn tìm hiểu thêm một đầu sách ý nghĩa khác của Osho, cuốn sách Từ bi chắc chắn sẽ là một lựa chọn sáng suốt.\r\n\r\n\r\nGiá sản phẩm trên Tiki đã bao gồm thuế theo luật hiện hành. Bên cạnh đó, tuỳ vào loại sản phẩm, hình thức và địa chỉ giao hàng mà có thể phát sinh thêm chi phí khác như phí vận chuyển, phụ phí hàng cồng kềnh, thuế nhập khẩu (đối với đơn hàng giao từ nước ngoài có giá trị trên 1 triệu đồng).....\r\n\r\n', 25, 318, 'Tiếng Việt', 4, 11, 'Osho - Từ Bi.webp', 'Osho - Từ Bi1.webp'),
(88, 'Sống Đời Bình An', 124000, 31, ' Đông Á', 2021, 244, 'Sau sự thành công và được bạn đọc đón nhận, ủng hộ của tác phẩm Thả trôi phiền muộn, tháng 12 này, tác phẩm thứ hai của tác giả - Sư cô Suối Thông sẽ được phát hành với hy vọng tiếp tục gieo những hạt mầm tốt đẹp vào thế giới rộng lớn này.\r\n\r\nMặc dù tác phẩm thứ hai này phong phú hơn về chủ đề và thể loại, song tác giả vẫn ưu tiên các bài viết có tính chất tu dưỡng, nâng cao phẩm chất cá nhân, quay về nhìn lại và làm mới chính mình, từ trong suy nghĩ, lời nói đến hành động. Vì tác giả quan niệm: Muôn sự vạn việc đều bắt nguồn từ mỗi cá nhân. Khi mình đủ vững vàng thì năng lượng tích cực sẽ lan tỏa đến những người và việc xung quanh, làm cho mọi điều tốt đẹp hơn lên. Đó cũng chính là tầng ý nghĩa để đặt tên cho cuốn sách thứ hai này: Sống đời bình an.\r\n\r\nHy vọng khi lần giở từng trang sách của Sống đời bình an, bạn đọc sẽ nhìn thấy hình bóng của mình, như một người bạn đồng cảm qua mỗi bài viết, mỗi câu chuyện. Để khi gấp cuốn sách lại, bạn sẽ có thêm ít nhiều năng lượng cho hành trình cuộc sống được tươi mới, an yên và vui vẻ hơn:\r\n\r\nCó câu: “Không nhòm ngó người khác thì không thương cảm bản thân; không lưu luyến quá khứ sẽ không ảo tưởng tương lai; để tâm trong hiện tại tất sẽ bình an”.\r\n\r\nỞ đời:\r\n\r\nNhân phẩm lấy chính trực làm quý;\r\n\r\nTâm địa lấy lương thiện làm chủ;\r\n\r\nTu đức lấy bố thí làm trọng;\r\n\r\nHành thiện lấy hiếu thuận làm cao;\r\n\r\nTình cảm lấy chân thành làm gốc;\r\n\r\nĐối đãi lấy trung thực làm đầu;\r\n\r\nXử thế lấy khiêm nhường làm bạn;\r\n\r\nHọc vấn lấy thông suốt làm thầy;\r\n\r\nNgôn ngữ lấy rõ ràng làm chuẩn;\r\n\r\nHành động lấy thận trọng làm luật;\r\n\r\nẨm thực lấy thanh đạm làm ngon;\r\n\r\nLàm người lấy uy tín làm nền tảng;\r\n\r\nLàm việc lấy tận tâm làm điểm xuất phát.\r\n\r\nGiá sản phẩm trên Tiki đã bao gồm thuế theo luật hiện hành. Bên cạnh đó, tuỳ vào loại sản phẩm, hình thức và địa chỉ giao hàng mà có thể phát sinh thêm chi phí khác như phí vận chuyển, phụ phí hàng cồng kềnh, thuế nhập khẩu (đối với đơn hàng giao từ nước ngoài có giá trị trên 1 triệu đồng).....\r\n\r\n', 23, 523, 'Tiếng Việt', 5, 11, 'Sống Đời Bình An.webp', ''),
(89, 'Đường Mây Trên Đất Hoa', 126000, 37, 'Đông Á', 2008, 245, 'Cuộc đời tu tập và hành đạo kéo dài suốt một trăm hai mươi năm của Hòa thượng Hư Vân không chỉ là tấm bản đồ chỉ dẫn cho những người muốn tu tập, mà còn là một bức tranh sống động mô tả rõ tình trạng của Phật giáo tại Trung Hoa cuối thế kỉ thứ mười chín. Ngoài giá trị về Phật học, nó còn mang giá trị rất lớn về mặt sử liệu, vì Hòa thượng Hư Vân ra đời vào lúc các nước đế quốc đang xâu xé Trung Hoa (1840) và ngài qua đời vào năm 1959, sau khi nước Cộng hòa Nhân dân Trung Hoa ra đời (1949). Ngài đã chứng kiến năm triều đại nhà Mãn Thanh, Chiến tranh Nha phiến (1839-1842 và 1857-1860), Hòa ước Nam Kinh, Chiến tranh Thanh- Nhật (1894-1895), cuộc nổi dậy Thái Bình Thiên Quốc và Nghĩa Hòa Đoàn (1899-1901), Cách mạng Tân Hợi (1911) và Chiến tranh Trung – Nhật (1937-1945). Ngài đã trải qua những nội ưu ngoại hoạn của thời thành lập Trung Hoa Dân Quốc, cuộc chiến tranh Nam – Bắc và Ngũ Tứ vận động. Ngài đã chia sẻ những hổ đau kinh hoàng của dân chúng trong trận Thế chiến thứ nhất và thứ hai, cũng như cuộc tranh chấp giữa các phe phái quân phiệt và đảng phái.\r\n\r\nBất chấp mọi khó khăn trở ngại, tình hình chính trị xáo trộn, ngài vẫn ung dung hoằng pháp, xây dựng lại những tự viện, chùa chiền đổ nát vì chiến cuộc, chấn hưng Phật giáo, đào tạo Tăng tài, xây dựng lại căn nhà Pháp cho bền vững. Ngài đã xây cất hàng chục cảnh chùa, trùng tu hàng trăm tháp Tổ, dạy dỗ hàng ngàn tăng chúng và truyền giới cho hàng trăm ngàn người. Ngài không những đã đi khắp Trung Hoa hoằng dương Phật đạo mà còn qua cả Xiêm La, Tây Tạng, Ấn Độ, Nam Dương, Mã Lai, Miến Điện để làm Phật sự.\r\n\r\nTrong suốt cuộc đời hành đạo, ngài luôn luôn khiêm tốn nhẫn nhục, chịu đựng mọi sự bất hạnh mà không một lời oán than, ngay cả khi bị hành hạ, tra tấn chết đi sống lại, ngài vẫn chỉ một lòng niệm Phật. Cuộc đời tu học của ngài là cả một công phu với những cố gắng phi thường. Tuy thăm viếng, học hỏi rất nhiều ở các bậc thiện tri thức nhưng ngài đã chứng đắc hoàn toàn nhờ vào những nỗ lực cá nhân. Ngài chứng nhất tâm khi thực hành tam bộ nhất bái, đạt kiến tánh khi chịu khổ nhục tại chùa Cao Mân. Nhờ ngài mà các truyền thống tu tập cổ xưa đã được khôi phục, đem lại một sinh khí mới cho Phật giáo Trung Hoa lúc đang ở trong tình trạng suy đồi.\r\n\r\nQuyển Đường mây trên đất Hoa được chia làm ba phần, phần thứ nhất là do chính Hòa thượng Hư Vân kể lại đời mình cho các đệ tử ghi chép, phần hai là do các đệ tử của ngài ghi lại những sự việc xảy ra sau đó và phần thứ ba là lời giảng dạy của Hòa thượng trong hai khóa thiền nhất.\r\n\r\nGiá sản phẩm trên Tiki đã bao gồm thuế theo luật hiện hành. Bên cạnh đó, tuỳ vào loại sản phẩm, hình thức và địa chỉ giao hàng mà có thể phát sinh thêm chi phí khác như phí vận chuyển, phụ phí hàng cồng kềnh, thuế nhập khẩu (đối với đơn hàng giao từ nước ngoài có giá trị trên 1 triệu đồng).....\r\n\r\n', 74, 321, 'Tiếng Việt', 4, 11, 'Đường Mây Trên Đất Hoa.webp', 'Đường Mây Trên Đất Hoa1.webp'),
(90, 'Payback Time - Ngày Đòi Nợ', 260000, 29, 'Đông Á', 2011, 240, '\"Trong chứng khoán và thị trường tài chính, dám tham gia đầu tư cũng là một thành công tâm lý ban đầu. Dù vậy, 95% nhà đầu tư Việt Nam thuộc nhóm nhà đầu tư nhỏ lẻ với vốn kiến thức tài chính vô cùng hạn chế. Họ tham gia vào thị trường chứng khoán với 100% ý chí và sự quyết tâm chiến thắng thị trường, nhưng thật không may mắn kết cục cuối cùng của họ luôn là sự thất bại và mất tiền.\r\n\r\nBởi vì, chúng ta thường dễ dàng nghe theo các “lời khuyên miễn phí” đến từ bạn bè, những người môi giới, những người nghe ngóng thông tin từ các “đội lái” làm giá và thao túng chứng khoán. Chúng ta không biết làm thế nào để phân biệt hai khái niệm “giá cả – pricing” và “giá trị – value”. Hay mua mua, bán bán liên tục hàng ngày với việc dán mắt vào bảng điện tử, phân tích biểu đồ, đường trung bình giá… và mong đợi một vận may cổ phiếu cùng giá của nó sẽ đi theo suy đoán của mình?\r\n\r\n\r\n\r\nRất nhiều “nhà đầu tư” không hề có một hệ thống đầu tư chuẩn mực nào cả. Không biết cách và những tiêu chí để tìm kiếm cổ phiếu, theo dõi, quyết định điểm mua và quyết định thời điểm bán ra. Vì không có hệ thống đầu tư chuẩn mực nên kết quả chúng ta chỉ có một sự lựa chọn đó chính là THUA LỖ.\r\n\r\nVậy có phải chỉ có những chuyên gia tài chính mới có thể gặt hái thành công trên thị trường chứng khoán? Để kiếm được tiền từ chứng khoán bạn phải sở hữu hàng tá kho tàng kiến thức tài chính vốn không dễ dàng “hấp thụ” trong một sớm một chiều? \r\n\r\nKhông hẳn vậy. Có rất nhiều người dù không được đào tạo bài bản về các kiến thức tài chính, dù vẫn là những người đầu tư nhỏ lẻ họ vẫn chiến thắng thị trường và làm giàu được từ chứng khoán. Đó là bởi vì họ có được một hệ thống đầu tư chuẩn mực, biết vận dụng các công cụ phân tích, biết tuân thủ các nguyên tắc trong đầu tư.\r\n\r\nCó một hệ thống đầu tư chuẩn mực đã và đang được những nhà đầu tư bậc thầy trên thế giới như Warren Buffett, Charlie Munger… áp dụng. Hệ thống đầu tư và phương pháp đầu tư ưu việt đó đã được gói gọn và thực sự dễ hiểu trong cuốn PayBack Time – Ngày đòi nợ của tác giả Phil Town.\r\n\r\nNGÀY ĐÒI NỢ – Payback Time là cuốn sách bán chạy nhất New York Time được tác giả Phil Town sử dụng những ngôn ngữ đơn giản, dễ hiểu và lồng ghép những ví dụ thực tế giúp cho người đọc tiếp cận với những kiến thức về đầu tư chứng khoán một cách dễ dàng. Bên cạnh đó với những kiến thức và trải nghiệm của bản thân, chúng tôi đã đưa cuốn sách gần gũi hơn với bạn đọc Việt Nam.\r\n\r\n\r\n\r\nCuốn sách sẽ hướng dẫn bạn từ cách thức lựa chọn, đánh giá cổ phiếu, cho đến xây dựng cho mình một danh mục các cổ phiếu sẽ mua, mức giá mua–bán nào là hợp lý, cùng với những nguyên tắc mà bạn phải tuân theo… và cứ thực hành như vậy cho tới khi bạn trở nên giàu có.\r\n\r\n“Một cuộc sống hạnh phúc được bắt đầu từ những quyết định đầu tư khôn ngoan”. Ngay ngày hôm nay, hãy bắt đầu quyết định đầu tư khôn ngoan của bạn bằng việc trang bị một hệ thống và phương pháp đầu tư hoàn chỉnh đã được chứng minh hiệu quả tuyệt đối qua thời gian được trình bày trong cuốn sách này. Bởi vì: Kiếm một số tiền lớn từ đầu tư chứng khoán chính là cách “trả thù” tốt nhất cho tương lai tài chính của bạn vốn đã bị cướp đi trước đây.\r\n\r\n \r\n\r\nMỤC LỤC SÁCH\r\n\r\nLưu ý cùng độc giả\r\n\r\nLời tựa \r\n\r\nChương 1: Con đường từ Quy tắc số 1- RULE #1 – đến Payback Time \r\n\r\nChương 2: Người giàu đã dùng khủng hoảng để “PHẤT LÊN” như thế nào? \r\n\r\nChương 3: ĐẦU TƯ vào các quỹ tương hỗ không mang lại hiệu quả \r\n\r\nChương 4: BA CHỮ M – Công thức đầu tư không có rủi ro \r\n\r\nChương 5: Payback Time nghĩa là “KHÔNG SỢ HÃI” \r\n\r\nChương 6: TÁM BƯỚC chập chững đi đến thành công \r\n\r\nChương 7: Chỉ có phương pháp SÀN & TRẦN (FACs – FLOOR & CEILINGs) giúp bạn kiếm tiền \r\n\r\nChương 8: Câu chuyện cổ tích của một gia đình \r\n\r\nChương 9: TIỀN CHÙA cùng Berky \r\n\r\nChương 10: Cùng tham gia cách mạng về QUY TẮC SỐ 1.\"\r\n\r\nGiá sản phẩm trên Tiki đã bao gồm thuế theo luật hiện hành. Bên cạnh đó, tuỳ vào loại sản phẩm, hình thức và địa chỉ giao hàng mà có thể phát sinh thêm chi phí khác như phí vận chuyển, phụ phí hàng cồng kềnh, thuế nhập khẩu (đối với đơn hàng giao từ nước ngoài có giá trị trên 1 triệu đồng).....\r\n\r\n', 184, 879, 'Tiếng Việt', 4, 3, 'Payback Time - Ngày Đòi Nợ.webp', 'Payback Time - Ngày Đòi Nợ1.webp'),
(91, 'Nhà Đầu Tư Thông Minh (Tái Bản 2020)', 132000, 32, 'Đông Á', 2019, 340, 'Tác Phẩm Kinh Điển Về Tư Vấn Đầu Tư\r\n\r\nLà nhà tư vấn đầu tư vĩ đại nhất của thế kỷ 20, Benjamin Graham đã giảng dạy và truyền cảm hứng cho nhiều người trên khắp thế giới. Triết lý “đầu tư theo giá trị“ của Graham, bảo vệ nhà đầu tư khỏi những sai lầm lớn và dạy anh ta phát triển các chiến lược dài hạn, đã khiến Nhà đầu tư thông minh trở thành cẩm nang của thị trường chứng khoán kể từ lần xuất bản đầu tiên vào năm 1949.\r\n\r\nTrải qua năm tháng, diễn biến thị trường đã chứng minh tính sáng suốt trong các chiến lược của Graham. Trong khi vẫn giữ lại toàn vẹn văn bản ban đầu của Graham, ấn phẩm tái bản này bổ sung thêm bình luận cập nhật của ký giả chuyên về tài chính nổi tiếng Jason Zweig. Cái nhìn của Zweig bao quát hiện thực của thị trường ngày nay, vạch ra sự tương tự giữa những ví dụ của Graham và các tít báo về tài chính hiện nay, giúp bạn đọc có sự hiểu biết kỹ lưỡng hơn về cách thức áp dụng các nguyên tắc của Graham.\r\n\r\nSống động và cần thiết, Nhà đầu tư thông minh là cuốn sách quan trọng nhất mà bạn có dịp đọc về cách thức đạt được các mục tiêu tài chính của mình.\r\n\r\nGiá sản phẩm trên Tiki đã bao gồm thuế theo luật hiện hành. Bên cạnh đó, tuỳ vào loại sản phẩm, hình thức và địa chỉ giao hàng mà có thể phát sinh thêm chi phí khác như phí vận chuyển, phụ phí hàng cồng kềnh, thuế nhập khẩu (đối với đơn hàng giao từ nước ngoài có giá trị trên 1 triệu đồng).....', 26, 67, 'Tiếng Việt', 3, 3, 'Nhà Đầu Tư Thông Minh (Tái Bản 2020).webp', ''),
(92, 'Tâm Lý Học Về Tiền', 300000, 30, 'Đông Á', 2019, 222, 'Tiền bạc có ở khắp mọi nơi, nó ảnh hưởng đến tất cả chúng ta, và khiến phần lớn chúng ta bối rối. Mọi người nghĩ về nó theo những cách hơi khác nhau một chút. Nó mang lại những bài học có thể được áp dụng tới rất nhiều lĩnh vực trong cuộc sống, như rủi ro, sự tự tin, và hạnh phúc. Rất ít chủ đề cung cấp một lăng kính phóng to đầy quyền lực giúp giải thích vì sao mọi người lại hành xử theo cách họ làm hơn là về tiền bạc. Đó mới là một trong những chương trình hoành tráng nhất trên thế giới.\r\n\r\nChúng ta hiếm khi lâm vào hoàn cảnh nợ ngập đầu ư? Biết tiết kiệm để dành cho lúc khốn khó hơn ư? Chuẩn bị sẵn sàng cho việc nghỉ hưu? Có những cái nhìn thiết thực về mối quan hệ giữa tiền và hạnh phúc của chúng ta hơn phải không?\r\n\r\nChúng ta đều làm những điều điên rồ với tiền bạc, bởi vì chúng ta đều còn khá mới mẻ với trò chơi này và điều có vẻ điên rồ với bạn lại có khi hợp lý với tôi. Nhưng không ai là điên rồ cả – chúng ta đều đưa ra các quyết định dựa trên những trải nghiệm độc đáo riêng có mang vẻ hợp lý với mình ở bất cứ thời điểm nào.\r\n\r\nMục đích của cuốn sách này là sử dụng những câu chuyện ngắn để thuyết phục bạn rằng những kỹ năng mềm còn quan trọng hơn khía cạnh lý thuyết của đồng tiền. Thông qua một tập hợp những thử nghiệm và sai lầm của nhiều năm chúng ta đã học được cách trở thành những nông dân giỏi giang hơn, những thợ sửa ống nước nhiều kỹ năng hơn, và những nhà hóa học tiên tiến hơn. Nhưng liệu việc thử nghiệm và sai lầm có dạy chúng ta trở nên giỏi hơn trong cách quản lý tài chính cá nhân của chính mình không?\r\n\r\nNhiều tiền không liên quan nhiều đến việc bạn thông minh như thế nào mà lại liên quan lớn đến cách bạn hành xử. Và cách hành xử thì rất khó để uốn nắn, ngay cả đối với những người thực sự thông minh.\r\n\r\nMột thiên tài không kiểm soát được cảm xúc của anh ta có thể dẫn tới một thảm họa tài chính. Điều ngược lại cũng đúng. Những người bình thường không có kiến thức về tài chính có thể trở nên giàu có nếu họ nắm trong tay những kỹ năng hành xử không liên quan đến những thước đo chính thống về trí thông minh.\r\n\r\nSự thành công trong tài chính không phải là một lĩnh vực khoa học khó nhằn. Nó là một kỹ năng mềm, nơi mà cách bạn hành xử quan trọng hơn điều mà bạn biết. Trong “Tâm lý học về tiền”, tác giả từng đoạt giải thưởng Morgan Housel chia sẻ 19 câu chuyện ngắn khám phá những cách kỳ lạ mà mọi người nghĩ về tiền bạc và dạy bạn cách hiểu rõ hơn về một trong những chủ đề quan trọng nhất của cuộc sống.\r\n\r\nGiá sản phẩm trên Tiki đã bao gồm thuế theo luật hiện hành. Bên cạnh đó, tuỳ vào loại sản phẩm, hình thức và địa chỉ giao hàng mà có thể phát sinh thêm chi phí khác như phí vận chuyển, phụ phí hàng cồng kềnh, thuế nhập khẩu (đối với đơn hàng giao từ nước ngoài có giá trị trên 1 triệu đồng).....\r\n\r\n', 35, 553, 'Tiếng Việt', 4, 3, 'Tâm Lý Học Về Tiền.webp', 'Tâm Lý Học Về Tiền1.webp'),
(93, 'Think And Grow Rich - 13 Nguyên Tắc Nghĩ Giàu, Làm Giàu (Tái Bản)', 222000, 67, 'Nhi Đồng', 2021, 325, 'Cuốn sách sẽ giúp bạn trở nên giàu có, làm giàu cho cuộc sống của bạn trên tất cả các phương diện của cuộc sống chứ không chỉ về tài chính và vật chất.\r\nThink and grow rich – 13 nguyên tắc nghĩ giàu, làm giàu là cuốn sách “chỉ dẫn” duy nhất chỉ ra những nguồn lực bạn phải có để thành công. Mỗi chương trong cuốn sách đều đề cập đến bí quyết kiếm tiền, từ việc có niềm tin, có mong muốn đến những kiến thức chuyên sâu, những ý tưởng, những kế hoạch, những cách đưa ra quyết định.\r\n“THINK AND GROW RICH\r\nMua nó…\r\nBạn có một cuốn sách.\r\nĐọc nó…\r\nBạn có một kế hoạch làm giàu\r\nLàm theo kế hoạch đó…\r\nBạn có cả thế giới!”\r\nTheo quy luật tự nhiên, bí quyết này sẽ buộc bạn phải trả giá, nhưng cái giá phải trả thấp hơn rất nhiều so với giá trị thực sự của nó. Nó không thể được định giá bởi những người không muốn tìm kiếm nó. Bí quyết này cũng không thể cho đi vì nó không thể mua được bằng tiền, bởi nó có hai phần và một phần vốn đã tồn tại trong những con người sẵn sàng đón nhận nó.\r\nThông tin tác giả:\r\nTác giả Oliver Napoleon Hill (26/10/1883 – 08/11/1970) là tác giả người Mỹ, ông được mệnh danh là người sáng lập ra Khoa học thành công. Ông là cố vấn cho hai vị tổng thống Hoa Kỳ Woodrow Wilson và Franklin D. Roosevelt. Napoleon Hill có ảnh hưởng đến thành công của rất nhiều người, đặc biệt là qua triết lý làm giàu trong cuốn sách này. Ông là tác giả của hơn 30 cuốn sách, trong đó có Success through a Positive Mental Attitude viết cùng W. Clement Stone. Ông cũng sáng lập ra ba tạp chí: Hill’s Golden Rule (1919), Napoleon Hill’s Magazine (1921) và Inspiration Magazine (1931).\r\nGiá sản phẩm trên Tiki đã bao gồm thuế theo luật hiện hành. Bên cạnh đó, tuỳ vào loại sản phẩm, hình thức và địa chỉ giao hàng mà có thể phát sinh thêm chi phí khác như phí vận chuyển, phụ phí hàng cồng kềnh, thuế nhập khẩu (đối với đơn hàng giao từ nước ngoài có giá trị trên 1 triệu đồng).....\r\n\r\n', 26, 99, 'Tiếng Việt', 4, 3, 'Think And Grow Rich - 13 Nguyên Tắc Nghĩ Giàu, Làm Giàu (Tái Bản).webp', 'Think And Grow Rich - 13 Nguyên Tắc Nghĩ Giàu, Làm Giàu (Tái Bản)1.webp'),
(94, 'Đừng Làm Việc Chăm Chỉ Hãy Làm Việc Thông Minh', 245000, 45, 'Đông Á', 2019, 320, 'Đừng Làm Việc Chăm Chỉ Hãy Làm Việc Thông Minh\r\n\r\nMô tả: Thành công là học cách làm việc THÔNG MINH hơn chứ không phải CHĂM CHỈ hơn! Những người thành công thường chỉ tập trung thời gian của họ vào một vài ưu tiên và luôn nghĩ làm thế nào để mọi việc diễn ra suôn sẻ.\r\n\r\nMỗi người đều có 96 khối năng lượng mỗi ngày để làm những gì chúng ta muốn. Bạn luôn cần đảm bảo mình đang sử dụng mỗi khối năng lượng một cách khôn ngoan để đạt được tiến bộ nhanh nhất trên các mục tiêu quan trọng của bản thân. Đừng Làm Việc Chăm Chỉ Hãy Làm Việc Thông Minh để luôn duy trì nguồn năng lượng tích cực là cuốn sách Bizbooks xin trân trọng gửi đến quý độc giả.\r\n\r\nNhững kiến thức trong cuốn sách đưa ra những nghiên cứu về bộ não để giúp chúng ta quản trị trí não, cảm xúc và thói quen với những bước hành động hết sức giản đơn nhờ đó thiết lập những kế hoạch phù hợp với nhịp độ sinh học của bản thân. Ví dụ như:\r\n\r\nNếu bạn đợi đến phút cuối mới bắt đầu làm việc, thì việc đó sẽ chỉ mất một vài phút để hoàn thành. Đó chính là định luật Parkinson mà chúng ta đều từng trải qua. Chúng ta đều vật lộn trong suốt một tháng để thực hiện một dự án, và rồi thật kỳ diệu, chúng ta hoàn tất dự án đó chỉ trong tuần cuối cùng.\r\n\r\nĐịnh luật này cung cấp một đòn bẩy tuyệt vời để làm việc năng suất hơn: Áp dụng những deadlines ngắn hơn cho một công việc nào đó, hay sắp xếp một cuộc gặp mặt sớm hơn. Tìm khoảng thời gian mà bạn năng suất nhất để làm những việc đó thay vì dàn trải trong ngày dài.\r\n\r\nChìa khoá để đạt được kết quả tốt không phải là làm việc siêng năng hơn. Hầu hết chúng ta đã làm việc nhiều giờ ở công ty. Chúng ta đem công việc về nhà, luôn luôn sẵn sàng cho công việc, giải quyết tất cả mọi thứ mà chúng ta được giao. Chúng ta làm việc đó một cách tốt nhất trong khả năng của mình. Dường như cho dù chúng ta có làm việc rất nhiều giờ đi chăng nữa; hiệu suất của chúng ta dường như không cải thiện.\r\n\r\nTrong khi chúng ta luôn nghĩ rằng những người thành công là bởi vì họ tài năng hơn chúng ta. Tuy nhiên, càng nhìn xung quanh, tôi càng thấy không phải vậy. Một trong những lý do chúng ta nghĩ rằng họ thành công nhờ tài năng là bởi nó giúp chúng ta bỏ qua lý do thực sự. Chúng tôi không tài năng như những người siêu thành công này nên tất nhiên chúng tôi không được như họ. Giải thích như vậy là sai. Tài năng rất quan trọng, điều đó là tất nhiên, nhưng nó không quan trọng nhiều như bạn nghĩ.\r\n\r\nNhững người thành công thường chỉ tập trung thời gian của họ vào một vài ưu tiên và luôn nghĩ làm thế nào để mọi việc diễn ra suôn sẻ. Điều này tưởng chừng như đơn giản nhưng không hề dễ dàng. Mời bạn đọc cuốn sách Đừng Làm Việc Chăm Chỉ Hãy Làm Việc Thông Minh để tìm ra lời giải đáp.\r\n\r\nGiá sản phẩm trên Tiki đã bao gồm thuế theo luật hiện hành. Bên cạnh đó, tuỳ vào loại sản phẩm, hình thức và địa chỉ giao hàng mà có thể phát sinh thêm chi phí khác như phí vận chuyển, phụ phí hàng cồng kềnh, thuế nhập khẩu (đối với đơn hàng giao từ nước ngoài có giá trị trên 1 triệu đồng).....\r\n\r\n', 60, 256, 'Tiếng Việt', 2, 3, 'Đừng Làm Việc Chăm Chỉ Hãy Làm Việc Thông Minh.webp', 'Đừng Làm Việc Chăm Chỉ Hãy Làm Việc Thông Minh1.webp'),
(95, 'Nghệ Thuật đầu tư Dhandho', 90000, 51, ' Đông Á', 2021, 345, 'Khi nhắc tới đầu tư giá trị, chúng ta không thể không nhắc đến người đàn ông lỗi lạc, người được ví như một “Warren Buffett đời thứ hai”, đó là Mohnish Pabrai.\r\n\r\nThuộc diện sinh sau đẻ muộn lại không được đào tạo bài bản về tài chính nhưng nhưng Mohnish Pabrai đã trở thành một nhà đầu tư vô cùng thành công. Ông được xếp vào hàng ngũ những nhà đầu tư giá trị nổi danh thế hệ mới cùng Phil Town, Guy Spier, Seth Klarman; những con người kế thừa một cách xuất sắc phương pháp đầu tư của các bậc “tiền bối” Benjamin Graham, Warren Buffett và Charlie Munger. Mohnish được biết tới bởi cách tiếp cận cực kì thành công trong dài hạn với thành tích đáng nể: đạt lãi kép tới 18.8%/năm suốt giai đoạn khó khăn của thị trường chứng khoán Hoa Kỳ từ 1999-2008 (thị trường chung chỉ mang lại mức lợi nhuận khoảng 1%) và biến 1 triệu đô la ban đầu của trong quỹ đầu tư của mình (năm 1999) tăng trưởng thành 400 triệu đô la ngày nay.\r\n\r\nLối tiếp cận truyền thống của hầu hết các nhà đầu tư trên thực tế luôn là “Rủi ro cao, lợi nhuận cao” nhưng với Mohnish Pabrai thì không nhất thiết phải như vậy. “Rủi ro thấp, lợi nhuận cao” đó là tất cả những gì ông tìm kiếm.\r\n\r\nMohnish Pabrai thông qua cuốn sách nổi tiếng của mình - “Nghệ Thuật Đầu Tư Dhandho – The Dhandho Investor” sẽ từng bước chỉ ra cho chúng ta những đặc điểm và cách thức đầu tư mà ông đã áp dụng rất hiệu quả trong thực tế. Và thật là may mắn những “túi khôn” và trí tuệ của Mohnish sẽ đến và đi thẳng vào đầu chúng ta bằng lối viết và kể chuyện đơn giản, dễ hiểu.\r\n\r\n“Ngửa thì tôi thắng, sấp thì tôi chẳng thiệt bao nhiêu” đó chính là nguyên tắc lặp đi lặp lại trong cuốn sách thông qua hàng loạt các thí dụ về những ngành nghề, những doanh nhân, và những cơ hội kinh doanh khác nhau. Bạn sẽ hiểu được nguyên nhân vì sao những người Patel, một dân tộc thiểu số Ấn Độ di cư sang Mĩ năm 1970, với số dân vô cùng ít ỏi, lại có thể vươn lên chiếm tới 50% thị phần ngành nghề kinh doanh nhà nghỉ (Motel) tại Mỹ, vì sao doanh nhân Richard Branson lại đạt được thành công lớn với tập đoàn Virgin, vì sao “Vua” thép Ấn Độ Lakshmi Mittal lại là ông hoàng trong lĩnh vực của mình.\r\n\r\nHãy tập trung nghiên cứu và đầu tư vào những công ty bán những sản phẩm mà tất cả mọi người cần; hãy đầu tư vào những công ty có xác suất thay đổi và buộc phải thay đổi ít nhất, những công ty có rủi ro thấp và tính bất định cao; hãy biết chờ đợi và đặt cược lớn khi lợi thế nghiêng về phía mình; hãy cược ít, cược lớn và cược không thường xuyên; hãy mua khi những người khác tuyệt vọng. Đó là tất cả những gì bạn cần phải làm khi đầu tư theo phong cách của Mohnish Pabrai.\r\n\r\nNHẬN XÉT VỀ SÁCH\r\n\r\nMonish Pabrai là một người có tư tưởng sắc sảo, ông thích giải mã thế giới tài chính huyền bí đồng thời cũng là người xâu chuỗi câu chuyện đến tài tình. Cho dù bạn hoang mang thế nào trước những thế lực đứng sau sự bấp bênh của giá cổ phiếu trên Phố Wall hay bạn biết chắc mình đã tỏ đi nữa, bạn cũng sẽ hiểu thấu đáo hơn khi đọc cuốn sách này. Monish Pabrai dẫn ra câu chuyện của những ông trùm kinh doanh và bài thẩm tra thông minh nhằm chắt lọc các nguyên tắc cốt lõi mang giá trị sâu sắc. Tất cả được đóng gói thành bộ ý tưởng hữu ích mà bạn nên vận dụng vào chính quá trình đầu tư của mình.', 250, 126, 'Tiếng Việt', 1, 3, 'Nghệ Thuật đầu tư Dhandho.webp', 'Nghệ Thuật đầu tư Dhandho1.webp'),
(96, 'Người Nam Châm (Tái Bản 2019)', 121000, 668, 'Đông Á', 2019, 250, 'Cuốn sách viết về cách hoạt động của Luật hấp dẫn trong cuộc sống của bạn, từ đó bạn có thể hiểu nhiều hơn về bản thân mình - thực ra bạn là ai và tại sao bạn lại ở đây. Cuốn sách này chính là chìa khóa của bạn. Nó có thể mở cánh cửa tới tương lai như bạn mong ước và đưa bạn tới con đường có nhiều niềm vui, sung túc và giàu có hơn. Khi đọc cuốn sách này, bạn sẽ thấy mình được truyền cảm hứng vì bạn nhận ra rằng bạn có thể tạo ra cuộc sống mà bạn khao khát, và bạn sẽ được trao quyền khi sử dụng những công cụ, những chiến lược và những khái niệm cơ bản được chuyển tải trong những trang sách này.\r\n\r\nGiá sản phẩm trên Tiki đã bao gồm thuế theo luật hiện hành. Bên cạnh đó, tuỳ vào loại sản phẩm, hình thức và địa chỉ giao hàng mà có thể phát sinh thêm chi phí khác như phí vận chuyển, phụ phí hàng cồng kềnh, thuế nhập khẩu (đối với đơn hàng giao từ nước ngoài có giá trị trên 1 triệu đồng).....', 60, 87, 'Tiếng Việt', 2, 3, 'Người Nam Châm (Tái Bản 2019).webp', ''),
(97, 'Người Giàu Có Nhất Thành Babylon (Tái Bản 2020)', 66000, 0, 'Đông Á', 2021, 355, 'Người giàu có nhất thành Babylon (tiếng Anh: The Richest Man in Babylon) được xem là một trong những tác phẩm truyền cảm hứng lớn nhất về chủ đề tiết kiệm, kế hoạch tài chính và sự giàu có cá nhân. Tác phẩm được viết bởi doanh nhân, nhà văn Mỹ George Samuel Clason vào năm 1926, kể về cách tiết kiệm, buôn bán và làm giàu của người dân ở thành Babylon cổ xưa.\r\n\r\nBan đầu đây chỉ là một tập sách nhỏ, viết về các cách quản lý tài chính và do các ngân hàng và công ty bảo hiểm phân phối. Sau khi được tổng hợp, biên tập thành một cuốn sách trọn vẹn, “Người giàu có nhất thành Babylon” bất ngờ trở nên phổ biến và nổi tiếng trên toàn thế giới bởi những lời khuyên về quản lý tài chính hết sức khôn ngoan.\r\n\r\nCuốn sách tập hợp nhiều câu chuyện cổ về các nhân vật vươn lên từ nghèo khổ để trở nên giàu có, được kính trọng bậc nhất thành Babylon. Có thể kể đến câu chuyện của “người giàu có nhất thành Babylon” Arkad – một thợ khắc gỗ khi còn trẻ, hay người cho vay vàng Mathon, những người nô lệ như Dabasir, Megiddo, Sharru Nada,…\r\n\r\nCác bí quyết tài chính quan trọng nhất được cuốn sách tiết lộ bao gồm: 7 cách để chữa trị một túi tiền xẹp lép, 5 quy luật của vàng, công thức tích lũy theo tỷ lệ 1/10. Ngoài ra, cuốn sách còn đưa ra nhiều lời khuyên hữu ích về cách kiểm soát những khoản chi tiêu, làm cho vàng sinh lợi, gìn giữ tài sản, đảm bảo nguồn thu nhập lâu dài,…\r\n\r\nTrên thực tế, không ai có thể phủ nhận rằng sự dồi dào về vật chất có thể làm cho đời sống con người trở nên tốt đẹp hơn. Riêng trong lĩnh vực kinh doanh, sức mạnh tài chính là phương tiện chủ yếu để đo lường mức độ thành đạt của các doanh nghiệp.\r\n\r\nNgười giàu có nhất thành Babylon sẽ đưa chúng ta trở lại vương quốc Babylon cổ đại, cái nôi nuôi dưỡng những nguyên lý cơ bản về tài chính mà giờ đây con người hiện đại đã kế thừa và vận dụng trên toàn thế giới.\r\n\r\nNgười giàu có nhất thành Babylon liên tục là cuốn sách bán chạy ở Việt Nam trong nhiều năm. Trong lần tái bản này, First News bổ sung thêm 2 chương mới là “Những bức tường thành Babylon” và “Những tấm thẻ đất sét từ Babylon”, cùng một số chi tiết khác, với một thiết kế mới nhằm phục vụ bạn đọc tốt hơn.\r\n\r\nNhận xét về Người giàu có nhất thành Babylon, chuyên gia cố vấn đầu tư của Nhà Trắng, Harvey L.Gardner viết: “Quyển sách trình bày những nguyên tắc làm giàu đơn giản, đáng tin cậy và vô cùng an toàn. Những bí quyết này rất dễ thực hiện, nhưng nếu bạn không tuân thủ chúng, thì có thể bạn sẽ thất bại hoàn toàn. Nội dung cuốn sách gồm nhiều câu chuyện ngụ ngôn ẩn chứa những bài học, những kinh nghiệm, những bài học thực tế quý giá và vượt thời gian. Hãy đọc quyển sách “Người giàu có nhất thành Babylon” để khám phá con đường đúng nhất, nhanh nhất nhằm đạt được sự thành công và giàu có trong cuộc sống.”\r\n\r\nBáo chí nói về Người giàu có nhất thành Babylon:\r\n\r\n• “Sự thành công của Babylon đã tạo cảm hứng cho tác giả viết một loạt truyện ngụ ngôn để chứng minh cho những quy luật bất biến về tài chính và cách tạo dựng của cải. Chúng đã trở nên rất phổ biến và được các ngân hàng, công ty bảo hiểm, các công ty khác sử dụng để giáo dục về lợi ích của việc tiết kiệm và tạo động lực làm việc tích cực hơn.” – Cafebiz\r\n\r\n• “Người giàu có nhất thành Babylon là món quà cho những ai đã bước vào thế giới kinh doanh hoặc những người còn hoang mang, do dự trong cách sử dụng tiền bạc.” – Doanh nhân Sài Gòn\r\n\r\n• “Những trang sách trong cuốn Người giàu có nhất thành Babylon sẽ đưa chúng ta trở lại vương quốc Babylon cổ đại, cái nôi nuôi dưỡng những nguyên lý cơ bản về tài chính mà giờ đây con người hiện đại đã kế thừa và vận dụng trên toàn thế giới. Cuốn sách nói về những thành công, những thành quả đạt được của từng cá nhân sống trong thành Babylon cổ đại. Từ đó, giúp mọi người hiểu rõ hơn về vấn đề tài chính và cống hiến các kế sách và phương pháp làm giàu. Những bí quyết này giúp bạn đánh giá đúng giá trị của đồng tiền, và hướng dẫn bạn cách thực hành theo những nguyên lý tài chính”. – VnExpress\r\n\r\nNgười nổi tiếng nói gì về cuốn sách này?\r\n\r\n“Khi còn trẻ, tôi đã xem cuốn sách kinh điển năm 1926 của George Samuel Clason - Người giàu có nhất thành Babylon, nơi đưa ra lời khuyên tài chính có giá trị được kể qua các truyện ngụ ngôn cổ. Tôi xin giới thiệu nó cho mọi người.” - Anthony Robbins, tác giả của Đánh thức con người phi thường trong bạn\r\n\r\nVề tác giả:\r\n\r\nGeorge Samuel Clason (sinh ngày 17 tháng 11 năm 1874 - mất ngày 7 tháng 4 năm 1957), còn được biết đến với tên gọi George S. Clason là một doanh nhân, nhà văn người Mỹ.\r\nGeorge Samuel Clason sinh tại Louisiana, bang Missouri, Mỹ. Ông tốt nghiệp trường Đại học ở Nebraska, sau đó phục vụ trong quân đội Hoa Kỳ suốt cuộc chiến tranh Mỹ-Tây Ban Nha. Ông là một doanh nhân thành đạt và là người có công thành lập công ty bản đồ Clason ở Denver, bang Colorado, Mỹ. Công ty này đã xuất bản tập bản đồ đường bộ đầu tiên của nước Mỹ và Canada.\r\n\r\nNăm 1926, ông xuất bản tập sách đầu tiên mở đầu cho một loạt các tập truyện ngắn nổi tiếng viết về cách thức tiết kiệm, và phát triển tài chính ', 68, 55, 'Tiếng Việt', 4, 3, 'Người Giàu Có Nhất Thành Babylon (Tái Bản 2020).webp', ''),
(98, 'Từ Tốt Đến Vĩ Đại (Tái bản 2021)', 254000, 16, 'Long Nguyễn', 2021, 265, 'Jim Collins cùng nhóm nghiên cứu đã miệt mài nghiên cứu những công ty có bước nhảy vọt và bền vững để rút ra những kết luận sát sườn, những yếu tố cần kíp để đưa công ty từ tốt đến vĩ đại. Đó là những yếu tố khả năng lãnh đạo, con người, văn hóa, kỷ luật, công nghệ… Những yếu tố này được nhóm nghiên cứu xem xét tỉ mỉ và kiểm chứng cụ thể qua 11 công ty nhảy vọt lên vĩ đại. Mỗi kết luận của nhóm nghiên cứu đều hữu ích, vượt thời gian, ý nghĩa vô cùng to lớn đối với mọi lãnh đạo và quản lý ở mọi loại hình công ty (từ công ty có nền tảng và xuất phát tốt đến những công ty mới khởi nghiệp), và mọi lĩnh vực ngành nghề. Đây là cuốn sách nên đọc đối với bất kỳ lãnh đạo hay quản lý nào!\r\n\r\nGiá sản phẩm trên Tiki đã bao gồm thuế theo luật hiện hành. Bên cạnh đó, tuỳ vào loại sản phẩm, hình thức và địa chỉ giao hàng mà có thể phát sinh thêm chi phí khác như phí vận chuyển, phụ phí hàng cồng kềnh, thuế nhập khẩu (đối với đơn hàng giao từ nước ngoài có giá trị trên 1 triệu đồng).....', 74, 66, 'Tiếng Việt', 2, 3, 'Từ Tốt Đến Vĩ Đại (Tái bản 2021).webp', '');
INSERT INTO `sach` (`s_id`, `s_ten`, `s_gia`, `s_giamgia`, `nxb`, `namxuatban`, `sotrang`, `mota`, `soluong`, `luotmua`, `ngonngu`, `tg_id`, `tl_id`, `anh`, `anh1`) VALUES
(99, 'Digital Marketing - Từ Chiến Lược Đến Thực Thi (Tái Bản 2020)', 380000, 24, 'Long Nguyễn', 2019, 165, 'Cuốn sách đầu tiên tại Việt Nam cung cấp hệ thống kiến thức bài bản nhất, cốt lõi nhất về Digital Marketing, bằng việc đi từ chiến lược tới triển khai, từ bao quát đến chi tiết, giúp quá trình lập và thực thi các chiến dịch Marketing của bạn hiệu quả hơn.\r\n\r\n20,000 cuốn sách “Digital Marketing - Từ chiến lược đến thực thi\" đã được bán ra liên tục trong suốt gần 3 năm kể từ ngày ra mắt! Có thể nói, Digital Marketing là một trong những cuốn sách best-seller và phổ biến nhất của RIO Book.\r\n\r\nĐây cũng là cuốn sách đầu tiên tại Việt Nam cung cấp hệ thống kiến thức bài bản nhất, cốt lõi nhất về Digital Marketing, bằng việc đi từ chiến lược tới triển khai, từ bao quát đến chi tiết, giúp quá trình lập và thực thi các chiến dịch Marketing của bạn hiệu quả hơn.\r\n\r\nCuốn sách có độ dài dài 5 chương và 1 phần bonus, khai thác thực tiễn thị trường Việt Nam kết hợp với các kiến thức chuẩn về Marketing của các học giả nổi tiếng như Philip Kotler, Al Ries, Jack Trout, vừa mang lại những góc nhìn toàn cảnh, vừa đi sâu vào ứng dụng thực tế qua các case study trong nước gần gũi, đa dạng cũng như cập nhật xu hướng Digital Marketing mới nhất tới năm 2023\r\n\r\nChương 1: Tổng quan\r\nChương 2: Sáng tạo ý tưởng lớn\r\nChương 3: Lập kế hoạch Digital Marketing\r\nChương 4: Các kênh Digital Marketing phổ biến\r\nChương 5: Nội dung trong Digital Marketing\r\nCuốn sách hứa hẹn sẽ mang lại một trải nghiệm hoàn chỉnh cho độc giả: Những kiến thức chuyên sâu được diễn giải theo cách thức đơn giản, thú vị, trong khi từng trang sách được RIO biên tập nội dung và chú trọng thiết kế, gia tăng trải nghiệm thị giác giúp bạn dễ dàng trong việc tiếp nhận kiến thức và theo dõi nội dung.\r\n\r\n\r\nGiá sản phẩm trên Tiki đã bao gồm thuế theo luật hiện hành. Bên cạnh đó, tuỳ vào loại sản phẩm, hình thức và địa chỉ giao hàng mà có thể phát sinh thêm chi phí khác như phí vận chuyển, phụ phí hàng cồng kềnh, thuế nhập khẩu (đối với đơn hàng giao từ nước ngoài có giá trị trên 1 triệu đồng).....\r\n\r\n', 25, 77, 'Tiếng Việt', 2, 3, 'Digital Marketing - Từ Chiến Lược Đến Thực Thi (Tái Bản 2020).webp', 'Digital Marketing - Từ Chiến Lược Đến Thực Thi (Tái Bản 2020)1.webp'),
(100, 'Nhà Lãnh Đạo Không Chức Danh', 356000, 40, ' Đông Á', 2008, 355, 'Suốt hơn 15 năm, Robin Sharma đã thầm lặng chia sẻ với những công ty trong danh sách Fortune 500 và nhiều người siêu giàu khác một công thức thành công đã giúp ông trở thành một trong những nhà cố vấn lãnh đạo được theo đuổi nhiều nhất thế giới. Đây là lần đầu tiên Sharma công bố công thức độc quyền này với bạn, để bạn có thể đạt được những gì tốt nhất, đồng thời giúp tổ chức của bạn có thể có những bước đột phá đến một cấp độ thành công mới trong thời đại thiên biến vạn hóa như hiện nay.\r\n\r\nTrong cuốn sách Nhà Lãnh Đạo Không Chức Danh, bạn sẽ học được:\r\n\r\nLàm thế nào để làm việc và tạo ảnh hưởng với mọi người như một siêu sao, bất chấp bạn đang ở vị trí nào.\r\n\r\nMột phương pháp để nhận biết và nắm bắt cơ hội vào những thời điểm thay đổi.\r\n\r\nNhững bí mật thật sự của sự đổi mới.\r\n\r\nMột chiến lược tức thời để xây dựng đội nhóm tuyệt vời và trở thành một nhà cung cấp ngoạn mục của khách hàng.\r\n\r\nNhững thủ thuật cứng rắn giúp trở nên mạnh mẽ cả về thể chất lẫn tinh thần để có thể đi đầu trong lĩnh vực của bạn.\r\n\r\nNhững phương thức thực tế để đánh bại sự căng thẳng, xây dựng một ý chí bất bại, giải phóng năng lượng, và cân bằng cuộc sống cá nhân.\r\n\r\nBất kể bạn làm gì trong tổ chức và cuộc sống hiện tại của bạn như thế nào, một thực tế quan trọng duy nhất là bạn có khả năng thể hiện năng lực lãnh đạo. Cho dù sự nghiệp hiện tại của bạn đang ở đâu, bạn vẫn luôn cần phải thể hiện những khả năng tột đỉnh của mình. Cuốn sách này sẽ hướng dẫn bạn làm thế nào để khai thác tối đa khả năng đó, cũng như thay đổi cuộc sống và thế giới xung quanh bạn.\r\n\r\nGiá sản phẩm trên Tiki đã bao gồm thuế theo luật hiện hành. Bên cạnh đó, tuỳ vào loại sản phẩm, hình thức và địa chỉ giao hàng mà có thể phát sinh thêm chi phí khác như phí vận chuyển, phụ phí hàng cồng kềnh, thuế nhập khẩu (đối với đơn hàng giao từ nước ngoài có giá trị trên 1 triệu đồng).....', 35, 88, 'Tiếng Việt', 5, 3, 'Nhà Lãnh Đạo Không Chức Danh.webp', ''),
(101, 'Đừng Bao Giờ Đi Ăn Một Mình (Tái Bản)', 246000, 47, 'Đông Á', 2011, 325, 'Đừng Bao Giờ Đi Ăn Một Mình (Tái Bản)\r\n\r\nBạn mong muốn đi tắt đón đầu?\r\n\r\nBạn muốn vững bước đến thành công?\r\n\r\nCông thức để làm được điều này, theo lời bậc thầy về kết nối là Keith Ferrazzi, chính là phải biết làm quen với mọi người. Ferrazzi đã khám phá từ khi còn trẻ rằng điểm khác biệt của những người thành công rực rỡ chính là cách họ vận dụng quyền năng của những mối quan hệ - để mọi người cùng thắng.\r\n\r\nTrong quyển sách Đừng bao giờ đi ăn một mình, Ferrazzi chỉ ra từng bước cách thức - và lý do - mà chính ông đã áp dụng để kết nối với hàng ngàn người là đồng nghiệp, bạn bè có tên trong số danh bạ, những người ông đã giúp đỡ và ngược lại cũng sẵn sàng giúp đỡ ông.\r\n\r\nFerrazzi sinh ra trong một gia đình có cha là công nhân nhà máy thép tỉnh lẻ và mẹ là lao công. Tuy vậy ông đã biết tận dụng khả năng kết nối xuất sắc của mình để dọn đường vào đến Yale, nhận bằng MBA tại Harvard, và giữ những chức vụ lãnh đạo quan trọng. Mặc dù chưa quá 40, Ferrazzi đã tạo được một mạng lưới trải dài từ hành lang ở Washington đến các tên tuổi lớn tại Hollywood. Ông đã được tạp chí Crain bình chọn là một trong số 40 người lãnh đạo kinh doanh dưới 40 tuổi đồng thời là Nhà lãnh đạo tương lai của thế giới tại Diễn đàn Kinh tế Thế giới ở Davos.\r\n\r\nGiá sản phẩm trên Tiki đã bao gồm thuế theo luật hiện hành. Bên cạnh đó, tuỳ vào loại sản phẩm, hình thức và địa chỉ giao hàng mà có thể phát sinh thêm chi phí khác như phí vận chuyển, phụ phí hàng cồng kềnh, thuế nhập khẩu (đối với đơn hàng giao từ nước ngoài có giá trị trên 1 triệu đồng).....', 60, 99, 'Tiếng Việt', 2, 3, 'Đừng Bao Giờ Đi Ăn Một Mình (Tái Bản).webp', 'Đừng Bao Giờ Đi Ăn Một Mình (Tái Bản)1.webp'),
(102, 'Tư Duy Phản Biện', 990000, 0, 'Nam Cao', 2021, 200, 'Tư duy phản biện là chìa khóa để bạn thoát khỏi những lối mòn trong suy nghĩ, giúp bạn giải quyết các vấn đề khó khăn một cách sáng tạo và hiệu quả hơn. Cuốn sách \"Tư duy phản biện\" được viết bởi chuyên gia đào tạo Zoe McKey sẽ giúp bạn khai phá được sức mạnh trí óc của mình. Tác phẩm chứa đựng những bí quyết và chiến lược của các cá nhân thành công nhất, giúp người đọc có thể:\r\n\r\n- Khám phá chiều sâu tư duy\r\n\r\n- Đánh thức trí sáng tạo\r\n\r\n- Nắm bắt được cơ hội\r\n\r\n- Không ngại mơ ước\r\n\r\n- Vượt qua sự lo lắng\r\n\r\n- Quản lí thời gian hiệu quả\r\n\r\nĐọc xong tác phẩm, trực giác của bạn sẽ được mài sắc một cách rõ rệt, nhờ vậy khả năng đánh giá và đưa ra quyết định cũng được cải thiện, giúp bạn tự tin hơn trong mọi hành động.\r\n\r\nNếu đủ động lực để thực hành các phương pháp trong “Tư duy phản biện”, bạn sẽ học được một lối tư duy có định hướng, tập trung, kỉ luật và tự chủ. Bạn sẽ biết cách phân tích các tình huống từ nhiều góc độ khác nhau, không vội vàng đưa ra những kết luận sai lầm và chủ quan, có cái nhìn đúng đắn hơn với các hiện tượng trong cuộc sống, và không còn phải hối tiếc với các quyết định và hành xử của mình.', 33, 101, 'Tiếng Việt', 2, 3, 'Tư Duy Phản Biện.webp', 'Tư Duy Phản Biện1.webp'),
(103, '7 Phương Pháp Đầu Tư Warren Buffet', 255000, 23, 'Đông Á', 2020, 465, 'Warren Buffett là chuyên gia đầu tư và là một trong những doanh nhân giàu có, được kính trọng nhất thế giới. Với 12 năm học hỏi trực tiếp các chiến lược và thói quen đầu tư của Warren Buffett, Marry Buffett, cùng với Sean Sear, đã viết nên một cuốn sách hướng dẫn hoàn chỉnh dành cho những nhà đầu tư mới muốn học theo cách đầu tư thành công của Warren Buffett.\r\n\r\n7 Phương Pháp Đầu Tư Warren Buffet', 65, 75, 'Tiếng Việt', 2, 3, '7 Phương Pháp Đầu Tư Warren Buffet.webp', '7 Phương Pháp Đầu Tư Warren Buffet1.webp'),
(104, 'Hoàng Tử Bé (Tái Bản 2019)', 345000, 68, 'Long Nguyễn', 2021, 245, 'Hoàng tử bé được viết ở New York trong những ngày tác giả sống lưu vong và được xuất bản lần đầu tiên tại New York vào năm 1943, rồi đến năm 1946 mới được xuất bản tại Pháp. Không nghi ngờ gì, đây là tác phẩm nổi tiếng nhất, được đọc nhiều nhất và cũng được yêu mến nhất của Saint-Exupéry. Cuốn sách được bình chọn là tác phẩm hay nhất thế kỉ 20 ở Pháp, đồng thời cũng là cuốn sách Pháp được dịch và được đọc nhiều nhất trên thế giới. Với 250 ngôn ngữ dịch khác nhau kể cả phương ngữ cùng hơn 200 triệu bản in trên toàn thế giới, Hoàng tử bé được coi là một trong những tác phẩm bán chạy nhất của nhân loại.\r\n\r\nỞ Việt Nam, Hoàng tử bé được dịch và xuất bản khá sớm. Từ năm 1966 đã có đồng thời hai bản dịch: Hoàng tử bé của Bùi Giáng do An Tiêm xuất bản và Cậu hoàng con của Trần Thiện Đạo do Khai Trí xuất bản. Từ đó đến nay đã có thêm nhiều bản dịch Hoàng tử bé mới của các dịch giả khác nhau. Bản dịch Hoàng tử bé lần này, xuất bản nhân dịp kỷ niệm 70 năm Hoàng tử bé ra đời, cũng là ấn bản đầu tiên được Gallimard chính thức chuyển nhượng bản quyền tại Việt Nam, hy vọng sẽ góp phần làm phong phú thêm việc dịch và tiếp nhận tác phẩm quan trọng này với các thế hệ độc giả.\r\n\r\nTôi cứ sống cô độc như vậy, chẳng có một ai để chuyện trò thật sự, cho tới một lần gặp nạn ở sa mạc Sahara cách đây sáu năm. Có thứ gì đó bị vỡ trong động cơ máy bay. Và vì ở bên cạnh chẳng có thợ máy cũng như hành khách nào nên một mình tôi sẽ phải cố mà sửa cho bằng được vụ hỏng hóc nan giải này. Với tôi đó thật là một việc sống còn. Tôi chỉ có vừa đủ nước để uống trong tám ngày.\r\n\r\nThế là đêm đầu tiên tôi ngủ trên cát, cách mọi chốn có người ở cả nghìn dặm xa. Tôi cô đơn hơn cả một kẻ đắm tàu sống sót trên bè giữa đại dương. Thế nên các bạn cứ tưởng tượng tôi đã ngạc nhiên làm sao, khi ánh ngày vừa rạng, thì một giọng nói nhỏ nhẹ lạ lùng đã đánh thức tôi. Giọng ấy nói:\r\n“Ông làm ơn… vẽ cho tôi một con cừu!”\r\n- Trích \"Hoàng tử bé\"\r\nGiá sản phẩm trên Tiki đã bao gồm thuế theo luật hiện hành. Bên cạnh đó, tuỳ vào loại sản phẩm, hình thức và địa chỉ giao hàng mà có thể phát sinh thêm chi phí khác như phí vận chuyển, phụ phí hàng cồng kềnh, thuế nhập khẩu (đối với đơn hàng giao từ nước ngoài có giá trị trên 1 triệu đồng).....\r\n\r\n', 36, 76, 'Tiếng Việt', 3, 4, 'Hoàng Tử Bé (Tái Bản 2019).webp', ''),
(105, 'Chuyện Con Mèo Dạy Hải Âu Bay (Tái Bản 2019)', 69000, 0, 'NXB Trẻ', 2019, 150, 'Cô hải âu Kengah bị nhấn chìm trong váng dầu – thứ chất thải nguy hiểm mà những con người xấu xa bí mật đổ ra đại dương. Với nỗ lực đầy tuyệt vọng, cô bay vào bến cảng Hamburg và rơi xuống ban công của con mèo mun, to đùng, mập ú Zorba. Trong phút cuối cuộc đời, cô sinh ra một quả trứng và con mèo mun hứa với cô sẽ thực hiện ba lời hứa chừng như không tưởng với loài mèo:\r\nKhông ăn quả trứng.\r\nChăm sóc cho tới khi nó nở.\r\nDạy cho con hải âu bay.\r\nLời hứa của một con mèo cũng là trách nhiệm của toàn bộ mèo trên bến cảng, bởi vậy bè bạn của Zorba bao gồm ngài mèo Đại Tá đầy uy tín, mèo Secretario nhanh nhảu, mèo Einstein uyên bác, mèo Bốn Biển đầy kinh nghiệm đã chung sức giúp nó hoàn thành trách nhiệm. Tuy nhiên, việc chăm sóc, dạy dỗ một con hải âu đâu phải chuyện đùa, sẽ có hàng trăm rắc rối nảy sinh và cần có những kế hoạch đầy linh hoạt được bàn bạc kỹ càng…\r\nChuyện con mèo dạy hải âu bay là kiệt tác dành cho thiếu nhi của nhà văn Chi Lê nổi tiếng Luis Sepúlveda – tác giả của cuốn Lão già mê đọc truyện tình đã bán được 18 triệu bản khắp thế giới. Tác phẩm không chỉ là một câu chuyện ấm áp, trong sáng, dễ thương về loài vật mà còn chuyển tải thông điệp về trách nhiệm với môi trường, về sự sẻ chia và yêu thương cũng như ý nghĩa của những nỗ lực – “Chỉ những kẻ dám mới có thể bay”.\r\nCuốn sách mở đầu cho mùa hè với minh họa dễ thương, hài hước là món quà dành cho mọi trẻ em và người lớn.\r\nGiá sản phẩm trên Tiki đã bao gồm thuế theo luật hiện hành. Bên cạnh đó, tuỳ vào loại sản phẩm, hình thức và địa chỉ giao hàng mà có thể phát sinh thêm chi phí khác như phí vận chuyển, phụ phí hàng cồng kềnh, thuế nhập khẩu (đối với đơn hàng giao từ nước ngoài có giá trị trên 1 triệu đồng).....', 60, 79, 'Tiếng Việt', 4, 4, 'Chuyện Con Mèo Dạy Hải Âu Bay (Tái Bản 2019).webp', 'Chuyện Con Mèo Dạy Hải Âu Bay (Tái Bản 2019)1.webp'),
(106, 'Chú Bé Mang Pyjama Sọc (Tái Bản 2018)', 69000, 10, 'NXB Trẻ', 2008, 142, 'Rất khó miêu tả câu chuyện về Chú bé mang pyjama sọc này. Thường thì chúng tôi vẫn tiết lộ vài chi tiết về cuốn sách trên bìa, nhưng trong trường hợp này chúng tôi nghĩ làm như vậy sẽ làm hỏng cảm giác đọc của bạn. Chúng tôi nghĩ điều quan trọng là bạn nên đọc mà không biết trước nó kể về điều gì.Nếu bạn định bắt đầu đọc cuốn sách thật, bạn sẽ cùng được trải qua một hành trình với một cậu bé chín tuổi tên là Bruno (dù đây không hẳn là sách cho trẻ chín tuổi). Và chẳng sớm thì muộn bạn sẽ cùng Bruno đến một hàng rào. Những hàng rào như vậy vẫn tồn tại ở khắp nơi trên thế giới. Chúng tôi hy vọng không ai trong chúng ta phải vượt qua một hàng rào như vậy trong đời.\r\n\r\nGiá sản phẩm trên Tiki đã bao gồm thuế theo luật hiện hành. Bên cạnh đó, tuỳ vào loại sản phẩm, hình thức và địa chỉ giao hàng mà có thể phát sinh thêm chi phí khác như phí vận chuyển, phụ phí hàng cồng kềnh, thuế nhập khẩu (đối với đơn hàng giao từ nước ngoài có giá trị trên 1 triệu đồng).....', 100, 85, 'Tiếng Việt', 2, 4, 'Chú Bé Mang Pyjama Sọc (Tái Bản 2018).webp', 'Chú Bé Mang Pyjama Sọc (Tái Bản 2018)1.webp'),
(107, 'Siêu Nhí Hỏi Nhà Khoa Học Trả Lời', 98000, 16, 'NXB Trẻ', 2011, 325, '\r\nCuốn sách khoa học đáng yêu cho các bạn nhỏ này tập hợp 100 câu hỏi về cuộc sống hàng ngày từ các bạn học sinh trên khắp thế giới gửi đến nhà khoa học Robert Winston. Cuốn sách cho chúng ta thấy sự tò mò chung của trẻ em đối với thế giới xung quanh qua những câu hỏi những thu thập từ trẻ em ở Vương quốc Anh, các nước Châu u khác, Canada, Mỹ, Ấn Độ, Trung Quốc và Nhật Bản. Các câu hỏi xoay quanh những khía cạnh khác nhau của khoa học, bao trùm ở các chủ đề chính gồm cơ thể con người, vật lý, hóa học, không gian, khoa học tự nhiên và Trái Đất.\r\n“Tại sao bầu trời có màu xanh?”, “Tại sao các ngôi sao lấp lánh?’’, “Tại sao nước sủi bọt khi sôi?” hay “Tại sao chúng ta đổ mồ hôi khi vận động?” Trẻ con quan sát thế giới xung quanh và luôn luôn đặt câu hỏi về những băn khoăn của mình. Đây là điều mà người trưởng thành không dễ dàng làm được.\r\n100 câu hỏi là những quan sát thông minh và thú vị của các bạn nhỏ với sự tò mò và óc tưởng tượng phong phú của mình. Tất cả các câu hỏi đều được trả lời rõ ràng và sống động. Siêu nhí hỏi – nhà khoa học trả lời chắc chắn sẽ đem đến một thế giới khoa học đầy niềm vui, hài hước, thú vị, làm thỏa mãn trí tò mò của các nhà khoa học nhí.\r\nGiá sản phẩm trên Tiki đã bao gồm thuế theo luật hiện hành. Bên cạnh đó, tuỳ vào loại sản phẩm, hình thức và địa chỉ giao hàng mà có thể phát sinh thêm chi phí khác như phí vận chuyển, phụ phí hàng cồng kềnh, thuế nhập khẩu (đối với đơn hàng giao từ nước ngoài có giá trị trên 1 triệu đồng).....', 16, 423, 'Tiếng Việt', 2, 4, 'Siêu Nhí Hỏi Nhà Khoa Học Trả Lời.webp', 'Siêu Nhí Hỏi Nhà Khoa Học Trả Lời1.webp'),
(108, 'Harry Potter Và Hòn Đá Phù Thủy - Tập 1 (Tái Bản 2017)', 165200, 65, 'NXB Trẻ', 2019, 325, 'Khi một lá thư được gởi đến cho cậu bé Harry Potter bình thường và bất hạnh, cậu khám phá ra một bí mật đã được che giấu suốt cả một thập kỉ. Cha mẹ cậu chính là phù thủy và cả hai đã bị lời nguyền của Chúa tể Hắc ám giết hại khi Harry mới chỉ là một đứa trẻ, và bằng cách nào đó, cậu đã giữ được mạng sống của mình. Thoát khỏi những người giám hộ Muggle không thể chịu đựng nổi để nhập học vào trường Hogwarts, một trường đào tạo phù thủy với những bóng ma và phép thuật, Harry tình cờ dấn thân vào một cuộc phiêu lưu đầy gai góc khi cậu phát hiện ra một con chó ba đầu đang canh giữ một căn phòng trên tầng ba. Rồi Harry nghe nói đến một viên đá bị mất tích sở hữu những sức mạnh lạ kì, rất quí giá, vô cùng nguy hiểm, mà cũng có thể là mang cả hai đặc điểm trên.\r\n\r\nGiá sản phẩm trên Tiki đã bao gồm thuế theo luật hiện hành. Bên cạnh đó, tuỳ vào loại sản phẩm, hình thức và địa chỉ giao hàng mà có thể phát sinh thêm chi phí khác như phí vận chuyển, phụ phí hàng cồng kềnh, thuế nhập khẩu (đối với đơn hàng giao từ nước ngoài có giá trị trên 1 triệu đồng).....', 36, 368, 'Tiếng Việt', 4, 4, 'Harry Potter Và Hòn Đá Phù Thủy - Tập 1 (Tái Bản 2017).webp', ''),
(110, 'Harry Potter Và Phòng Chứa Bí Mật - Tập 2 (Tái Bản 2017)', 84600, 15, 'Long Nguyễn', 2014, 256, 'Harry khổ sở mong ngóng cho kì nghỉ hè kinh khủng với gia đình Dursley kết thúc. Nhưng một con gia tinh bé nhỏ tội nghiệp đã cảnh báo cho Harry biết về mối nguy hiểm chết người đang chờ cậu ở trường Hogwarts.\r\n\r\nTrở lại trường học, Harry nghe một tin đồn đang lan truyền về phòng chứa bí mật, nơi cất giữ những bí ẩn đáng sợ dành cho giới phù thủy có nguồn gốc Muggle. Có kẻ nào đó đang phù phép làm tê liệt mọi người, khiến họ gần như đã chết, và một lời cảnh báo kinh hoàng được tìm thấy trên bức tường. Mối nghi ngờ hàng đầu – và luôn luôn sai lầm – là Harry. Nhưng một việc còn đen tối hơn thế đã được hé mở.\r\n\r\nGiá sản phẩm trên Tiki đã bao gồm thuế theo luật hiện hành. Bên cạnh đó, tuỳ vào loại sản phẩm, hình thức và địa chỉ giao hàng mà có thể phát sinh thêm chi phí ', 35, 45, 'Tiếng Việt', 2, 5, 'Harry Potter Và Phòng Chứa Bí Mật - Tập 2 (Tái Bản 2017).webp', ''),
(111, 'Dế Mèn Phiêu Lưu Ký', 65200, 11, 'Nhi Đồng', 2008, 426, 'Trong hơn nửa thế kỉ kể từ ngày ra mắt bạn đọc lần đầu tiên năm 1941, \"Dế Mèn phiêu lưu kí\" là một trong những sáng tác tâm đắc nhất của nhà văn Tô Hoài. \r\n\r\nTác phẩm đã được tái bản nhiều lần và được dịch ra hơn 20 thứ tiếng trên thế giới và luôn được các thế hệ độc giả nhỏ tuổi đón nhận. \r\n\r\nTác phẩm đã được xuất bản với nhiều hình thức khác nhau. \r\n\r\nTrong đó cuốn \"Dế Mèn phiêu lưu kí\" gồm 148 trang, trên khổ giấy 18x25 cm với nhiều minh hoạ sinh động của hoạ sĩ Tạ Huy Long - một hoạ sĩ chuyên vẽ cho sách thiếu nhi. \r\n\r\nBằng cách sử dụng màu nước điêu luyện, hoạ sĩ Tạ Huy Long đã làm sống động thêm tác phẩm bất hủ của nhà văn Tô Hoài. \r\n\r\nCuốn sách là món quà đẹp cả về hình thức lẫn nội dung, là món quà ý nghĩa và bổ ích mà các bậc phụ huynh tặng cho con em của mình.\r\n\r\nGiá sản phẩm trên Tiki đã bao gồm thuế theo luật hiện hành. Bên cạnh đó, tuỳ vào loại sản phẩm, hình thức và địa chỉ giao hàng mà có thể phát sinh thêm chi phí khác như phí vận chuyển, phụ phí hàng cồng kềnh, thuế nhập khẩu (đối với đơn hàng giao từ nước ngoài có giá trị trên 1 triệu đồng).....', 85, 85, 'Tiếng Việt', 3, 4, 'Dế Mèn Phiêu Lưu Ký.webp', ''),
(112, 'Bộ Truyện Tranh Gieo Hạt Cùng Vĩ Nhân (Tập 11-20)', 255500, 86, 'Văn học', 2020, 256, '[GIEO HẠT CÙNG VĨ NHÂN] là những tập truyện nằm trong dự án của Cộng Đồng Sống Tử Tế. Với mong muốn qua từng câu chuyện mà tác giả gửi gắm đến cho các bạn nhỏ để rồi những nhân cách đạo đức ngấm sâu vào trong từng nếp nghĩ, lời nói và hành vi của trẻ. Để rồi 20 năm sau, xã hội sẽ thay đổi hoàn toàn bởi những thế hệ đó.\r\n\r\nTiếp theo bộ 1 (Tập 1-10), nội dung bộ 2 (Tập 11-20) đề cập đến chủ đề chính như sau:\r\n\r\nCậu bé chín tuổi và định lý pythagoras\r\nThế nào là người ham học\r\nVấn đề nào cũng có giải pháp\r\nNgười hiểu biết càng nhiều thì cái tôi càng nhỏ\r\nMỗi tập truyện GHCVN gồm có 2 phần:\r\n\r\nPhần 1: Tích truyện vĩ nhân\r\n\r\n– Nội dung phong phú và lôi cuốn kể về các đóng góp to lớn của các Vĩ Nhân trong và ngoài nước\r\n\r\n– Đặc biệt được phân tích sâu sắc Nguyên nhân – Kết quả để con biết rõ điều gì dẫn đến thành công của Vĩ Nhân đó.\r\n\r\n– Phần này giúp nuôi dưỡng hoài bão ước mơ, con hình thành nhân cách đúng đắn từ đó xác định lý tưởng sống cao đẹp biết giúp người giúp đời.\r\n\r\nTrẻ sẽ sớm biết xu hướng mình đam mê lĩnh vực gì nhất thông qua 100 Vĩ Nhân trong hơn 10 lĩnh vực của cuộc sống.\r\nCó yêu mến Vĩ Nhân, trẻ sẽ có hoài bão, trẻ sẽ mong muốn được trở thành Vĩ Nhân, sẽ học tập tính cách tốt đẹp từ họ… trẻ sẽ mạnh mẽ hơn, ý chí hơn, sâu sắc hơn.\r\n\r\n\r\n\r\nPhần 2: Tình huống Nhân - Quả\r\n\r\nNhững tình huống trong gieo hạt cùng vĩ nhân khá đa dạng, thiết thực rất quen thuộc trong đời sống được phân tích sâu sắc nguyên nhân và kết quả rất đơn giản và súc tích, con sẽ hiểu được tiến trình vì sao nguyên nhân gì dẫn đến kết quả của tình huống đó.\r\n\r\nTư duy về Nhân Quả => phát triển trí tuệ theo chiều sâu;\r\nBiết cách chọn điều đúng (bỏ sai) => phát triển đạo đức\r\n\r\nPhát triển đạo đức vì biết điều đúng nên làm, điều sai nên bỏ\r\n\r\nLời hứa với chính mình là lời NHẮC TÂM hướng con mỗi ngày NÊN LÀM những VIỆC THIỆN LÀNH\r\n\r\n \r\n\r\n\r\n\r\n\r\n\r\nNăm 2021 là một bước Chuyển Mình lớn của dự án với 1.000.000 cuốn sách Gieo Hạt Cùng Vĩ Nhân được trao đi cho các em nhỏ từ thành thị đến nông thôn, từ hải đảo xa xôi đến vùng núi cao địa đầu tổ quốc.\r\n\r\nHơn 500 gia đình đã được hướng dẫn cách xây dựng Văn Hóa Đọc và đọc sách Gieo Hạt Cùng Vĩ Nhân tại nhà.\r\nHơn 300 em học sinh được hướng dẫn đọc sách đọc sách Gieo Hạt Cùng Vĩ Nhân và các bài học đạo đức.\r\nCác lớp học cộng đồng lại tiếp tục được mở ra và đang tạo tác động rất lớn đến với cộng đồng.\r\n\r\n>>>Với mong muốn nhà nhà đọc sách, người người đọc sách Dự Án Văn Hoá Đọc đã lan toả sách đến các em nhỏ vùng nông thôn.\r\n\r\n\r\n\r\n\r\n\r\n \r\n\r\n\r\n\r\nGiá sản phẩm trên Tiki đã bao gồm thuế theo luật hiện hành. Bên cạnh đó, tuỳ vào loại sản phẩm, hình thức và địa chỉ giao hàng mà có thể phát sinh thêm chi phí khác như phí vận chuyển, phụ phí hàng cồng kềnh, thuế nhập khẩu (đối với đơn hàng giao từ nước ngoài có giá trị trên 1 triệu đồng).....\r\n\r\n', 84, 995, 'Tiếng Việt', 4, 4, 'Bộ Truyện Tranh Gieo Hạt Cùng Vĩ Nhân (Tập 11-20).webp', 'Bộ Truyện Tranh Gieo Hạt Cùng Vĩ Nhân (Tập 11-20)1.webp'),
(115, 'Băng Đảng Nửa Đêm', 68500, 21, 'Nam Cao', 2021, 260, 'Tác phẩm hài hước siêu hấp dẫn mới nhất của nhà văn thiếu nhi Anh ăn khách David Walliams.\r\n\r\nMột cuốn sách phiêu lưu kỳ thú mang đậm phong cách David Walliams vốn đã được độc giả Việt Nam yêu thích qua Bà nội Gangster, Ông nội đào tẩu, Nha sĩ yêu quái, Bố tốt bố xấ\r\n\r\nNội dung tóm tắt:\r\nTrong một trận thi đấu ở trường, Tom bị quả bóng cricket va vào đầu mạnh đến nỗi bất tỉnh. Khi tỉnh lại, cậu thấy mình đang ở trong bệnh viện Công tước Funt, và trước mặt cậu là một ông đẩy xe có diện mạo kỳ quái đáng sợ. Mọi chuyện dần trở nên tồi tệ hơn khi Tom phải chịu sự quản lý của y tá trưởng phụ trách phòng bệnh nhi - một người cực kì thích hành hạ trẻ con. Nhưng tất cả những điều đó không ngăn được cậu cùng với những người bạn cùng phòng bệnh của mình tham gia vào những chuyến phiêu lưu kỳ thú nhất đời người. Cùng nhau họ tạo nên Băng đảng Nửa đêm, với sứ mệnh mỗi đêm lại biến một ước mơ tưởng chừng hoang đường của một cô bé hay cậu bé trong phòng bệnh thành hiện thực.\r\n\r\nVề tác giả:\r\nDavid Walliams (sinh ngày 20/8/1971) là diễn viên hài kịch và nhà văn thiếu nhi nổi tiếng người Anh. Ông tốt nghiệp đại học Bristol chuyên ngành Kịch nói vào năm 1992 và nổi tiếng từ chương trình hài kịch Little Britain của đài BBC. Ông từng góp mặt trong nhiều bộ phim và chương trình ti vi, trong đó có Doctor Who và Britain’s Got Talent. Walliams xuất bản tác phẩm thiếu nhi đầu tiên vào năm 2008. Kể từ đó đến nay, sách của ông đã được dịch ra 53 thứ tiếng và bán được hơn 25 triệu bản trên toàn thế giới. Ông đã từng giành 4 giải Specsavers National Book Awards qua các năm 2012, 2013 và 2014.\r\nGiá sản phẩm trên Tiki đã bao gồm thuế theo luật hiện hành. Bên cạnh đó, tuỳ vào loại sản phẩm, hình thức và địa chỉ giao hàng mà có thể phát sinh thêm chi phí khác như phí vận chuyển, phụ phí hàng cồng kềnh, thuế nhập khẩu (đối với đơn hàng giao từ nước ngoài có giá trị trên 1 triệu đồng).....', 191, 568, 'Tiếng Việt', 3, 8, 'Băng Đảng Nửa Đêm.webp', ''),
(116, 'Thân Gửi Sở Thú', 55000, 0, 'Văn học', 2019, 255, 'Thân gửi Sở thú là một trong những cuốn sách tranh kinh điển của thế giới, đã tròn 25 năm tuổi và vẫn luôn là một cuốn sách yêu thích của nhiều thế hệ độc giả nhí. Cuốn sách đặc biệt dành riêng cho trẻ từ 0-3 tuổi, với các mẫu câu và từ vựng đơn giản, sử dụng cấu trúc lặp. Điểm đặc biệt thú vị ở Thân gửi Sở thú là những miếng lật đem lại những bất ngờ thú vị cho các bé. Cuốn sách không chỉ giúp tăng cường vốn từ vựng thông qua việc đọc, mà còn thông qua các hoạt động chạm và cảm nhận.\r\nSách được làm đúng chuẩn nước ngoài, bìa cứng, bế tròn, miếng dán lật êm khít, màu tươi, không độc.\r\n\r\nGiá sản phẩm trên Tiki đã bao gồm thuế theo luật hiện hành. Bên cạnh đó, tuỳ vào loại sản phẩm, hình thức và địa chỉ giao hàng mà có thể phát sinh thêm chi phí khác như phí vận chuyển, phụ phí hàng cồng kềnh, thuế nhập khẩu (đối với đơn hàng giao từ nước ngoài có giá trị trên 1 triệu đồng).....', 60, 2245, 'Tiếng Việt', 3, 4, 'Thân Gửi Sở Thú.webp', ''),
(120, 'Toán Học, Một Thiên Tiểu Thuyết', 152000, 25, 'Văn học', 2020, 350, 'Hầu hết mọi người đều thích toán, tiếc là họ không biết điều này!\r\n\r\nBởi ai mà chẳng thấy hấp dẫn với những mẩu chuyện kỳ thú về toán: như “giáo phái” toán học kỳ lạ của Pythagoras thời cổ đại hay những cuộc thăm dò hệ mặt trời bằng công cụ toán học đầy kịch tính thời cận đại, hoặc gần đây hơn là sự kiện máy tính AlphaGo giành chiến thắng trước kỳ thủ cờ vây số một thế giới Lee Sedol bằng những nước đi “thần thánh” sử dụng lý thuyết xác suất.\r\n\r\nToán học khai sinh vì lý do hữu dụng, hẳn nhiên. Vào thời tiền sử, người ta nghĩ ra những con số để đếm đàn gia súc, dùng hình học để đo ruộng đất, làm đường sá. Loài home sapiens chúng ta không ngừng tò mò muốn khám phá thế giới tự nhiên xung quanh, nên suốt mấy ngàn năm qua toán học đã tiến lên phía trước với những bước khổng lồ và ngày càng trừu tượng.\r\n\r\nMickaël Launaykhông chỉ cho người đọc thấy cái đẹp, chất thơ của toán học mà còn xác quyết một điều khác, rằng mọi người đều có thể yêu thích toán học và đều có thể cảm nhận được vẻ đẹp tự nhiên của nó. Cuốn sách này là một minh chứng cho điều đó.\r\n\r\nGiá sản phẩm trên Tiki đã bao gồm thuế theo luật hiện hành. Bên cạnh đó, tuỳ vào loại sản phẩm, hình thức và địa chỉ giao hàng mà có thể phát sinh thêm chi phí khác như phí vận chuyển, phụ phí hàng cồng kềnh, thuế nhập khẩu (đối với đơn hàng giao từ nước ngoài có giá trị trên 1 triệu đồng).....', 258, 80, 'Tiếng Việt', 4, 5, 'Toán Học, Một Thiên Tiểu Thuyết.webp', ''),
(121, 'Sổ tay Arduino', 68500, 28, 'Nam Cao', 2008, 152, 'Sổ tay Arduino là sản phẩm của một nhóm các bạn trẻ theo đuổi lĩnh vực Khoa học máy tính và có nhiều kinh nghiệm học tập, làm việc và các giải thưởng về Arduino. Đây là tài liệu về Arduino đầu tiên tại Việt Nam được biên soạn theo hướng xây dựng hệ thống kiến thức về Điện tử, Khoa học máy tính và Tư duy thiết kế dành cho các bạn học sinh muốn tự tìm hiểu về Arduino cũng như là công cụ dùng trong giảng dạy cho giáo viên và cả mục đích tra cứu của những bạn đã có kinh nghiệm.\r\n\r\n', 36, 88, 'Tiếng Việt', 4, 5, 'Sổ tay Arduino.webp', 'Sổ tay Arduino1.webp'),
(122, 'Code Dạo Kí Sự - Lập Trình Viên Đâu Phải Chỉ Biết Code', 230000, 12, 'Đông Á', 2021, 300, 'Nếu các bạn có đọc các blog về lập trình ở Việt Nam thì có lẽ cái tên Tôi đi code dạo không có gì quá xa lạ đối với các bạn.\r\n\r\nVề tác giả của blog Tôi đi code dạo, anh tên thật là Phạm Huy Hoàng, một Developer Full Stack, cựu sinh viên trường FPT University, hiện tại anh đang học Thạc sĩ Computer Science tại Đại học Lancaster ở Anh (học bổng $18000). Trước khi qua Xứ Sở Sương Mù, anh đã từng làm việc tại FPT Software và ASWIG Solutions.\r\n\r\nVới mong muốn chia sẻ kinh nghiệm học lập trình và các kỹ năng mà anh đã trải qua trong suốt quá trình học và làm việc với tư cách là người đi trước cũng như là một Developer Full Stack, nên anh đã quyết định xuất bản sách “Code dạo ký sự – lập trình viên đâu phải chỉ biết code”.\r\n\r\nHiện tại, trên thị trường sách Việt Nam với chủ đề về IT nói chung và lập trình viên nói riêng đều rất khan hiếm, chủ yếu là dịch lại từ tác giả nước ngoài. Chúng ta đã quá mải mê vào những đầu sách dạng “Những cách làm giàu hay đại loại vậy” đã khiến chúng ta ảo tưởng phần nào về bản thân mà thật sự kỹ năng của bạn không cho phép để làm điều đó.\r\n\r\nVì thế chúng ta cần những đầu sách để định hướng nghề nghiệp và xây dựng kiến thức thật vững chắc, khi đó bạn mới có thể nghĩ tới những điều tuyệt vời hơn trong tương lai. “Code dạo ký sự – lập trình viên đâu phải chỉ biết code” sẽ đem lại cho bạn điều đó.\r\n\r\nMột số sách công nghệ hiện nay quá khô cứng, tập trung nhiều vào kĩ thuật nên khó tiếp thu. Số sách cò lại đa phần là về thuật toán, khá cũ, hoặc tập trung vào một công nghệ, rất mau hết hạn.\r\n\r\nCuốn sách này hoàn toàn khác những cuốn sách về IT và công nghệ trên thị thường. Vậy nó có điểm nào đặc biệt?\r\n\r\nNhững bài viết ngắn gọn và thú vị về những kĩ năng mềm và cứng mà một lập trình viên phải có, được mình rút chiết qua bao kinh nghiệm xương máu.\r\nGiọng văn hài hước dí dỏm, đọc không hề giống sách kĩ thuật nhưng lại dễ tiếp thu.\r\nSách tập trung vào khả năng tự học và định hướng người đọc. Có kĩ năng tự học, có định hướng tốt, bạn sẽ dễ dàng sống sót và thăng tiến trong ngành này.\r\n \r\n\r\n \r\n\r\n\r\n\r\nGiá sản phẩm trên Tiki đã bao gồm thuế theo luật hiện hành. Bên cạnh đó, tuỳ vào loại sản phẩm, hình thức và địa chỉ giao hàng mà có thể phát sinh thêm chi phí khác như phí vận chuyển, phụ phí hàng cồng kềnh, thuế nhập khẩu (đối với đơn hàng giao từ nước ngoài có giá trị trên 1 triệu đồng).....\r\n\r\n', 450, 98, 'Tiếng Việt', 2, 5, 'Code Dạo Kí Sự - Lập Trình Viên Đâu Phải Chỉ Biết Code.webp', '7 Phương Pháp Đầu Tư Warren Buffet1.webp'),
(123, 'Những Nhà Khám Phá - Lịch Sử Tri Kiến Vạn Vật Và Con Người', 126000, 85, 'NXB Trẻ', 2008, 1260, 'Được coi như cuốn sách lớn nhất của một trong những sử gia lớn nhất thời hiện đại, Những nhà khám phá là một tập khảo luận đồ sộ và bao quát về cách thức nhân loại đã khám phá thế giới, dù còn dang dở (bởi như Einstein đã từng nói, “Cái bí ẩn vĩnh hằng của thế giới là tính khả tri”). Boorstin chứng tỏ mình là một nghệ sĩ bậc thầy khi kết hợp những mảnh tư liệu lớn trong kho tàng lịch sử tri thức thành những cấu trúc trật tự và lô gích, theo một mạch văn sống động, hé mở sự vận động tiệm tiến của tri thức qua truyện kể về những cá nhân kiệt xuất đã từng vạch lối mở đường, bằng niềm tin, sự cẩn trọng cùng ý chí và quyết tâm sắt đá, tiến tới khai phá “miền đất lạ”, làm nên hiểu biết của chúng ta về sự phát triển của vũ trụ trong gần hai thiên niên kỷ qua, truy nguyên từ Ptolemy qua Copernicus và Newton tới Einstein, giúp ta nhìn thấu thời đại Khám phá vĩ đại, Tự nhiên muôn màu và hơn thế nữa...\r\n\r\nLà cuốn mở đầu cho tác phẩm bộ ba lịch sử thế giới bao gồm cả \"The Creators (Những nhà sáng tạo)\" và \"The Seekers (Những người tìm kiếm)\", nhưng Những nhà khám phá được coi như một kiệt tác độc lập. Một tác phẩm nổi bật, vượt trội, khai mở cho người tò mò muốn biết thế giới đã được khám phá như thế nào, một trong những bách khoa thư lịch sử xuất sắc nhất khó lòng tìm được ở bất cứ nơi đâu khác.\r\n\r\nGiá sản phẩm trên Tiki đã bao gồm thuế theo luật hiện hành. Bên cạnh đó, tuỳ vào loại sản phẩm, hình thức và địa chỉ giao hàng mà có thể phát sinh thêm chi phí khác như phí vận chuyển, phụ phí hàng cồng kềnh, thuế nhập khẩu (đối với đơn hàng giao từ nước ngoài có giá trị trên 1 triệu đồng).....', 65, 855, 'Tiếng Việt', 5, 3, 'Những Nhà Khám Phá - Lịch Sử Tri Kiến Vạn Vật Và Con Người.webp', ''),
(124, 'Mô Hình Hồi Quy Và Khám Phá Khoa Học', 126500, 25, 'NXB Trẻ', 2008, 352, 'Cuốn sách giới thiệu các mô hình hồi quy tuyến tính, hồi quy logistic, hồi quy Poisson, và hồi quy Cox. Bạn đọc sẽ học qua các phát biểu giả thuyết khoa học qua các mô hình hồi quy. Những vấn đề (ít khi nào được đề cập trong sách giáo khoa) như đánh giá tầm quan trọng của biến tiên lượng, hoán chuyển dữ liệu, xây dựng và kiêm định mô hình, LASSO, Ridge, Robust, và cách triển khai các ý tưởng này bằng ngôn ngữ R.\r\n\r\n\r\nGiá sản phẩm trên Tiki đã bao gồm thuế theo luật hiện hành. Bên cạnh đó, tuỳ vào loại sản phẩm, hình thức và địa chỉ giao hàng mà có thể phát sinh thêm chi phí khác như phí vận chuyển, phụ phí hàng cồng kềnh, thuế nhập khẩu (đối với đơn hàng giao từ nước ngoài có giá trị trên 1 triệu đồng).....', 98, 66, 'Tiếng Việt', 3, 5, 'Mô Hình Hồi Quy Và Khám Phá Khoa Học.webp', ''),
(125, 'Lỗ Đen: Các Bài Diễn Thuyết Trên Đài', 232000, 28, 'Long Nguyễn', 2020, 325, 'Sách tập hợp hai bài nói chuyện của nhà vật lý vĩ đại Stephen Hawking trên BBC vào đầu năm 2016. Trong loạt bài giảng trên BBC này, tác giả đã dựng lên thách đố phải tóm lược câu chuyện cả một đời bên trong lỗ đen chỉ trong hai cuộc trò chuyện mười lăm phút.\r\n\r\nĐóng góp độc đáo của Stephen Hawking cho nghiên cứu khoa học là dựng lên những phương thức tiếp cận các vấn đề chuyên môn rất đa dạng: nổi tiếng nhất, ông là người đầu tiên đã khảo sát vũ trụ rộng lớn bằng những kỹ thuật khoa học lập ra để nghiên cứu những hạt nhỏ bé bên trong nguyên tử. Các đồng nghiệp của ông trong lĩnh vực cực kỳ phức tạp này có thể lo lắng rằng công trình của họ sẽ chẳng bao giờ trình bày được để công chúng dễ hiểu. Vậy mà việc hướng đến một công chúng rộng rãi hơn lại là một biệt tài của Hawking. Để thêm phần dễ tiếp cận đối với những ai hiếu kỳ nhưng rối trí, bị mê hoặc bởi ý tưởng nhưng lúng túng về mặt khoa học, sách có phần giới thiệu và ghi chú thêm ở các điểm mấu chốt của David Shukman - biên tập viên khoa học của BBC News.\r\n\r\nGiá sản phẩm trên Tiki đã bao gồm thuế theo luật hiện hành. Bên cạnh đó, tuỳ vào loại sản phẩm, hình thức và địa chỉ giao hàng mà có thể phát sinh thêm chi phí khác như phí vận chuyển, phụ phí hàng cồng kềnh, thuế nhập khẩu (đối với đơn hàng giao từ nước ngoài có giá trị trên 1 triệu đồng).....', 265, 68, 'Tiếng Việt', 4, 5, 'Lỗ Đen- Các Bài Diễn Thuyết Trên Đài.webp', ''),
(127, 'Sinh Học - Khoa Học Về Sự Sống', 165220, 12, 'NXB Trẻ', 2014, 265, 'Sinh Học là Khoa học về sự sống. Sự Sống luôn liên quan đến mỗi người chúng ta. Đó là hoạt động của cơ thể con người và các sinh vật khác, từ virus, nấm, đến các loài thực vật và các loài động vật. Những kiến thức về sinh học giúp mỗi người hiểu biết thêm cơ thể của chính mình và những người thân đang sống cùng mình, từ đó có thêm hiểu biết để bảo vệ sức khỏe và bảo vệ môi trường sống quanh ta. Hiểu biết về tính đa dạng sinh học giúp ta thêm yêu mến thế giới các sinh vật trong môi trường và có ý thức hơn trong việc bảo vệ tính đa dạng sinh học của đất nước.\r\n\r\nTất cả các thầy cô giáo giảng dạy sinh học có trong tay cuốn sách này sẽ thêm tư liệu để giảng dạy một cách phong phú hơn, dễ hiểu hơn và làm cho học sinh yêu thích môn học này. Các em học sinh chuyên ban Sinh ở các trường chuyên sẽ có thêm tài liệu tham khảo để vững tin hơn trong việc thi vào các trường Cao đẳng, Đại học có yêu cầu thi môn Sinh học.\r\nCác tác giả đã cố gắng biên soạn phù hợp với nội dung giảng dạy Sinh học theo trương trình và các sách giáo khoa mới. Nội dung sách dựa vào các tài liệu đáng tin cậy trong các sách Sinh học xuất bản trong và ngoài nước. Các hình ảnh minh họa ngoài các hình tự biên soạn còn sử dụng các hình trong các sách tham khảo và trên internet và là các hình không ghi chú có thể có bản quyền.\r\n\r\nGiá sản phẩm trên Tiki đã bao gồm thuế theo luật hiện hành. Bên cạnh đó, tuỳ vào loại sản phẩm, hình thức và địa chỉ giao hàng mà có thể phát sinh thêm chi phí khác như phí vận chuyển, phụ phí hàng cồng kềnh, thuế nhập khẩu (đối với đơn hàng giao từ nước ngoài có giá trị trên 1 triệu đồng).....', 12, 612, 'Tiếng Việt', 2, 5, 'Sinh Học - Khoa Học Về Sự Sống.webp', ''),
(128, 'Bí Mật Dotcom (Tái Bản 2021)', 241000, 16, 'Đông Á', 2021, 452, '\"Trước hết, nếu bạn đang kỳ vong Bí Mật Dot Com sẽ đem đến cho bạn những \"công cụ\" mới mẻ, hấp dẫn, nhanh chóng, dễ dùng hay những mẹo quảng cáo khéo léo, những chiêu trò có thể giúp bạn kiếm tiền ngay hôm nay nhưng đòi hỏi bạn phải liên tục tìm ra những mánh lới khác. Đây không hẳn là điều bạn đang tìm kiếm.\r\n\r\nNhưng nếu bạn đang muốn xây dựng một CÔNG TY ONLINE bền vững, đây đích thị là cuốn sách dành cho bạn. Nó sẽ mang đến cho bạn một sự hiểu biết sâu sắc và một sự thấu suốt về cấu trúc và khoa học marketing hiệu quả để áp dụng chúng trên thế giới truyền thông online. Cuốn sách sẽ giúp bạn biết cách làm thế nào để cấu trúc lại sản phẩm và dịch vụ của công ty mình sao cho số tiền kiếm được nhiều gấp hai đến ba lần từ lượng truy cập bạn đang có. Khi làm theo các bước được hướng dẫn, mọi thứ sẽ bắt đầu vào guồng xoay của nó và bạn có thể đầu tư nhiều hơn để kiếm được nhiều khách hàng mới hơn.\r\n\r\nVà mặc dù rất muốn được mang quyển sách này đến với bạn ngay bây giờ, hiện phần bản dịch tiếng Việt của sách còn đang được hoàn thiện để đưa vào in ấn. Trong thời gian này, tôi sẽ chia sẻ với bạn một phần nội dung, mang tính chiến lược cũng như trải nghiệm của bản thân tôi trong quá trình áp dụng những kiến thức này để bạn có thể sử dụng ngay cho công việc kinh doanh online của mình và thu về thêm nhiều lợi nhuận.\r\n\r\nGiá sản phẩm trên Tiki đã bao gồm thuế theo luật hiện hành. Bên cạnh đó, tuỳ vào loại sản phẩm, hình thức và địa chỉ giao hàng mà có thể phát sinh thêm chi phí khác như phí vận chuyển, phụ phí hàng cồng kềnh, thuế nhập khẩu (đối với đơn hàng giao từ nước ngoài có giá trị trên 1 triệu đồng).....', 400, 125, 'Tiếng Việt', 5, 7, 'Bí Mật Dotcom (Tái Bản 2021).webp', ''),
(129, 'Chiếc Thìa Biến Mất', 125600, 123, 'Nhi Đồng', 2008, 555, 'Chiếc thìa biến mất\r\n\r\nNhững giai thoại về sự Điên loạn, Tình yêu, Lịch sử thế giới từ Bảng tuần hoàn các nguyên tố hóa học\r\n\r\nCác nguyên tố hóa học đến từ đâu? Trong suốt nhiều thế kỷ, các nhà khoa học vẫn luôn cho rằng chúng chẳng đến từ đâu cả. Có rất nhiều lý thuyết siêu hình tranh cãi về việc ai (hoặc Đấng Sáng Tạo nào) tạo ra vũ trụ và tại sao, nhưng tất cả đều đồng thuận rằng mọi nguyên tố đã tồn tại kể từ khi vũ trụ sinh ra. Chúng vô thủy vô chung, trường tồn cùng thời gian và thi gan cùng tuế nguyệt. Các lý thuyết mới hơn (như thuyết Vụ Nổ Lớn vào những năm 1930) đã áp dụng quan điểm này.\r\n\r\niểm cực nhỏ ấy tồn tại từ 14 tỷ năm trước, chứa đựng tất cả vật chất trong vũ trụ và mọi thứ ta thấy ngày nay đều xuất phát từ đó. Chúng chưa mang hình dạng của vương miện kim cương, lon thiếc hay lá nhôm mà tồn tại dưới dạng các nguyên tử. (Một nhà khoa học tính toán rằng phải mất mười phút để Vụ nổ Lớn tạo ra toàn bộ vật chất đã biết, rồi dí dỏm nói: “Nấu các nguyên tố còn nhanh hơn là nấu thịt vịt và khoai tây nướng.”) Đó lại là một quan điểm theo lẽ thường: lịch sử thiên văn bền vững của các nguyên tố.\r\n\r\nVài thập kỷ sau, lý thuyết đó bắt đầu gây tranh cãi. Năm 1939*, các nhà khoa học Đức và Mỹ đã chứng minh rằng Mặt Trời và các ngôi sao khác tự gia nhiệt bằng cách hợp hạch hydro thành heli, giải phóng nguồn năng lượng khổng lồ, bất chấp kích thước cực nhỏ của nguyên tử. Một số nhà khoa học đồng ý rằng dân số hydro và heli có thay đổi (dù rất ít), nhưng không có bằng chứng nào cho thấy dân số của các nguyên tố khác thay đổi cả. Khi kính thiên văn ngày càng được cải thiện, nhiều khúc mắc cũng xuất hiện theo. Về lý thuyết, Vụ nổ Lớn phải giảiphóng các nguyên tố đồng đều theo mọi hướng. Nhưng dữ liệu đã chứng minh rằng hầu hết các ngôi sao trẻ chỉ chứa hydro và heli, còn các ngôi sao già hơn lại chứa hàng tá nguyên tố. Thêm vào đó, các nguyên tố cực kỳ kém bền như tecneti không xuất hiện trên Trái Đất nhưng lại tồn tại trong một số “ngôi sao đặc biệt về mặt hóa học”. Phải có thứ gì đó đang liên tục tạo ra các nguyên tố mỗi ngày.\r\n\r\nChúng ta cần bảng tuần hoàn để đào sâu nghiên cứu những điều thú vị của tạo hóa, như vụ nổ siêu tân tinh và sự sống từ cacbon. Như sử gia khoa học Eric Scerri viết: “Ngoài hydro và heli, mọi nguyên tố khác chỉ chiếm 0,04% vũ trụ. Chiếu theo quan điểm này thì bảng tuần hoàn dường như chẳng có ý nghĩa gì đáng kể. Nhưng sự thật là chúng ta vẫn sống trên Trái Đất… nơi mà trữ lượng tương đối của các nguyên tố khá khác nhau.”\r\n\r\nQuan điểm trên là đúng, dù nó không thi vị bằng cách nói của nhà vật lý thiên văn quá cố Carl Sagan. Nếu không có “lò hợp hạch” mà B2FH mô tả để “rèn” nên các nguyên tố như cacbon, oxy, nitơ và không có vụ nổ siêu tân tinh để gieo mầm những nơi hiếu khách như Trái Đất, thì sự sống sẽ không bao giờ hình thành. Như Sagan đã nói một cách đầy trìu mến: “Chúng ta đều sinh ra từ bụi sao.”\r\n\r\nKean đã mở ra một chiếc túi thần kỳ của bảng tuần hoàn với đầy rẫy những trò ảo thuật bất ngờ và mê hoặc, chẳng hạn biến những chất nặng như chì thành và Với cách lồng ghép giai thoại của Oliver Sacks và khả năng tiếp cận đại chúng của Malcolm Gladwell, Kean khiến ngay cả những khái niệm trừu tượng nhất cũng có thể đến được với các nhà khoa học nghiệp dư. Khiếu hài hước của ông mang đến sự thích thú đặc biệ Kean thành công trong việc đưa ra những sự thật phũ phàng về cả con người và hóa học, đằng sau những hiện tượng đáng kinh ngạc.\r\n\r\nBất cứ ai cũng sẽ thu thập được kiến thức mới và những điều thú vị từ cuốn sách này.\r\n\r\nMột số đánh giá:\r\n\r\n“Không thể cưỡng lạ Chiếc Thìa Biến Mất vén bức màn của lịch sử, của sự đam mê điên dại và của những phút kịch tính cao trào trong cuộc sống của chúng ta… Ông thổi mãnh lực vào khoa học khiến bạn không ngừng háo hức lật mở những trang sách để xem những gì đang chờ đợ Cuốn sách của Kean thật thú vị và tràn đầy năng lượng, bạn sẽ muốn chia sẻ với ai đó về các mẩu chuyện trong đó. Nhưng phép màu nằm ở cách mà Kean giúp bạn thấy, trải nghiệm và đánh giá thế giới một cách khác biệt, với một cảm giác thực sự kỳ diệu và niềm vui khám phá, mà từng nguyên tố ở đó đều vô cùng mãnh liệt. - Caroline Leavitt, Boston Globe\r\n\r\n“Tràn đầy năng lượ Kean biến Chiếc thìa biến mất thành cuộc diễu hành không ngừng nghỉ của những câu chuyện khoa học sống độ” — Janet Maslin, New York Times\r\n\r\n“Thực sự xuất sắ Tôi không biết ca ngợi Chiếc thìa biến mất bao nhiêu cho đủ Những câu chuyện liên quan đến các nguyên tố và thí nghiệm để kiểm tra các giả thuyết cực kỳ lôi cuố Bạn hãy đọc và cảm nhận.” — Jon Carroll, San Francisco Chronicle\r\n\r\n“Sam Kean miêu tả bảng tuần hoàn bằng cách sử dụng một dàn nhân vật với các câu chuyện minh họa cho tương tác của con người với thế giới vật chất. Bằng cách đan xen các câu chuyện vào các chủ đề riêng ở mỗi chương, ông đã mô tả toàn bộ bảng tuần hoàn không chừa một góc nào. Độc giả nào cũng sẽ học được điều gì đó” — Philip Ball, Nature\r\n\r\n“Một cái nhìn mới mẻ về các nguyên tố tạo nên thế giớ Cuốn sách có nhiều giai thoại về tính ứng dụng c', 222, 32, 'Tiếng Việt', 4, 5, 'Chiếc Thìa Biến Mất.webp', ''),
(130, 'Kiến Trúc Nhà Ở', 126200, 40, 'Đông Á', 2011, 265, 'Nhà ở luôn là mối quan tâm hàng đầu của mọi tầng lớp trong xã hội. Thiết kế và xây dựng nhà ở như thế nào để đáp ứng được nhu cầu cuộc sổng vật chất, tinh thần và thúc đẩy quá trình phát triển của xã hội ? Đó luôn là những vấn đề đặt ra cho các nhà kiến trúc, xây dựng.\r\nĐể dáp ứng được nhu cầu về tài liệu nghiên cứu, tham khảo và học tập cho các kiến trúc sư, kỹ sư xây dụng, cùng đông đảo sinh viên các trường đại học và những người quan tâm về kiến trúc nhà ở, Nhà xuất bản Xây dựng cho tái bản cuốn \'Kiến trúc nhà dựng\" của PGS. KTS. Đặng Thái Hoàng.\r\nLần tải bản thứ nhất này, ngoài việc chỉnh lý lại nội dung, chương mục, sách còn bố sung thêm hình vẽ minh họa và phụ lục tham khảo bồ ích , phù hợp với yêu cầu phát triển nhà ở hiện nay. Mặc dù đã có nhiầu cố gắng, song chắc chắn không tránh khỏi những thiếu sót, chúng tôi luôn mong nhận được những ý kiến đóng góp, phê bình của đông đảo bạn đọc để cuốn sách được tốt hơn.\r\n\r\nGiá sản phẩm trên Tiki đã bao gồm thuế theo luật hiện hành. Bên cạnh đó, tuỳ vào loại sản phẩm, hình thức và địa chỉ giao hàng mà có thể phát sinh thêm chi phí khác như phí vận chuyển, phụ phí hàng cồng kềnh, thuế nhập khẩu (đối với đơn hàng giao từ nước ngoài có giá trị trên 1 triệu đồng).....', 125, 45, 'Tiếng Việt', 4, 5, 'Kiến Trúc Nhà Ở.webp', ''),
(131, 'Sổ Tay Cơ Điện Tử', 29000, 32, 'Nhi Đồng', 2019, 265, 'Cơ Học Kỹ Thuật là một môn học cơ sở trong chương trình đào tạo sinh viên đại học kỹ thuật. Nội dung của môn học Cơ Học Kỹ Thuật gồm ba phần: Tĩnh học vật rắn, Động học vật rắn, Động lực học chất điểm và vật rắn. Cuốn giáo trình này được in thành 2 tập với thời lượng 10 đơn vị học trình. Sách được viết trên cơ sở bài giảng của tác giả cho sinh viên trường Đại học Bách khoa Hà Nội trong nhiều năm và cho nhiều ngành kỹ thuật khác nhau. Những kiến thức trình bày trong giáo trình này là những kiến thức tối thiểu cần thiết để sinh viên có thể học các môn học tiếp theo của các ngành Cơ khí, Cơ điện tử, Giao thông vận tải, Xây dự\r\n\r\nGiá sản phẩm trên Tiki đã bao gồm thuế theo luật hiện hành. Bên cạnh đó, tuỳ vào loại sản phẩm, hình thức và địa chỉ giao hàng mà có thể phát sinh thêm chi phí khác như phí vận chuyển, phụ phí hàng cồng kềnh, thuế nhập khẩu (đối với đơn hàng giao từ nước ngoài có giá trị trên 1 triệu đồng).....', 125, 85, 'Tiếng Việt', 4, 5, 'Sổ Tay Cơ Điện Tử.webp', ''),
(132, 'Công Nghệ Enzym', 165200, 25, 'Đông Á', 2020, 265, 'Enzyme là chất xúc tác sinh học, tức là chất xúc tác được sản xuất ra do tế bao và vi tế bào. Là tác phẩm của tự nhiên, enzyme có bản chất protein có cấu trúc phân tử phức tạp và tinh vi, do đó enzyme có lực xúc tác cực kỳ mạnh mẽ và có tính chọn lọc rất cao. Song khi chiết xuất ra ngoài, hoạt tính xúc tác của nó có thể giảm hoặc mất đi khi điều kiện môi trường phản ứng không được duy trì như ở trong tế bào.\r\n\r\nBằng cách nào có thể trích ly được emzym và thu được chế phẩm enzyme có độ tinh khiết cao? Bằng cách nào có thể chế tác được chế phẩm enzym ở dạng không hòa tan để sử dụng được lâu bền. Enzym hòa toa và enzyme cố định khác nhau về động học như thế nào? Đặc điểm của thiết bị phản ứng enzyme và nguyên tắc làm việc của điện cực enzyme như thế nào? Phạm vi và hiệu quả sử dụng của enzym trong nền kinh tế quốc dân như thế nào?\r\n\r\nGiá sản phẩm trên Tiki đã bao gồm thuế theo luật hiện hành. Bên cạnh đó, tuỳ vào loại sản phẩm, hình thức và địa chỉ giao hàng mà có thể phát sinh thêm chi phí khác như phí vận chuyển, phụ phí hàng cồng kềnh, thuế nhập khẩu (đối với đơn hàng giao từ nước ngoài có giá trị trên 1 triệu đồng).....', 654, 658, 'Tiếng Việt', 1, 8, 'Công Nghệ Enzym.webp', ''),
(133, 'Tuyển Tập Dữ Liệu Lớn (Big Data)', 165200, 78, 'NXB Trẻ', 2018, 325, 'Khi bạn sử dụng sản phẩm của một trong năm đại gia GAFAM (Google, Amazon, Facebook, Apple, Microsoft) chắc bạn không ngờ rằng mình đã góp phần tạo ra dữ liệu lớn (Big Data). Trong thế giới toàn cầu hóa ngày nay, các hoạt động hằng ngày của chúng ta (tiêu dùng, giao tiếp, di chuyển,...) tạo ra các dữ liệu, mà dấu vết là những \"mảnh vụn dạng số\". Từ thực tế này, khoa học dữ liệu (Data Science) ra đời để xử lí, trong thời gian kỉ lục, những dữ liệu đa dạng, thường ít được cấu trúc, ngày càng tăng, liên tục thay đổi, với những ứng dụng trong hầu hết mọi lĩnh vực và tác động đến mọi mặt của cuộc sống. \r\n\r\nNhân dịp bước vào năm hoạt động thứ ba, trang Phân tích Kinh tế chọn giới thiệu 20 bài về chủ đề “nóng” này được tập hợp trong tuyển tập thứ hai[1] của nhóm, gồm ba mục chính. Chín bài đầu của tuyển tập trình bày dễ hiểu thế nào là dữ liệu lớn qua một số minh họa và ứng dụng trong các ngành khác nhau như kinh tế, giáo dục, báo chí, sử học, quản lí đô thị, y khoa, v.v. Chín bài tiếp theo đề cập vài vấn đề đang tranh luận, ví dụ như: những công nghệ tin học mới trong việc xử lí những dữ liệu cực lớn có thay đổi triết lí tin học không, sự chuyển đổi kinh tế và xã hội mà các công nghệ này tạo nên đặt ra những vấn đề nào cho sự riêng tư của cá nhân hay liệu có hay không một sự đoạn tuyệt mang tính khoa học luận, với sự chuyển tiếp từ các phương pháp giả thuyết và suy diễn mà dựa trên đó khoa học hiện đại đã được xây dựng đến một logic quy nạp, rất khác biệt với truyền thống. Và hai bài sau cùng giúp bạn đọc dễ hình dung người làm khoa học dữ liệu trong thực tiễn với việc phác họa những kĩ năng cần thiết của những ai phải làm việc hằng ngày với dữ liệu lớn.\r\n\r\nHi vọng là tuyển tập, với các góc nhìn đa chiều, sẽ giúp bạn đọc nhận diện những triển vọng và thách thức của một kĩ thuật mới còn trên đà phát triển mạnh hầu tỉnh táo đối mặt một cách chủ động với nó.\r\n\r\n\r\n\r\nGiá sản phẩm trên Tiki đã bao gồm thuế theo luật hiện hành. Bên cạnh đó, tuỳ vào loại sản phẩm, hình thức và địa chỉ giao hàng mà có thể phát sinh thêm chi phí khác như phí vận chuyển, phụ phí hàng cồng kềnh, thuế nhập khẩu (đối với đơn hàng giao từ nước ngoài có giá trị trên 1 triệu đồng).....', 60, 120, 'Tiếng Việt', 4, 5, 'Tuyển Tập Dữ Liệu Lớn (Big Data).webp', '');

-- --------------------------------------------------------

--
-- Table structure for table `tacgia`
--

CREATE TABLE `tacgia` (
  `tg_id` int(100) NOT NULL,
  `tg_ten` varchar(100) COLLATE utf8mb4_unicode_ci DEFAULT NULL
) ENGINE=InnoDB DEFAULT CHARSET=utf8mb4 COLLATE=utf8mb4_unicode_ci;

--
-- Dumping data for table `tacgia`
--

INSERT INTO `tacgia` (`tg_id`, `tg_ten`) VALUES
(1, 'Doanh Chính'),
(2, 'Kim lân'),
(3, 'Long Nguyễn'),
(4, 'Tố hữu'),
(5, 'Nguyễn Vũ'),
(58, 'Xuân diệu');

-- --------------------------------------------------------

--
-- Table structure for table `theloai`
--

CREATE TABLE `theloai` (
  `tl_id` int(100) NOT NULL,
  `tl_ten` varchar(100) COLLATE utf8mb4_unicode_ci NOT NULL
) ENGINE=InnoDB DEFAULT CHARSET=utf8mb4 COLLATE=utf8mb4_unicode_ci;

--
-- Dumping data for table `theloai`
--

INSERT INTO `theloai` (`tl_id`, `tl_ten`) VALUES
(1, 'Văn học'),
(2, 'Kỹ năng sống'),
(3, 'Kinh tế'),
(4, 'Thiếu nhi'),
(5, 'Khoa học - Kỹ thuật'),
(7, 'Viễn tưởng'),
(8, 'Thường thức - Gia đình'),
(9, 'Văn hóa - Du lịch'),
(10, 'Sách học ngoại ngữ'),
(11, 'Tâm lý - Giới tính');

--
-- Indexes for dumped tables
--

--
-- Indexes for table `chitiethd`
--
ALTER TABLE `chitiethd`
  ADD PRIMARY KEY (`hd_id`,`s_id`),
  ADD KEY `s_id` (`s_id`);

--
-- Indexes for table `danhgia`
--
ALTER TABLE `danhgia`
  ADD PRIMARY KEY (`k_id`,`hd_id`,`s_id`),
  ADD KEY `hd_id` (`hd_id`),
  ADD KEY `s_id` (`s_id`);

--
-- Indexes for table `donhang`
--
ALTER TABLE `donhang`
  ADD PRIMARY KEY (`hd_id`),
  ADD KEY `k_id` (`k_id`);

--
-- Indexes for table `giohang`
--
ALTER TABLE `giohang`
  ADD PRIMARY KEY (`k_id`,`s_id`,`trangthai`) USING BTREE,
  ADD KEY `fk_s_id` (`s_id`);

--
-- Indexes for table `khach`
--
ALTER TABLE `khach`
  ADD PRIMARY KEY (`k_id`);

--
-- Indexes for table `sach`
--
ALTER TABLE `sach`
  ADD PRIMARY KEY (`s_id`),
  ADD KEY `tg_id` (`tg_id`),
  ADD KEY `tl_id` (`tl_id`);

--
-- Indexes for table `tacgia`
--
ALTER TABLE `tacgia`
  ADD PRIMARY KEY (`tg_id`);

--
-- Indexes for table `theloai`
--
ALTER TABLE `theloai`
  ADD PRIMARY KEY (`tl_id`);

--
-- AUTO_INCREMENT for dumped tables
--

--
-- AUTO_INCREMENT for table `donhang`
--
ALTER TABLE `donhang`
  MODIFY `hd_id` int(100) UNSIGNED NOT NULL AUTO_INCREMENT, AUTO_INCREMENT=137;

--
-- AUTO_INCREMENT for table `khach`
--
ALTER TABLE `khach`
  MODIFY `k_id` int(100) UNSIGNED NOT NULL AUTO_INCREMENT, AUTO_INCREMENT=12;

--
-- AUTO_INCREMENT for table `sach`
--
ALTER TABLE `sach`
  MODIFY `s_id` int(100) UNSIGNED NOT NULL AUTO_INCREMENT, AUTO_INCREMENT=143;

--
-- AUTO_INCREMENT for table `tacgia`
--
ALTER TABLE `tacgia`
  MODIFY `tg_id` int(100) NOT NULL AUTO_INCREMENT, AUTO_INCREMENT=63;

--
-- AUTO_INCREMENT for table `theloai`
--
ALTER TABLE `theloai`
  MODIFY `tl_id` int(100) NOT NULL AUTO_INCREMENT, AUTO_INCREMENT=26;

--
-- Constraints for dumped tables
--

--
-- Constraints for table `chitiethd`
--
ALTER TABLE `chitiethd`
  ADD CONSTRAINT `chitiethd_ibfk_1` FOREIGN KEY (`hd_id`) REFERENCES `donhang` (`hd_id`),
  ADD CONSTRAINT `chitiethd_ibfk_2` FOREIGN KEY (`s_id`) REFERENCES `sach` (`s_id`);

--
-- Constraints for table `danhgia`
--
ALTER TABLE `danhgia`
  ADD CONSTRAINT `danhgia_ibfk_1` FOREIGN KEY (`k_id`) REFERENCES `khach` (`k_id`),
  ADD CONSTRAINT `danhgia_ibfk_2` FOREIGN KEY (`hd_id`) REFERENCES `donhang` (`hd_id`),
  ADD CONSTRAINT `danhgia_ibfk_3` FOREIGN KEY (`s_id`) REFERENCES `sach` (`s_id`);

--
-- Constraints for table `donhang`
--
ALTER TABLE `donhang`
  ADD CONSTRAINT `donhang_ibfk_1` FOREIGN KEY (`k_id`) REFERENCES `khach` (`k_id`);

--
-- Constraints for table `giohang`
--
ALTER TABLE `giohang`
  ADD CONSTRAINT `fk_k_id` FOREIGN KEY (`k_id`) REFERENCES `khach` (`k_id`),
  ADD CONSTRAINT `fk_s_id` FOREIGN KEY (`s_id`) REFERENCES `sach` (`s_id`);

--
-- Constraints for table `sach`
--
ALTER TABLE `sach`
  ADD CONSTRAINT `tg_id` FOREIGN KEY (`tg_id`) REFERENCES `tacgia` (`tg_id`),
  ADD CONSTRAINT `tl_id` FOREIGN KEY (`tl_id`) REFERENCES `theloai` (`tl_id`);
COMMIT;

/*!40101 SET CHARACTER_SET_CLIENT=@OLD_CHARACTER_SET_CLIENT */;
/*!40101 SET CHARACTER_SET_RESULTS=@OLD_CHARACTER_SET_RESULTS */;
/*!40101 SET COLLATION_CONNECTION=@OLD_COLLATION_CONNECTION */;
