-- phpMyAdmin SQL Dump
-- version 5.2.0
-- https://www.phpmyadmin.net/
--
-- Máy chủ: 127.0.0.1
-- Thời gian đã tạo: Th6 20, 2023 lúc 04:20 AM
-- Phiên bản máy phục vụ: 10.4.25-MariaDB
-- Phiên bản PHP: 8.1.10

SET SQL_MODE = "NO_AUTO_VALUE_ON_ZERO";
START TRANSACTION;
SET time_zone = "+00:00";


/*!40101 SET @OLD_CHARACTER_SET_CLIENT=@@CHARACTER_SET_CLIENT */;
/*!40101 SET @OLD_CHARACTER_SET_RESULTS=@@CHARACTER_SET_RESULTS */;
/*!40101 SET @OLD_COLLATION_CONNECTION=@@COLLATION_CONNECTION */;
/*!40101 SET NAMES utf8mb4 */;

--
-- Cơ sở dữ liệu: `book_store`
--

-- --------------------------------------------------------

--
-- Cấu trúc bảng cho bảng `chitiethd`
--

CREATE TABLE `chitiethd` (
  `hd_id` int(100) UNSIGNED NOT NULL,
  `s_id` int(100) UNSIGNED NOT NULL,
  `sluong` int(100) NOT NULL
) ENGINE=InnoDB DEFAULT CHARSET=utf8mb4 COLLATE=utf8mb4_unicode_ci;

--
-- Đang đổ dữ liệu cho bảng `chitiethd`
--

INSERT INTO `chitiethd` (`hd_id`, `s_id`, `sluong`) VALUES
(140, 52, 3),
(140, 73, 1),
(140, 77, 1),
(141, 52, 1),
(141, 73, 1),
(142, 64, 1),
(142, 65, 2),
(143, 95, 1),
(143, 123, 1),
(144, 39, 1),
(144, 41, 1),
(144, 64, 1),
(144, 65, 2),
(145, 124, 3),
(146, 116, 2),
(147, 61, 1),
(147, 70, 1),
(147, 94, 1),
(148, 61, 1),
(148, 94, 2),
(149, 102, 1),
(149, 110, 1),
(150, 102, 1),
(150, 110, 1),
(151, 102, 1),
(152, 110, 1),
(153, 122, 1),
(153, 127, 1),
(154, 28, 1),
(154, 56, 3),
(154, 57, 1),
(155, 28, 2),
(155, 101, 1),
(155, 116, 2);

-- --------------------------------------------------------

--
-- Cấu trúc bảng cho bảng `danhgia`
--

CREATE TABLE `danhgia` (
  `k_id` int(100) UNSIGNED NOT NULL,
  `hd_id` int(100) UNSIGNED NOT NULL,
  `s_id` int(100) UNSIGNED NOT NULL,
  `sao` int(10) NOT NULL,
  `date_cmt` datetime NOT NULL,
  `cmt` varchar(2000) COLLATE utf8mb4_unicode_ci DEFAULT NULL
) ENGINE=InnoDB DEFAULT CHARSET=utf8mb4 COLLATE=utf8mb4_unicode_ci;

-- --------------------------------------------------------

--
-- Cấu trúc bảng cho bảng `donhang`
--

CREATE TABLE `donhang` (
  `hd_id` int(100) UNSIGNED NOT NULL,
  `k_id` int(100) UNSIGNED NOT NULL,
  `hd_date` date NOT NULL,
  `note` varchar(100) COLLATE utf8mb4_unicode_ci NOT NULL,
  `tongtien` int(100) DEFAULT NULL,
  `status` int(11) NOT NULL DEFAULT 0
) ENGINE=InnoDB DEFAULT CHARSET=utf8mb4 COLLATE=utf8mb4_unicode_ci;

--
-- Đang đổ dữ liệu cho bảng `donhang`
--

INSERT INTO `donhang` (`hd_id`, `k_id`, `hd_date`, `note`, `tongtien`, `status`) VALUES
(140, 11, '2023-05-17', 'sách hay', 208000, 3),
(141, 11, '2023-05-17', '', 74000, 4),
(142, 11, '2023-05-18', '', 390000, 3),
(143, 11, '2023-05-18', 'vận chuyển nhanh giúp tôi', 63000, 4),
(144, 11, '2023-05-18', 'ok', 582000, 3),
(145, 11, '2023-05-19', 'sách hay', 284625, 3),
(146, 1, '2023-05-23', 'giao hàng nhanh ', 110000, 3),
(147, 11, '2023-05-25', 'gIAO HÀNG NHANH', 326550, 4),
(148, 11, '2023-05-29', '', 421300, 3),
(149, 11, '2023-05-31', '', 1061910, 3),
(150, 11, '2023-05-31', 'ok bro', 1061910, 3),
(151, 11, '2023-05-31', 'sachs hay', 990000, 4),
(152, 11, '2023-05-31', 'giao hang vao toi', 71910, 3),
(153, 11, '2023-05-31', 'ds', 347794, 3),
(154, 11, '2023-06-14', '', 690000, 3),
(155, 1, '2023-06-15', 'giao hàng sớm giúp tôi', 410380, 3);

-- --------------------------------------------------------

--
-- Cấu trúc bảng cho bảng `giohang`
--

CREATE TABLE `giohang` (
  `k_id` int(100) UNSIGNED NOT NULL,
  `s_id` int(100) UNSIGNED NOT NULL,
  `gh_soluong` int(100) NOT NULL,
  `tongtien` varchar(255) COLLATE utf8mb4_unicode_ci NOT NULL,
  `trangthai` int(100) NOT NULL DEFAULT 0
) ENGINE=InnoDB DEFAULT CHARSET=utf8mb4 COLLATE=utf8mb4_unicode_ci;

--
-- Đang đổ dữ liệu cho bảng `giohang`
--

INSERT INTO `giohang` (`k_id`, `s_id`, `gh_soluong`, `tongtien`, `trangthai`) VALUES
(1, 28, 2, '170000', 0),
(1, 101, 1, '130380', 0),
(1, 116, 2, '110000', 0),
(2, 35, 1, '48000', 0),
(2, 91, 1, '89760', 0),
(11, 28, 1, '85000', 0),
(11, 47, 1, '268800', 0),
(11, 56, 3, '405000', 0),
(11, 57, 1, '200000', 0);

-- --------------------------------------------------------

--
-- Cấu trúc bảng cho bảng `khach`
--

CREATE TABLE `khach` (
  `k_id` int(100) UNSIGNED NOT NULL,
  `k_ten` varchar(100) COLLATE utf8mb4_unicode_ci DEFAULT NULL,
  `k_gt` varchar(100) COLLATE utf8mb4_unicode_ci NOT NULL,
  `k_ngsinh` date NOT NULL,
  `k_email` varchar(100) COLLATE utf8mb4_unicode_ci DEFAULT NULL,
  `k_password` varchar(255) COLLATE utf8mb4_unicode_ci NOT NULL,
  `k_sdt` varchar(100) COLLATE utf8mb4_unicode_ci DEFAULT NULL,
  `k_diachi` varchar(200) COLLATE utf8mb4_unicode_ci DEFAULT NULL,
  `k_avatar` varchar(200) COLLATE utf8mb4_unicode_ci NOT NULL DEFAULT 'MinhHN1.gif',
  `status` int(100) NOT NULL DEFAULT 0
) ENGINE=InnoDB DEFAULT CHARSET=utf8mb4 COLLATE=utf8mb4_unicode_ci;

--
-- Đang đổ dữ liệu cho bảng `khach`
--

INSERT INTO `khach` (`k_id`, `k_ten`, `k_gt`, `k_ngsinh`, `k_email`, `k_password`, `k_sdt`, `k_diachi`, `k_avatar`, `status`) VALUES
(1, 'Nguyễn Long ', 'Nam', '2021-07-13', 'khach@gmail.com', 'long', '086926645', 'Thường Tín - Hà Nội', 'MinhHN1.gif', 0),
(2, 'Minh Nguyễn', 'Nam', '2021-12-01', 'khach1@gmail.com', 'khach1', '013265465', 'Hà Nam', 'MinhHN1.gif', 0),
(3, 'Minh Nguyễn 1', 'Nam', '2021-12-01', 'khach2@gmail.com', '0', '0213265465', 'Hà Nội', 'MinhHN1.gif', 0),
(5, 'Minh Nguyễn 5', 'Nam', '2021-12-01', 'khach5@gmail.com', '0', '01053265465', 'Hà Nội', 'MinhHN1.gif', 0),
(6, 'Minh Nguyễn 6', 'Nam', '2021-12-01', 'khach6@gmail.com', '0', '0413265465', 'Hà Nội', 'MinhHN1.gif', 0),
(7, 'Minh Nguyễn 7', 'Nam', '2021-12-01', 'khach7@gmail.com', '0', '0613265465', 'Hà Nội', 'MinhHN1.gif', 0),
(8, 'Long', 'Nam', '2021-12-01', 'khach3@gmail.com', '0', '092356465', 'Hà Nam', 'MinhHN1.gif', 0),
(9, 'Long1', 'Nam', '2021-12-01', 'khach4@gmail.com', '0', '082356465', 'Hà Nam', 'MinhHN1.gif', 0),
(10, 'admin', 'Nam', '2023-04-17', 'admin@gmail.com', 'admin', '0932930123', 'Ha Noi', 'MinhHN1.gif', 1),
(11, 'Chính', 'Nam', '2001-11-29', 'chinh9101@gmail.com', 'chinh', '0386172371', 'Thành vật đồng tiến', 'MinhHN1.gif', 0);

-- --------------------------------------------------------

--
-- Cấu trúc bảng cho bảng `sach`
--

CREATE TABLE `sach` (
  `s_id` int(100) UNSIGNED NOT NULL,
  `s_ten` varchar(500) COLLATE utf8mb4_unicode_ci DEFAULT NULL,
  `s_gia` int(255) DEFAULT NULL,
  `s_giamgia` int(100) DEFAULT NULL,
  `nxb` varchar(500) COLLATE utf8mb4_unicode_ci DEFAULT NULL,
  `namxuatban` int(100) DEFAULT NULL,
  `sotrang` int(255) DEFAULT NULL,
  `mota` text COLLATE utf8mb4_unicode_ci NOT NULL,
  `soluong` int(100) DEFAULT NULL,
  `luotmua` int(100) NOT NULL,
  `ngonngu` varchar(100) COLLATE utf8mb4_unicode_ci DEFAULT NULL,
  `tg_id` int(100) DEFAULT NULL,
  `tl_id` int(100) DEFAULT NULL,
  `anh` varchar(100) COLLATE utf8mb4_unicode_ci NOT NULL,
  `anh1` varchar(100) COLLATE utf8mb4_unicode_ci NOT NULL
) ENGINE=InnoDB DEFAULT CHARSET=utf8mb4 COLLATE=utf8mb4_unicode_ci;

--
-- Đang đổ dữ liệu cho bảng `sach`
--

INSERT INTO `sach` (`s_id`, `s_ten`, `s_gia`, `s_giamgia`, `nxb`, `namxuatban`, `sotrang`, `mota`, `soluong`, `luotmua`, `ngonngu`, `tg_id`, `tl_id`, `anh`, `anh1`) VALUES
(25, 'Bắt Trẻ Đồng  Xanh', 300000, 10, 'Doanh Chính', 2010, 2001, 'Holden Caulfield, 17 tuổi, đã từng bị đuổi học khỏi ba trường, và trường dự bị đại học Pencey Prep là ngôi trường thứ tư. Và rồi cậu lại trượt 4 trên 5 môn học và nhận được thông báo đuổi học. Câu chuyện kể về chuỗi ngày tiếp theo sau đó của Holden, với ánh nhìn cay độc, giễu cợt vào một cuộc đời tẻ nhạt, xấu xa, trụy lạc và vô phương hướng của một thanh niên trẻ.\n\nBắt trẻ đồng xanh đã từng trở thành chủ đề tranh luận hết sức sâu rộng tại Mỹ. Sau rất nhiều thị phi, tác phẩm đã được đưa vào giảng dạy tại chương trình trung học Mỹ. Và hơn thế, tạp chí Time đã xếp Bắt trẻ đồng xanh vào một trong 100 tác phẩm viết bằng tiếng Anh hay nhất từ năm 1923 đến nay.\n\nGiá sản phẩm trên Tiki đã bao gồm thuế theo luật hiện hành. Bên cạnh đó, tuỳ vào loại sản phẩm, hình thức và địa chỉ giao hàng mà có thể phát sinh thêm chi phí khác như phí vận chuyển, phụ phí hàng cồng kềnh, thuế nhập khẩu (đối với đơn hàng giao từ nước ngoài có giá trị trên 1 triệu đồng).....', 2, 145, 'Tiếng Việt', 5, 1, '1e6ca7a2fa28d83667a8e50144e43d0d.jpg (1).webp', ''),
(27, 'Đi Tìm Lẽ Sống ( Tái Bản )', 150000, 15, ' Long Nguyễn', 2008, 150, 'Đi tìm lẽ sống của Viktor Frankl là một trong những quyển sách kinh điển của thời đại. Thông thường, nếu một quyển sách chỉ có một đoạn văn, một ý tưởng có sức mạnh thay đổi cuộc sống của một người, thì chỉ riêng điều đó cũng đã đủ để chúng ta đọc đi đọc lại và dành cho nó một chỗ trên kệ sách của mình. Quyển sách này có nhiều đoạn văn như thế.\r\n\r\nTrước hết, đây là quyển sách viết về sự sinh tồn. Giống như nhiều người Do Thái sinh sống tại Đức và Đông Âu khi ấy, vốn nghĩ rằng mình sẽ được an toàn trong những năm 1930, Frankl đã trải qua khoảng thời gian chịu nhiều nghiệt ngã trong trại tập trung và trại hủy diệt của Đức quốc xã. Điều kỳ diệu là ông đã sống sót, cụm từ “thép đã tôi thế đấy” có thể lột tả chính xác trường hợp này. Nhưng trong Đi tìm lẽ sống, tác giả ít đề cập đến những khó nhọc, đau thương, mất mát mà ông đã trải qua, thay vào đó ông viết về những nguồn sức mạnh đã giúp ông tồn tại.\r\n\r\nÔng chua xót kể về những tù nhân đã đầu hàng cuộc sống, mất hết hy vọng ở tương lai và', 100, 432, 'Tiếng Việt', 3, 4, 'Đi Tìm Lẽ Sống ( Tái Bản )1.webp', ''),
(28, 'Sống Chậm Lại, Nghĩ Khác Đi, Yêu Thương Nhiều Hơn', 100000, 15, 'Long Nguyễn', 2008, 150, 'Giới thiệu chung\r\n\r\nKhông chỉ trong thơ ca, sách vở mà ngay cả những bộ phim điện ảnh và truyền hình giờ đây cũng đều tập trung khai thác hình ảnh cuộc sống của những thế hệ trẻ hiện đại. Ngoại hình, địa vị, vật chấ luôn là những đề tài được bàn tán sôi nổi về con người. Dường như, có ngoại hình, địa vị, điều kiện kinh tế hay không mới là tiêu chí đánh giá thành công của một người trong xã hội này. Thế nhưng, khó khăn lớn nhất đối với mỗi người không nằm ở những tiêu chí đó mà nằm ở việc quá trình trưởng thành của bản thân không theo kịp tốc độ phát triển của xã hội và tốc độ già đi của tuổi tác.\r\n\r\n“Sống chậm lại, nghĩ khác đi, yêu thương nhiều hơn” truyền tải tới những người trẻ trong xã hội hiện đại thông điệp về lối sống “chậm để trải nghiệm, chậm để tận hưởng và chậm để trưởng thành” để họ có thể tự tin, mạnh mẽ bước qua mọi khó khăn, sóng gió trên đường đời. Bởi, “Lựa chọn lối sống như thế nào không phải là vấn đề tiên quyết đối với một người, luôn hướng về phía trước với một tâm', 10, 111, 'Tiếng Việt', 3, 1, 'Sống Chậm Lại, Nghĩ Khác Đi, Yêu Thương Nhiều Hơn.webp', ''),
(29, 'Ý Chí Sắt Đá - Bí Mật Thành Công Nằm Ở Chính Bên Trong Bạn', 230000, 40, 'Nam Cao', 2020, 300, 'Cuộc du học của Huyền Trang ( Đường Tam Tạng ) thích thú vô cùng. Tới đâu ông cũng gặp những di tích của đạo Phật, tha hồ mà đọc kinh điển, mà thảo luận với các pháp sư và thỉnh giáo các vị tu hành uyên bác.\r\n  \r\nÔng sống non mười năm ở Ấn, có dịp đi khắp nơi, được trông thấy bao nhiêu điều lạ, rồi bẩm sinh có óc nhận xét tinh tế, ghi cả lại trong du kí, thành một mớ tài liệu rất quí giá chẳng những giúp người Trung Hoa thời đó mà còn giúp những học giả thời nay hiểu Ấn Độ nữa. Chính René Grousset, tác giả cuốn Sur les traces de Bouddha cũng phải thán phục tài nhận xét của ông, coi ông vào hạng bác học danh tiếng nhất thời cổ.\r\n\r\nCuốn sách Ý Chí Sắt Đá này gồm có:\r\n\r\n Huyền Trang\r\n\r\nMarco Polo (1254 – 1323)\r\nMarco Polo (Tt):\r\nMagellan (1480-1521\r\nÔng Bà Lafayette (1757-1834) (1759-1807:\r\nÔng Bà Lafayette (Tt):\r\nThomas Edward Lawrence (1888-1935)\r\nGiá sản phẩm trên Tiki đã bao gồm thuế theo luật hiện hành. Bên cạnh đó, tuỳ vào loại sản phẩm, hình thức và địa chỉ giao hàng mà có thể phát', 20, 241, 'Tiếng Việt', 4, 2, 'Ý Chí Sắt Đá - Bí Mật Thành Công Nằm Ở Chính Bên Trong Bạn.webp', ''),
(32, 'Tâm Lý Học - Nghệ Thuật Giải Mã Hành Vi', 100000, 24, 'Long Nguyễn', 2020, 300, '“Với sự phát triển nhanh chóng như hiện nay, có những người vì theo đuổi lợi ích, thỏa mãn dục vọng của chính mình mà thường lừa gạt đấu đá lẫn nhau. Muốn có chỗ đứng trong xã hội này nếu không biết cách nhìn lòng người, tất nhiên sẽ bị lừa gạt hãm hại hoặc phản bội, bị người khác giẫm đạp xuống tầng thấp nhất.”\r\n\r\nTuy nhiên, lòng người lại thứ thay đổi khó đoán nhất. Hầu như ai cũng có thể nhìn thấy biểu cảm và hành động của người khác, nhưng rất ít người lại có thể nhìn thấu được tâm lý của họ. Nếu không có quả cầu của phù thủy Gypsy, vậy làm cách nào để chúng ta có thể nắm bắt và khai thác được suy nghĩ của đối phương, giúp bản thân chủ động và nắm bắt cơ hội trong quá trình giao tiếp?\r\n\r\nCuốn sách Tâm lý học – Nghệ thuật giải mã hành vi của tác giả Trần Lộ sẽ cung cấp cho chúng ta những lý luận uy tín và kỳ diệu của tâm lý học để có thể đọc suy nghĩ của người khác, cũng như phá tan phòng tuyến tâm lý con người. Trên thực tế, một số lượng lớn hành vi và cử chỉ của con người được thự', 40, 123, 'Tiếng Việt', 4, 11, 'Tâm Lý Học - Nghệ Thuật Giải Mã Hành Vi1.webp', 'Tâm Lý Học - Nghệ Thuật Giải Mã Hành Vi2.webp'),
(33, 'Mỗi Lần Vấp Ngã Là Một Lần Trưởng Thành', 210000, 38, 'Nam Cao', 2011, 200, 'Cuộc đời là quá trình không ngừng trưởng thành.\r\n\r\nTrong quá trình này, bạn sẽ khó tránh khỏi vấp ngã, sẽ trải qua nhiều lần đau thương, và sẽ có những lúc bạn cảm thấy vô cùng mỏi mệt, nhưng hãy tin rằng, chỉ có những người đã từng đau thương thì mới trở nên vững vàng hơn.\r\n\r\nMỗi chúng ta từ nhỏ đến lớn, dù ít dù nhiều đều đã từng trải qua những lúc cảm thấy đau khổ, đây chính là trở ngại mà chúng ta thường nói tới. Tôi tin rằng sẽ không một người nào dám khẳng định cuộc đời của họ chẳng bao giờ gặp trở ngại. Đó chính là cuộc sống.\r\n\r\nNhưng mong bạn suy nghĩ kĩ, mỗi khi bạn gặp phải khó khăn hoặc vấp ngã, ngoài việc cảm thấy đau khổ về mặt tinh thần, bạn còn học được điều gì? Tôi dám khẳng định rằng bạn đã có được kinh nghiệm, và khi đã lĩnh hội, bạn sẽ không vấp ngã lại nơi bạn đã từng ngã. Đây chính là sự trưởng thành.\r\n\r\nĐặc biệt, khi bạn rời xa vòng tay che chở, bao bọc của cha mẹ và nhà trường, bước chân vào xã hội, bạn sẽ gặp phải rất nhiều trở ngại và nhận ra xã hội này vốn khô', 12, 400, 'Tiếng Việt', 4, 2, 'Mỗi Lần Vấp Ngã Là Một Lần Trưởng Thành1.webp', 'Mỗi Lần Vấp Ngã Là Một Lần Trưởng Thành2.webp'),
(34, 'Những Bài Học Không Có Nơi Giảng Đường', 60000, 10, 'Nhi Đồng', 2011, 210, 'Không giống như những tác giả khác trong thể loại này, Jamson kể lại những trải nghiệm của mình trong bối cảnh của đất nước Singapore nhưng lại giúp người đọc khám phá cá tính của chính họ. Mười lăm năm trong môi trường sư phạm, tôi thường xuyên bắt gặp những sinh viên cảm thấy mất phương hướng sau khi tốt nghiệp, sau khi đã dồn hết mọi sự tập trung và nỗ lực để có được tấm bằng. Phần lớn nội dung cuốn sách này đi vào giải quyết vấn đề đó bằng cách giúp người đọc đặt ra và thực hiện được những mục tiêu của họ để có một tương lai thành công.\r\n\r\nĐừng hiểu nhầm: Cuốn sách này KHÔNG phải là một cuốn cẩm nang tự phát triển bản thân điển hình với những trích dẫn tạo động lực hay những câu chuyện từ-nghèo-khó-thành-giàu-có. Nó cũng không đưa ra một công thức duy nhất để thành công.\r\n\r\nThay vào đó, Jamson nói từ tận đáy lòng mình như một người Singapore bình thường đã phải đối mặt với những kỳ vọng trần tục và chia sẻ những kinh nghiệm mà anh học được thông qua những mẩu chuyện nhỏ. Qua những ', 60, 721, 'Tiếng Việt', 5, 10, 'Những Bài Học Không Có Nơi Giảng Đường.webp', ''),
(35, 'Đừng Lựa Chọn An Nhàn Khi Còn Trẻ (Tái Bản)', 120000, 60, 'Nhi Đồng', 2020, 160, 'Trong độ xuân xanh phơi phới ngày ấy, bạn không dám mạo hiểm, không dám nỗ lực để kiếm học bổng, không chịu tìm tòi những thử thách trong công việc, không phấn đấu hướng đến ước mơ của mình. Bạn mơ mộng rằng làm việc xong sẽ vào làm ở một công ty nổi tiếng, làm một thời gian sẽ thăng quan tiến chức. Mơ mộng rằng khởi nghiệp xong sẽ lập tức nhận được tiền đầu tư, cầm được tiền đầu tư là sẽ niêm yết trên sàn chứng khoán. Mơ mộng rằng muốn gì sẽ có đó, không thiếu tiền cũng chẳng thiếu tình, an hưởng những năm tháng êm đềm trong cuộc đời mình. Nhưng vì sao bạn lại nghĩ rằng bạn chẳng cần bỏ ra chút công sức nào, cuộc sống sẽ dâng đến tận miệng những thứ bạn muốn? Bạn cần phải hiểu rằng: Hấp tấp muốn mau chóng thành công rất dễ khiến chúng ta đi vào mê lộ. Thanh xuân là khoảng thời gian đẹp đẽ nhất trong đời, cũng là những năm tháng then chốt có thể quyết định tương lai của một người. Nếu bạn lựa chọn an nhàn trong 10 năm, tương lai sẽ buộc bạn phải vất vả trong 50 năm để bù đắp lại. Nếu b', 100, 2312, 'Tiếng Việt', 3, 2, 'Đừng Lựa Chọn An Nhàn Khi Còn Trẻ (Tái Bản)1.webp', 'Đừng Lựa Chọn An Nhàn Khi Còn Trẻ (Tái Bản)2.webp'),
(36, 'Bạn Đắt Giá Bao Nhiêu?', 80000, 20, 'Long Nguyễn', 2019, 180, 'Câu trả lời này do chính bạn quyết định, chính bạn “định giá”.\r\n\r\nHơn bốn mươi câu chuyện trong sách xoay quanh các chủ đề tình yêu, hôn nhân, gia đình, sự nghiệp… đến từ chính cuộc sống của tác giả và những người xung quanh, vừa thực tế lại vừa gợi mở, dễ dàng giúp chúng ta liên hệ với tình huống của chính mình. Với những câu chuyện đó, Vãn Tình hi vọng có thể giúp các cô gái thoát khỏi tình cảnh khó khăn, tìm lại bản ngã, sống cuộc đời theo cách mà mình mong muốn.\r\n\r\nĐọc cuốn sách này, đôi khi bạn nên dừng lại và thành thực với bản thân, liệu bạn có đang là phiên-bản-mà-bạn-yêu-thích-nhất, phiên-bản-bạn-mong- muốn-trở-thành. Hãy thử trả lời các câu hỏi: Sự thỏa hiệp có làm bạn hạnh phúc hay không? Bạn có đang cố gắng lấy lòng tất cả mọi người? Bạn có dám thay đổi? Và quan trọng nhất: Bạn đắt giá bao nhiêu?\r\n\r\n “Khi chúng ta đủ xuất sắc và thông tuệ, chúng ta sẽ có được một trái tim thông thái và một đôi mắt trong trẻo, nhìn thấu thực tại và sự khắc nghiệt của thế gian, phân biệt được', 16, 1300, 'Tiếng Việt', 2, 11, 'Bạn Đắt Giá Bao Nhiêu.webp', ''),
(37, 'Khí Chất Bao Nhiêu, Hạnh Phúc Bấy Nhiêu', 89000, 17, 'Nhi Đồng', 2020, 160, 'Có ai đó từng nói:\r\n\r\n“Hãy sống như một trái dứa: Đầu đội vương miện, dáng đứng hiên ngang – Bên ngoài gai góc, bên trong ngọt ngào.”\r\n\r\nCũng giống như trái dứa, khi một người phụ nữ đủ bản lĩnh để chống đỡ và vượt qua nghịch cảnh, đủ tĩnh tại để tận hưởng trọn vẹn niềm vui cuộc sống, thì đó chính là lúc họ đội lên đầu chiếc vương miện và trở thành nữ hoàng trong thế giới của chính mình.\r\n\r\nTiếp nối thành công từ Bạn đắt giá bao nhiêu? dành cho các cô gái trẻ mới bước chân vào cuộc sống, Khí chất bao nhiêu – Hạnh phúc bấy nhiêu của Vãn Tình đặc biệt hướng đến những phụ nữ mong muốn trưởng thành, khát khao tự do và tự chủ.\r\n\r\nCuốn sách mới nhất này của Vãn Tình đã đạp đổ các quan điểm như: Lấy chồng tốt để đổi đời, sức mạnh của phụ nữ là độc lập kinh tế, hoặc phụ nữ sợ ly hôn hơn đàn ông,...\r\n\r\nHơn 40 câu chuyện trong Khí chất bao nhiêu – Hạnh phúc bấy nhiêu sẽ đưa bạn phiêu lưu vào thế giới của những người phụ nữ trưởng thành: sự thật về tình yêu, hôn nhân, hạnh phúc, công việc – cuộc ', 15, 650, 'Tiếng Việt', 2, 11, 'Khí Chất Bao Nhiêu, Hạnh Phúc Bấy Nhiêu1.webp', 'Khí Chất Bao Nhiêu, Hạnh Phúc Bấy Nhiêu2.webp'),
(38, 'Lấy Tình Thâm Mà Đổi Đầu Bạc', 190000, 24, 'Long Nguyễn', 2008, 180, 'Vãn Tình vốn được biết đến là tác giả bộ ba best-seller Bạn đắt giá bao nhiêu?, Khí chất bao nhiêu – Hạnh phúc bấy nhiêu và Không tự khinh bỉ – Không tự phí hoài từng tạo nên một làn sóng thay đổi tư duy của hàng triệu phụ nữ.\r\n\r\nSự trở lại lần này của Vãn Tình với Lấy tình thâm mà đổi đầu bạc hứa hẹn mang đến cho độc giả những câu chuyện tình yêu, cuộc sống, hôn nhân, gia đình đầy gần gũi và ấm áp, đặc biệt được giải nghĩa thêm từ góc nhìn trực diện và đầy lý trí của một người đàn ông, cũng chính là chồng của tác giả.\r\n\r\nCuốn sách như một liều thuốc giúp xoa dịu những tâm hồn đang đau khổ trong tình yêu, tiếp thêm niềm tin và hi vọng cho những người đang theo đuổi một hôn nhân hạnh phúc.\r\n\r\nVà quan trọng hơn cả, cổ vũ cho tất cả phụ nữ biết yêu và trân quý chính bản thân mình.\r\n\r\n“Năm tháng thanh xuân tôi luôn theo đuổi một tình yêu sống chết có nhau. Cứ mỗi lần thấy những cảnh sinh ly tử biệt trong phim tôi lại khóc nức nở. Còn bây giờ lại dễ xúc động bởi những khung cảnh giản dị như', 55, 321, 'Tiếng Việt', 2, 5, 'Lấy Tình Thâm Mà Đổi Đầu Bạc.webp', ''),
(39, 'Không Tự Khinh Bỉ Không Tự Phí Hoài', 60000, 10, 'Văn học', 2011, 190, 'Không tự khinh bỉ - Không tự phí hoài\r\nTiếp nối thành công từ “Bạn đắt giá bao nhiêu?” và “Khí chất bao nhiêu – Hạnh phúc bấy nhiêu”, cuốn sách tiếp theo “Không tự khinh bỉ - Không tự phí hoài” của Vãn Tình hứa hẹn đem đến cho các bạn độc giả cái nhìn trực diện về cuộc sống trưởng thành người phụ nữ trong xã hội hiện đại.\r\nLà cuốn sách bán chạy nhất của Vãn Tình, viết trong đoạn trưởng thành nhất của tác giả, 40 bài viết trong “Không tự khinh bỉ - Không tự phí hoài” là những trải nghiệm của chính Vãn Tình, bạn bè và những người thân quen, về công việc - con đường phát triển năng lực bản thân; về gia đình - tình yêu, vướng mắc trong hôn nhân, đối nhân xử thế với họ hàng, làng xóm; và cả về chính bản thân mỗi người phụ nữ - đời sống, quan điểm, cách ứng xử và đối mặt với vô vàn sóng gió trong cuộc đời.\r\nQuan điểm xuyên suốt những câu chuyện của Vãn Tình là:\r\n“Nếu một người phụ nữ đánh mất chính mình thì cô ấy sẽ mất đi tất cả.”\r\nNgay khi ra mắt, “Không tự Khinh bỉ - Không tự phí hoài” đã', 200, 256, 'Tiếng Việt', 2, 2, 'Không Tự Khinh Bỉ Không Tự Phí Hoài.webp', ''),
(40, 'Đàn Bà Vô Giá - Phụ Nữ Thông Minh Nhân Tình Không Thiếu', 210000, 50, 'Văn học', 2020, 310, 'Phụ nữ chính là những nàng công chúa, luôn mong cầu hạnh phúc, sự che trở với một trái tim mong manh và dễ bị tổn thương dù có cố tỏ ra mạnh mẽ thế nào.\r\n\r\nKhó có thước đo nào để định giá phụ nữ là “vô giá hay vô giá trị”. Phụ nữ luôn cần hơn một lòng dũng cảm để phụ nữ có thể nhận ra được sự vô giá của bản thân, của những vấp ngã, sai lầm, những máu, nước mát và cả những lần vỡ tim tưởng chết vì những mối tình lầm lỡ.\r\n\r\nNhưng dù yếu đuối nhưng ẩn trong những cô nàng nhỏ bé ấy là một sức mạnh và nghị lực tiềm tàng. Một khi đã nhận ra giá trị của mình các nàng lại ngạo nghễ tô son, đi giày cao gót, hoặc chỉ cần mặt mộc chân trần tung tăng bước tiếp với đời.\r\n\r\nCuốn sách là những góc nhìn đa dạng và sâu sắc về những trăn trở của tình yêu, hôn nhân, cuộc sống. Là những lời khuyên gần gũi, không khô khan như những tâm sự xoa dịu những vết thương lòng của hội chị em.\r\n\r\nBên cạnh những lời tâm sự, những chỉ dẫn đơn giản nhưng sâu sắc, đó còn là những lời khuyên rất thiết thực như “Đừng “Yêu', 60, 542, 'Tiếng Việt', 5, 2, 'Đàn Bà Vô Giá - Phụ Nữ Thông Minh Nhân Tình Không Thiếu1.webp', 'Đàn Bà Vô Giá - Phụ Nữ Thông Minh Nhân Tình Không Thiếu2.webp'),
(41, 'Sức Hấp Dẫn Của Người Phụ Nữ Tự Chủ', 230000, 40, 'Nhi Đồng', 2008, 240, '\r\nNày cô gái, bất luận cuộc đời mang đến cho ta bao nhiêu chông gai thử thách, xin đừng tự coi nhẹ chính mình, đừng buông bỏ bản thân và phụ thuộc vào người khác. Hãy luôn giữ vững niềm tin rằng, số phận của ta nằm trong chính ta, không nằm trong tay ông Trời.\r\n\r\nĐộc lập về cuộc sống, tư tưởng và kinh tế giúp chúng ta vĩnh viễn không mất đi quyền lựa chọn trong tay mình.\r\n\r\nKhông ai thay chúng ta chịu trách nhiệm về cuộc đời mình. Thế nên, dù đang hạnh phúc đi nữa, trên đường đời cũng không tránh khỏi những tháng ngày phải độc bước tiến lên.\r\n\r\nCàng độc lập càng cao quý – Hãy nhớ lấy, cô gái nhé!\r\nGiá sản phẩm trên Tiki đã bao gồm thuế theo luật hiện hành. Bên cạnh đó, tuỳ vào loại sản phẩm, hình thức và địa chỉ giao hàng mà có thể phát sinh thêm chi phí khác như phí vận chuyển, phụ phí hàng cồng kềnh, thuế nhập khẩu (đối với đơn hàng giao từ nước ngoài có giá trị trên 1 triệu đồng).....', 60, 150, 'Tiếng Việt', 2, 5, 'Sức Hấp Dẫn Của Người Phụ Nữ Tự Chủ.webp', ''),
(42, 'Cân Bằng Cảm Xúc, Cả Lúc Bão Giông', 99000, 10, 'Văn học', 2011, 190, 'Một ngày, chúng ta có khoảng 16 tiếng tiếp xúc với con người, công việc, các nguồn thông tin từ mạng xã hội, loa đài báo giấy… Việc này mang đến cho bạn vô vàn cảm xúc, cả tiêu cực lẫn tích cực.\r\nBạn có thể thấy vui khi nhìn một em bé đến trường nhưng 5 phút sau đã nổi cơn tam bành khi bị đứa trẻ con đi xe đạp đâm sầm vào lại còn ăn vạ.\r\nHoặc bạn rất dễ phát điên nếu như chỉ còn 5 giây nữa đèn giao thông chuyển từ đỏ sang xanh mà kẻ đi đằng sau bấm còi inh ỏi.\r\nHay là, bạn thấy buồn chỉ vì hôm nay trời mưa man mác, mà vẫn phải ngồi trong văn phòng làm việc, bạn bi quan rằng tuổi trẻ thật buồn tẻ.\r\nHãy thừa nhận đi! Ai trong số chúng ta cũng sẽ trải qua những điều này. Và cuốn sách này dạy bạn cách làm hòa với chính những tiêu cực bên trong mình…\r\nĐa số những cảm xúc tiêu cực chỉ thỏa mãn được chúng ta ở thời điểm hiện tại. Tức là chúng ta có thể sẽ nhận được sự thoải mái khi la hét, cáu giận, chửi thề một ai đó nhưng những âm thanh ta phát ra, suy nghĩ ta truyền đi sẽ đóng vai một con ', 23, 165, 'Tiếng Việt', 2, 2, 'Cân Bằng Cảm Xúc, Cả Lúc Bão Giông.webp', ''),
(43, 'Càng Kỷ Luật, Càng Tự Do', 230000, 60, 'Nhi Đồng', 2008, 300, 'KỶ LUẬT vốn là ván cờ bạn phải tự đấu với chính mình. Thắng - bạn sẽ có được “bản năng của người mạnh mẽ nhất”, đó là sự tự kiểm soát bản thân. Thua - bạn mãi sống trong cảm giác tạm bợ, nuối tiếc. Càng dễ dàng dung túng cho những thói quen trì hoãn bao nhiêu, cuộc sống của bạn sẽ đi càng nhanh tới sự mất kiểm soát và thiếu quy hoạch bấy nhiêu.\r\n\r\nHãy kiên trì đặt ra yêu cầu cao với bản thân, từ chối sự mê hoặc của thói tùy tiện đồng thời thiết lập cho mình những thói quen tốt trong hành vi thường ngày. Sự nỗ lực sẽ luôn được đền đáp xứng đáng nếu bạn biết cách đầu tư công sức và thời gian. Bởi một ngày nào đó trong tương lai, những gì bạn làm sẽ phản chiếu đầy đủ trên chính con người và cuộc đời của bạn.\r\n\r\nCÀNG KỶ LUẬT, CÀNG TỰ DO - Mong rằng tại thời điểm kết thúc hành trình với cuốn sách, bạn đã là một phiên bản khác kỷ luật hơn, nhưng tự do hơn.\r\n\r\nMột vài trích dẫn:\r\n\r\n“Bạn cần phải biết rằng tình yêu là hoa thêu trên gấm. Có thì tốt, không có cũng chẳng sao, thực sự không đáng đ', 150, 240, 'Tiếng Việt', 2, 2, 'Càng Kỷ Luật, Càng Tự Do1.webp', 'Càng Kỷ Luật, Càng Tự Do2.webp'),
(44, 'Kẻ Khôn Đi Lối Khác - The Third Door (Tái bản 2021)', 300000, 34, 'Nhi Đồng', 2008, 260, 'FORBES #1 CAREER BOOK TO READ IN 2018\r\n\r\nCuộc hành trình ấn tượng của một cậu sinh viên năm nhất 18 tuổi, người can đảm bước ra ngoài cánh cửa ký túc xá để lần theo Bill Gates, Lady Gaga, Steven Spielberg cùng rất nhiều con người thành công khác để tìm hiểu con đường lập nghiệp đột phá của họ bắt đầu như thế nào.\r\n\r\nKẻ Khôn Đi Lối Khác đưa người đọc dấn thân vào một hành trình độc nhất vô nhị - từ tìm gặp Warren Buffet tại buổi gặp mặt của đối tác đến săn đuổi Larry King trong cửa hàng thực phẩm hay mò vào hộp đêm để gặp Lady Gaga. Chúng ta sẽ cùng Alex Banayan chuyển từ biểu tượng thành công này đến biểu tượng thành công khác, giải mã con đường sự nghiệp của họ.\r\n\r\nSau khi thành công phỏng vấn trực tiếp Bill Gates, Maya Angelou, Steve Wozniak, Jane Goodall, Larry King, Jessica Alba, Pitbull, Tim Ferriss, Quincy Jones cũng nhiều vĩ nhân khác, Alex phát hiện một điểm chung nổi bật giữa họ: Tất cả họ đều sử dụng Cánh cửa thứ ba.\r\n\r\nCánh cửa thứ ba là gì?\r\n\r\nCuộc sống, công việc, thành cô', 264, 321, 'Tiếng Việt', 3, 3, 'Kẻ Khôn Đi Lối Khác - The Third Door (Tái bản 2021).webp', ''),
(45, 'Trí Tuệ Do Thái', 340000, 65, 'Văn học', 2021, 260, 'Trí tuệ Do Thái là một cuốn sách tư duy đầy tham vọng trong việc nâng cao khả năng tự học tập, ghi nhớ và phân tích - những điều đã khiến người Do Thái vượt trội lên, chiếm lĩnh những vị trí quan trọng trong ngành truyền thông, ngân hàng và những giải thưởng sáng tạo trên thế giới.\r\n\r\nTuy là một cuốn sách nhỏ nhưng Trí Tuệ Do Thái lại mang trong mình tri thức về một dân tộc có thể nhỏ về số lượng nhưng vĩ đại về trí tuệ và tài năng. Cuốn sách không chỉ lý giải lý do vì sao những người Do Thái trên thế giới lại thông minh và giàu có, mà còn đặc tả con đường thành công của một người Do Thái - Jerome cùng những triết lý được đúc kết đầy giá trị.\r\n\r\nTrí Tuệ Do Thái không dừng lại ở giới hạn của một cuốn sách triết lý hay kỹ năng. Thông qua Jerome, một kẻ lông bông thích la cà, tác giả đưa người đọc vào một chuyến khám phá về trí tuệ của người Do Thái, từ đó khơi ra những giới hạn để người đọc có thể tự khai phá trí tuệ bản thân với \"Năm nguyên tắc\" và \"Mười lăm gợi ý\". Đây sẽ là những bài ', 130, 820, 'Tiếng Việt', 2, 9, 'Trí Tuệ Do Thái.webp', ''),
(46, 'Lối Sống Tối Giản Của Người Nhật', 160000, 80, 'Nam Cao', 2021, 300, 'Lối sống tối giản là cách sống cắt giảm vật dụng xuống còn mức tối thiểu. Và cùng với cuộc sống ít đồ đạc, ta có thể để tâm nhiều hơn tới hạnh phúc, đó chính là chủ đề của cuốn sách này.\r\n\r\nChẳng có ai từ khi sinh ra đã có tài sản, đồ đạc gì trong tay. Vậy nên bất cứ ai khi mới chào đời đều là những người sống tối giản. Cứ mỗi lần bạn sở hữu trong tay những đồ dùng hơn mức cần thiết là một lần bạn lấy mất tự do của chính mình. Giá trị bản thân chúng ta không đo bằng những đồ dùng mà chúng ta sở hữu. Những đồ dùng này chỉ cho chúng ta một chút cảm giác hạnh phúc nhất thời mà thôi. Mang theo những đồ dùng hơn mức cần thiết sẽ lấy hết thời gian, năng lượng của bạn. Khi nhận ra được điều đó, tức là bạn đã bắt đầu trở thành một người sống tối giản.\r\n\r\nNhững người sống tối giản luôn cảm thấy vui vẻ, mới lạ mỗi ngày. Cái cảm giác này, tôi nghĩ bất cứ ai cũng có thể cảm nhận được, dù bạn có phải là một người sống tối giản hay không, bởi bất cứ ai.\r\n\r\nLối sống tối giản của người Nhật gồm có năm', 78, 90, 'Tiếng Việt', 3, 2, 'Lối Sống Tối Giản Của Người Nhật1.webp', 'Lối Sống Tối Giản Của Người Nhật2.webp'),
(47, 'Ba Người Thầy Vĩ Đại (Tái Bản)', 320000, 16, 'Nhi Đồng', 2020, 160, '“Tôi đã nếm trải nhiều thất bại trong hành trình đi qua những tháng ngày của mình. Thế nhưng, mỗi chướng ngại cuối cùng đều lại chính là một bàn đạp đưa tôi gần hơn nữa tới chân lý trong tâm khảm và cuộc đời tốt đẹp nhất của mình.\r\n\r\nCho dù tôi có thu thập được bao nhiêu tài sản vật chất đi chăng nữa thì cái thằng người mà tôi nhìn thấy trong tấm gương phòng tắm mỗi buổi sáng vẫn y nguyên – tôi không hề hạnh phúc hơn và không hề cảm thấy tốt hơn tí nào. Suy ngẫm nhiều hơn về thực trạng cuộc sống của mình, tôi bắt đầu nhận thức được sự trống rỗng ngay trong tim mình. Tôi bắt đầu chú ý đến những tiếng thầm thì lặng lẽ của con tim, những điều chỉ dẫn tôi rời bỏ nghề nghiệp mình đã chọn và bắt đầu quá trình tìm kiếm tâm hồn một cách nghiêm túc. Tôi bắt đầu suy nghĩ về lý do tại sao tôi lại ở đây, trên hành tinh này, và nhiệm vụ cụ thể của tôi là gì. Tôi tự hỏi tại sao cuộc đời mình lại không có tác dụng và cần phải thực hiện những thay đổi sâu sắc nào để giúp mình đi đúng hướng. Tôi xem xé', 15, 321, 'Tiếng Việt', 4, 1, 'Ba Người Thầy Vĩ Đại (Tái Bản).webp', ''),
(48, 'How Psychology Works - Hiểu Hết Về Tâm Lý Học', 250000, 26, 'Long Nguyễn', 2019, 240, 'MỘT TRONG NHỮNG CUỐN SÁCH MỞ KHÓA HỮU ÍCH NHẤT VỀ TƯ DUY, KÝ ỨC VÀ CẢM XÚC CỦA CON NGƯỜI!\r\n\r\nÁm sợ là gì, ám sợ có thực sự đáng sợ không? Rối loạn tâm lý là gì, làm thế nào để thoát khỏi tình trạng suy nhược và xáo trộn đó? Trầm cảm là gì, vì sao con người hiện đại thường xuyên gặp và chống chọi với tình trạng u uất, mệt mỏi và tuyệt vọng này?\r\n\r\nTìm hiểu về các vấn đề tâm trí của con người luôn đầy sức hấp dẫn và lôi cuốn, vì vậy mà tâm lý học ra đời, hình thành và phát triển rất nhiều các học thuyết và trường phái. Cuốn sách này dẫn dắt bạn đọc qua hành trình tìm hiểu các học thuyết và trường phái đó, về cách các nhà tâm lý diễn giải hành xử và tâm trí con người. Tại sao chúng ta có những hành vi, suy nghĩ và cảm xúc như vậy, chúng diễn ra và kết thúc như thế nào, chúng ảnh hưởng lâu dài, gián đoạn hay ngắn ngủỉ đến đời sống của chúng ta ra sao, làm thế nào để chúng ta thoát khỏi những tác động tiêu cực của chúng?\r\n\r\nCuốn sách có cấu trúc khoa học, trình bày dễ hiểu, súc tích, thiết ', 100, 12, 'Tiếng Việt', 5, 11, 'How Psychology Works - Hiểu Hết Về Tâm Lý Học.webp', ''),
(49, 'Rèn Luyện Tư Duy Phản Biện', 100000, 34, 'Long Nguyễn', 2019, 210, 'Như bạn có thể thấy, chìa khóa để trở thành một người có tư duy phản biện tốt chính là sự tự nhận thức. Bạn cần phải đánh giá trung thực những điều trước đây bạn nghĩ là đúng, cũng như quá trình suy nghĩ đã dẫn bạn tới những kết luận đó. Nếu bạn không có những lý lẽ hợp lý, hoặc nếu suy nghĩ của bạn bị ảnh hưởng bởi những kinh nghiệm và cảm xúc, thì lúc đó hãy cân nhắc sử dụng tư duy phản biện! Bạn cần phải nhận ra được rằng con người, kể từ khi sinh ra, rất giỏi việc đưa ra những lý do lý giải cho những suy nghĩ khiếm khuyết của mình. Nếu bạn đang có những kết luận sai lệch này thì có một sự thật là những đức tin của bạn thường mâu thuẫn với nhau và đó thường là kết quả của thiên kiến xác nhận, nhưng nếu bạn biết điều này, thì bạn đã tiến gần hơn tới sự thật rồi!\r\n\r\nNhững người tư duy phản biện cũng biết rằng họ cần thu thập những ý tưởng và đức tin của mọi người. Tư duy phản biện không thể tự nhiên mà có.\r\n\r\nNhững người khác có thể đưa ra những góc nhìn khác mà bạn có thể chưa bao gi', 34, 65, 'Tiếng Việt', 3, 2, 'Rèn Luyện Tư Duy Phản Biện1.webp', 'Rèn Luyện Tư Duy Phản Biện2.webp'),
(50, 'Nghệ Thuật Tập Trung', 345000, 34, 'Nam Cao', 2020, 234, 'NGHỆ THUẬT TẬP TRUNG – BÍ QUYẾT NÂNG CAO NĂNG SUẤT, TỐI ƯU THỜI GIAN, HIỆU QUẢ BẤT NGỜ\r\n\r\nNgày còn đi học, bạn quyết tâm học bài xong mới nghỉ ngơi xem tivi, nhưng chỉ cần nhạc hiệu chương trình yêu thích vang lên ngoài phòng khách, bạn đã vội phân tâm, không còn muốn làm bài nữa. Đến lúc đi làm, bạn chỉ tập trung làm việc được 30 phút, sau đó phải lướt web, mua sắm online, đọc báo lá cải xong mới có thể quay lại làm việc tiếp.\r\n\r\nNguyên nhân chỉ có một: mất – tập – trung.\r\n\r\n“Nghệ thuật tập trung: nâng cao năng suất, tối ưu thời gian, hiệu quả bất ngờ” giới thiệu tới bạn những phương pháp khoa học giúp tăng cường khả năng tập trung, dựa trên kinh nghiệm thực tế của nhà tâm thần học nổi tiếng xứ sở mặt trời mọc Daigo.\r\n\r\n“Nghệ thuật tập trung: nâng cao năng suất, tối ưu thời gian, hiệu quả bất ngờ” dạy bạn cách tập trung vào một hành động và dần biến nó thành thói quen vững chắc. Sau đó, bạn sẽ có được sự tập trung tối thượng, năng suất làm việc cũng cao hơn nhiều người bình thường. Nă', 54, 547, 'Tiếng Việt', 4, 2, 'Nghệ Thuật Tập Trung.webp', ''),
(51, 'Từ IQ Đến EQ - Nắm Bắt Thành Công Qua Trí Tuệ Cảm Xúc', 260000, 45, 'Nhi Đồng', 2008, 234, 'Nhà đạo đức học Aristore từng nhận định: “Bất cứ ai cũng có thể trở nên giận dữ – đó là điều rất dễ xảy ra. Tuy nhiên, để giận đúng người, với mức độ thích hợp, đúng thời điểm, vì những lý do chính đáng và biểu lộ sự tức giận đúng cách – lại là điều không dễ.”\r\n\r\nMột số người nghĩ rằng cảm xúc chỉ đóng vai trò giúp con người thể hiện sự “hỷ, nộ, ái, ố”. Tuy nhiên, trên thực tế, các cảm xúc xuất hiện ở mọi nơi: chúng định hình các quyết định của ta, giúp ta cảm nhận thế giới, và đóng vai trò quan trọng trong bất cứ tương tác nào của ta với mọi người. Có một điều chúng ta không thể phủ nhận đó là có IQ cao thôi là chưa đủ, ở thời điểm hiện tại khi đất nước ngày càng phát triển nhiều hơn, một người thành công phải sở hữu được cả hai thứ: IQ và EQ.\r\n\r\n“Từ IQ đến EQ” là cuốn sách sẽ giúp bạn nhận biết và bồi dưỡng trí tuệ cảm xúc của bản thân, định hình và phát triển bản thân, mở rộng mối quan hệ xã giao, cách phá vỡ những cục diện bế tắc, khai thác và vận dụng mối quan hệ xã giao và những ', 45, 90, 'Tiếng Việt', 2, 2, 'Từ IQ Đến EQ - Nắm Bắt Thành Công Qua Trí Tuệ Cảm Xúc1.webp', 'Từ IQ Đến EQ - Nắm Bắt Thành Công Qua Trí Tuệ Cảm Xúc2.webp'),
(52, 'Tư duy sâu', 70000, 50, 'Long Nguyễn', 2020, 260, '\r\nFrancis Bacon đã từng phải thốt lên một câu kinh điển thế này: “Tri thức chính là lực lượng”\r\n\r\nTrong quá trình phát triển của xã hội loài người, nhân tố quyết định sự mạnh yếu của một cá thể luôn luôn thay đổi.\r\n\r\nĐiểm chung lớn nhất của giới tinh hoa không phải là tài năng xuất chúng, mà là tư duy sâu. Bạn có thể lập được kế hoạch chiến lược như thế nào? Bạn có khả năng tư duy để giải quyết các vấn đề trong cuộc sống hay không? Hay bạn có thể đưa ra được những điều ấy đều cần đến một thứ vũ khí tốt nhất cho não bộ đấy là phương pháp tư duy sâu.\r\n\r\nTư duy sâu sẽ giúp bạn có được chuỗi tư duy logic; đột phá giới hạn của bản thân, có cái nhìn linh hoạt khi đối diện với một vấn đề nào đó; xử lý lượng thông tin tương đối lớn khi phải tiếp nhận những thông tin hỗn loạn; đứng trên góc độ vĩ mô để phân tích vấn đề, nhận biết những đặc điểm sinh thái, những xu hướng dài hạn của sự vật,\r\n\r\n“Tư Duy Sâu\" là một cuốn sách sẽ dẫn các bạn đi từ những bước cơ bản đến phức tạp, tìm hiểu sâu vào khả', 54, 667, 'Tiếng Việt', 1, 2, 'Tư Duy Sâu.webp', 'Tư Duy Sâu2.webp'),
(53, 'Tâm Lý Học Hành Vi', 79000, 65, 'Nhi Đồng', 2021, 260, 'Tâm Lý Học Hành Vi\r\n\r\nCuốn sách giúp bạn thấu hiểu bản thân mình và tâm lý những người xung quanh!\r\n\r\nĐược chấp bút bởi bậc thầy tâm lý hàng đầu Trung Quốc Khương Nguy.\r\n\r\nTâm lý học theo chủ nghĩa hành vi phát triển đến đỉnh cao vào những năm 1920 của thế kỷ XX tại Mỹ, giữ vị trí chủ đạo trong lĩnh vực tâm lý học trong suốt ba mươi năm sau đó tại đất nước này.\r\n\r\nKhông chỉ là một bộ môn khoa học trong phòng thực nghiệm, mà quan trọng hơn, những lý luận của tâm lý học hành vi giúp con người tự nhìn nhận bản thân, tự điều chỉnh tâm lý, đồng thời thông qua hành vi để nắm bắt và thấu hiểu tâm lý, đồng thời thông qua hành vi để nắm bắt và thấu hiểu tâm lý của những người xung quanh.\r\n\r\nHành vi chính là tấm gương phản chiếu tâm lý của con người, qua đó, chúng ta tự soi chiếu bản thân, học cách chung sống hòa thuận với chính mình, bên cạnh đó cũng có thể hiểu rõ người khác và thiết lập mối quan hệ tốt đẹp trong xã hội.\r\n\r\nKhi mỗi người trong chúng ta đều học được cách trực tiếp đối diện với ', 60, 320, 'Tiếng Việt', 2, 3, 'Tâm Lý Học Hành Vi1.webp', ''),
(54, 'Tâm Lý Học Biểu Cảm', 340000, 34, 'Nam Cao', 2011, 360, 'Cuốn sách dạy bạn cách nhìn thấu người khác một cách rõ ràng nhất và chân thực nhất\r\n\r\nTừ gương mặt đến bước chân, từ ngôn ngữ đến cơ thể, từ biểu cảm bên ngoài đến nội tâm bên trong.\r\n\r\nGiúp bạn nắm bắt tính cách đối phương, thấu hiểu trái tim con người.\r\n\r\nNhắc đến biểu cảm siêu nhỏ, đa số chúng ta đều cho rằng đó chỉ là những biểu hiện cảm xúc từ ngũ quan trên khuôn mặt. Tuy nhiên, phạm vi của biểu cảm siêu nhỏ không chỉ gói gọn trên khuôn mặt một người, mà còn bao gồm những biểu cảm trên cơ thể, trong ngôn ngữ và hành vi của người đó.\r\n\r\nVí dụ, một người vừa nói chuyện vừa dùng tay xoa mũi, lúc này rất có khả năng họ đang nói dối; hay trong một cuộc trò chuyện đối phương không ngừng rung chân, điều này cho thấy cảm xúc của họ đang thay đổi hoặc lời nói của bạn vừa tác động đến họ theo một cách nào đó.\r\n\r\nCuốn sách này giới thiệu tới bạn đọc các kiến thức về biểu cảm khuôn mặt, biểu cảm cơ thể, biểu cảm ngôn ngữ và biểu cảm hành vi, nhằm mục đích giúp bạn đọc dễ dàng nhìn thấu nội t', 34, 116, 'Tiếng Việt', 2, 4, 'Tâm Lý Học Biểu Cảm.webp', ''),
(55, 'Kỷ Luật Tự Giác (Tặng Kèm Bookmark )', 350000, 60, 'Long Nguyễn', 2020, 340, '\r\nTheo bạn thì, thế nào là tự do?\r\n\r\nLà có thể nằm ườn trên ghế sô pha xem phim, ôm điện thoại lướt mạng cả ngày?\r\n\r\nHay là được ăn thoải mái các thể loại đồ ăn nhanh, trà sữa… bất chấp ảnh hưởng của chúng tới sức khỏe?\r\n\r\nTrời mưa thì tự cho phép bản thân nghỉ làm, thích đồ gì thì mua luôn đồ nấy, dù cho chưa đến cuối tháng đã hết sạch tiền?\r\n\r\nNhững điều trên trông thì có vẻ thoải mái thật đấy, nhưng dần dần bạn sẽ nhận ra cuộc sống của mình ngày càng mơ hồ, sợ sệt, bởi bạn không có SỰ LỰA CHỌN. Lãng phí thời gian, tiền bạc vô ích chỉ càng tạo nên sự chậm chạp trong tư duy, bệnh tật cho cơ thể và sự cằn cỗi trong tâm hồn mà thôi.\r\n\r\nKÝ LUẬT TỰ GIÁC, cuốn sách đã thành công chỉnh đốn lối sống của hàng triệu người trẻ Trung Quốc, sẽ giúp bạn hiểu: “Tự do” thực sự không phải là tùy theo ý thích, mà là tự mình làm chủ.\r\n\r\nCàng tự giác thì càng có nhiều quyền lựa chọn. Một ngày, hai ngày, hay thậm chí vài tháng chưa thấy gì, nhưng một năm, hai năm, 10 năm, 20 năm sau những người tự giác v', 35, 855, 'Tiếng Việt', 3, 2, 'Kỷ Luật Tự Giác (Tặng Kèm Bookmark ).webp', ''),
(56, 'Sách Đen - Bộ Công Cụ Của Phụ Nữ Thành Đạt', 150000, 10, 'Nam Cao', 2011, 160, 'Bạn là một phụ nữ thuộc tuýp workaholic? Bạn là người mới bắt đầu đi làm và đã có trải nghiệm, nhưng vẫn có các thắc mắc chưa thể giải quyết? Đây chính là cuốn sách dành cho bạn.\r\n\r\n”Sách Đen” là tuyển chọn những lời khuyên cho sự nghiệp được đúc kết từ những hiểu biết và trải nghiệm đầy khôn ngoan và sâu sắc của tác giả Otegha Uwagba (người sáng lập Women-Who, một cộng đồng được tạo ra để kết nối và giúp đỡ những người phụ nữ làm việc sáng tạo) cùng rất nhiều người người phụ nữ thành công khác.\r\n\r\nTừ những điều nhỏ nhặt như viết email sao cho tinh tế hay sử dụng Instagram sao cho có lợi; đến những vấn đề nan giải mang tính quyết định, như làm thế nào để xây dựng một thương hiệu cá nhân có thể mở ra nhiều cơ hội, hay việc liệu có nên làm việc tự do hay không…\r\nTất cả, sẽ được đúc kết một cách hệ thống, có định hướng, đồng thời vô cùng cảm hứng qua cuốn sách – được xem như bộ công cụ của phụ nữ thành đạt này.\r\n“Hãy luôn là phiên bản tốt nhất của bản thân chứ đừng bao giờ là phiên bản th', 24, 926, 'Tiếng Việt', 2, 2, 'Sách Đen - Bộ Công Cụ Của Phụ Nữ Thành Đạt.webp', ''),
(57, 'Nóng Giận Là Bản Năng , Tĩnh Lặng Là Bản Lĩnh', 200000, 0, 'Long Nguyễn', 2020, 340, 'Sai lầm lớn nhất của chúng ta là đem những tật xấu, những cảm xúc tiêu cực trút bỏ lên những người xung quanh, càng là người thân càng dễ gây thương tổn.\r\n\r\nCái gì cũng nói toạc ra, cái gì cũng bộc lộ hết không phải là thẳng tính, mà là thiếu bản lĩnh. Suy cho cùng, tất cả những cảm xúc tiêu cực của con người đều là sự phẫn nộ dành cho bất lực của bản thân. Nếu bạn đúng, bạn không cần phải nổi giận. Nếu bạn sai, bạn không có tư cách nổi giận.\r\n\r\nĐem một nắm muối bỏ vào cốc nước, cốc nước trở nên mặn chát. Đem một nắm muối bỏ vào hồ nước, hồ nước vẫn ngọt lành. Lòng người cũng vậy, càng nông cạn càng dễ biến chất, càng sâu sắc càng khó lung lay. Ý nghĩa của đời người không ngoài việc tu tâm dưỡng tính, để mở lòng ra bao la như biển hồ, trước những nắm muối thị phi của cuộc đời vẫn thản nhiên không xao động.\r\n\r\n“Nóng giận là bản năng, tĩnh lặng là bản lĩnh” là từ bỏ “tam độc”, tu dưỡng một trái tim trong sáng:\r\n\r\nTừ bỏ “tham” – bớt một phần ham muốn, thêm một phần tự do.\r\nTừ bỏ “sân” – b', 120, 329, 'Tiếng Việt', 2, 2, 'Nóng Giận Là Bản Năng , Tĩnh Lặng Là Bản Lĩnh.webp', ''),
(58, 'Thôi Miên Bằng Ngôn Từ', 260000, 60, 'Long Nguyễn', 2021, 240, 'Làm thế nào để thu hút và thuyết phục khách hàng chỉ bằng ngôn từ của bạn?\r\n\r\n“Bản chất ngôn từ là phép thuật và kể từ thời cổ đại đến ngày nay ngôn từ vẫn giữ được hầu hết quyền năng phép thuật của chúng”.\r\n\r\nNgôn từ là gì?\r\n\r\nTrong tiến trình phát triển nhận thức của loài người, đầu tiên, các từ có nội dung nghèo nàn và mờ nhạt. Nhưng do ảnh hưởng của tiến trình văn hoá nhân loại mà các từ dần dần được cấp thêm những nét nghĩa tinh tế hơn cho phù hợp với tư duy của con người về sự vật mà từ phản ánh. Trong tiến trình này, từ chỉ còn là một cái vỏ – nơi để đổ đầy tư duy của chúng ta về một sự vật cụ thể.\r\n\r\nMối quan hệ giữa tư duy và ngôn từ thường được các nhà logic học hình dung theo 3 cấp độ. Để đáp ứng được các nhu cầu giao tiếp của xã hội, loài người đã tạo ra và thiết lập rất nhiều các hệ thống tín hiệu khác nhau bên cạnh hệ thống tín hiệu ngôn từ. Có những hệ thống tín hiệu có thể vượt qua các biên giới quốc gia, các ranh giới của thể chế chính trị để phục vụ loài người (Ví dụ:', 60, 684, 'Tiếng Việt', 3, 2, 'Thôi Miên Bằng Ngôn Từ.webp', 'Thôi Miên Bằng Ngôn Từ1.webp'),
(59, 'Những Giấc Mơ Ở Hiệu Sách Morisaki', 89000, 10, 'Nam Cao', 2020, 160, 'Bị người yêu lừa dối, Takako bỏ việc và rơi vào chuỗi ngày ngủ triền miên để trốn tránh nỗi buồn. Thế rồi, một cuộc điện thoại từ người cậu ruột cả 10 năm trời không gặp đã đánh thức cô khỏi cơn mộng mị. Takako đồng ý đến trông hiệu sách nửa buổi giúp cậu chỉ để làm vừa lòng mẹ. Nhưng thật ngoài tưởng tượng, chờ đợi cô là hiệu sách Morisaki cũ kỹ với thế giới của hàng nghìn cuốn sách chứa trong mình cả thời gian và lịch sử. Sách đã chữa lành vết thương trong lòng cô.\r\n\r\nVà hơn thế nữa, Takako tìm thấy bao nhiêu điều mới mẻ và thú vị mà trước đây cô chưa từng biết đến.Câu chuyện nhẹ nhàng mà sâu lắng, đặc biệt với những ai có sở thích sưu tầm sách cổ.\r\n\r\nGiá sản phẩm trên Tiki đã bao gồm thuế theo luật hiện hành. Bên cạnh đó, tuỳ vào loại sản phẩm, hình thức và địa chỉ giao hàng mà có thể phát sinh thêm chi phí khác như phí vận chuyển, phụ phí hàng cồng kềnh, thuế nhập khẩu (đối với đơn hàng giao từ nước ngoài có giá trị trên 1 triệu đồng).....', 18, 222, 'Tiếng Việt', 4, 1, 'Những Giấc Mơ Ở Hiệu Sách Morisaki.webp', ''),
(60, 'Cây Cam Ngọt Của Tôi', 150000, 40, 'Nhi Đồng', 2021, 360, '“Vị chua chát của cái nghèo hòa trộn với vị ngọt ngào khi khám phá ra những điều khiến cuộc đời này đáng số một tác phẩm kinh điển của Brazil.”\r\n\r\n- Booklist\r\n\r\n“Một cách nhìn cuộc sống gần như hoàn chỉnh từ con mắt trẻ thơ… có sức mạnh sưởi ấm và làm tan nát cõi lòng, dù người đọc ở lứa tuổi nào.”\r\n\r\n- The National\r\n\r\nHãy làm quen với Zezé, cậu bé tinh nghịch siêu hạng đồng thời cũng đáng yêu bậc nhất, với ước mơ lớn lên trở thành nhà thơ cổ thắt nơ bướm. Chẳng phải ai cũng công nhận khoản “đáng yêu” kia đâu nhé. Bởi vì, ở cái xóm ngoại ô nghèo ấy, nỗi khắc khổ bủa vây đã che mờ mắt người ta trước trái tim thiện lương cùng trí tưởng tượng tuyệt vời của cậu bé con năm tuổi.\r\n\r\nCó hề gì đâu bao nhiêu là hắt hủi, đánh mắng, vì Zezé đã có một người bạn đặc biệt để trút nỗi lòng: cây cam ngọt nơi vườn sau. Và cả một người bạn nữa, bằng xương bằng thịt, một ngày kia xuất hiện, cho cậu bé nhạy cảm khôn sớm biết thế nào là trìu mến, thế nào là nỗi đau, và mãi mãi thay đổi cuộc đời cậu.\r\nMở đầ', 34, 115, 'Tiếng Việt', 5, 1, 'Cây Cam Ngọt Của Tôi.webp', 'Cây Cam Ngọt Của Tôi2.webp'),
(61, 'Sóng ở đáy sông - Lê Lựu', 230000, 34, ' Nhi Đồng', 2011, 340, 'Một chuỗi những sai lầm liên tiếp của một cuộc đời: Núi - người được sinh ra bởi sai lầm của người cha, sau những lần \"không thể kìm hãm trước con ở\" \"đang thời bừng dậy rừng rực\". Một số phận không mong muốn. Một khoảng cách không thể kết nối lại gần với những gì được gọi là chính thống, được sự thừa nhận hợp pháp.\r\n\r\nCuộc đời Núi trượt dài trong tăm tối. Bất hạnh đeo đẳng. Chiến tranh và một thời kỳ bao cấp có thể khiến con người ta trở nên vĩ đại hoặc thấp hèn…\r\n\r\nMột màng màu tối, nhưng có thể nhìn thấy cuối đường hầm bừng lên vệt sáng. Và người đọc được quyền bước ra vùng sáng rỡ, nơi con người trở về với nguyên bản thiện lương của mình.\r\n\r\nVới lối viết mộc, hiện thực; với những triết lý, ẩn dụ, phúng dụ được nhà văn Lê Lựu sử dụng khá tinh tế và thuần Việt, chắc chắn lớp bạn đọc hôm nay sẽ được bước vào một thời khắc riêng khác, và hình dung về một giai đoạn đầy biến động đã lùi\r\n\r\n- Nhà văn Võ Thị Xuân Hà -\r\n\r\n \r\n\r\nĐấy là những ngày cuối cùng tháng Mười năm 1990. Nắng như mật tr', 20, 146, 'Tiếng Việt', 2, 2, 'Sóng ở đáy sông - Lê Lựu.webp', ''),
(63, 'Hoa Vẫn Nở Mỗi Ngày', 230000, 16, 'Văn học', 2011, 500, '“Một tiểu thuyết đầy cảm xúc, một cuốn sách đưa ta đi từ tiếng cười đến những giọt nước mắt với các nhân vật hài hước và cuốn hút.”  – Ban giám khảo giải thưởng Prix des Maisons de la Presse.\r\n\r\nViolette Toussaint sống mà như chết. Người phụ nữ ấy bị mẹ đẻ bỏ rơi ngay khi vừa lọt lòng, tới lượt cô con gái nhỏ mà cô yêu thương nhất lại bỏ cô mà đi trong một tai nạn thảm khốc, rồi cả đến người chồng một ngày kia cũng không còn ở lại bên cô. Cuộc đời của một nhân viên gác chắn nơi ga xép với những chuyến tàu nhỏ mỗi ngày đến rồi đi hay của một người quản trang tại nghĩa trang tỉnh lẻ chuyên đón nhận người chết và chăm sóc các phần mộ tưởng chừng chỉ gắn chặt với mất mát, buồn đau, rồi úa tàn dần theo năm tháng. Nhưng sự sống là mầu nhiệm, hy vọng vẫn còn đó, hạnh phúc lại có dịp được hồi sinh khi hoa kia được thay nước, khi chính con người vẫn tin vào cuộc đời.\r\n\r\nMột câu chuyện sẽ ở lại lâu trong lòng độc giả. Nhẹ nhàng mà thấm thía. Bởi dẫu có lẽ không ít lần lấy đi nước mắt của người đ', 55, 1205, 'Tiếng Việt', 2, 1, 'Hoa Vẫn Nở Mỗi Ngày.webp', ''),
(64, 'Lolita (Tái Bản 2019)', 150000, 40, 'Nam Cao', 2019, 250, '“Lolita, ánh sáng của đời tôi, ngọn lửa nơi hạ bộ của tôi. Tội lỗi của tôi, tâm hồn của tôi. Lo-lee-ta: đầu lưỡi lướt xuống ba bước nhỏ dọc vòm miệng, khẽ đập vào răng ba tiếng. Lo. Li. Ta.\r\nBuổi sáng, em là Lo, ngắn gọn là Lo thôi, đứng thẳng cao một mét bốn mươi sáu, chân đi độc một chiếc tất. Mặc quần thụng trong nhà, em là Lola. Ở trường học, em là Dolly. Trên dòng kẻ bằng những dấu chấm, em là Dolores. Nhưng trong vòng tay tôi, bao giờ em cũng là Lolita.”\r\nLolita, hiện tượng bất thường bậc nhất của văn chương thế kỷ 20, được xuất bản lần đầu vào năm 1955 tại Paris, mặc dù viết bằng tiếng Mĩ. Cũng như mọi tác phẩm kỳ vĩ và có độ lệch chuẩn lớn, như tiểu thuyết của D. H. Lawrence hay của Anthony Burgess, khởi đầu của Lolita không hề suôn sẻ.\r\nGiờ đây khi thực sự được đọc Lolita, ta hiểu tại sao Vladimir Nabokov nâng niu nó đến vậy. Thoạt tiên bị nhìn nhận một cách giản đơn quá mức, Lolita dần thoát khỏi cái định kiến coi nó là tác phẩm thuần túy gợi dục, bởi Lolita chứa đựng nhiều, ', 58, 454, 'Tiếng Việt', 5, 1, 'Lolita (Tái Bản 2019).webp', 'Lolita (Tái Bản 2019)1.webp'),
(65, 'Lấy Nước Đường Xa + Tặng Kèm Bookmark', 300000, 50, 'Long Nguyễn', 2014, 260, 'Lấy nước đường xa - Cuốn tiểu thuyết dựa trên một câu chuyện có thật tại Châu Phi. Hai câu chuyện đan xen nhau kể về hai đứa trẻ tại Sudan – sống ở hai thời kỳ khác nhau – hai bộ tộc đối lập nhau và hai cuộc “đấu tranh” không giống nhau.\r\n\r\nNya là một cô bé mười một tuổi ở năm 2008. Cô bé phải đi bộ mỗi ngày 8 tiếng để lấy nước từ một cái ao ô nhiễm - hai chuyến mỗi ngày. Cô bé không có thời gian cho trường học, cho vui chơi, cho tất cả những điều mà hầu hết các cô gái nhỏ đều trải qua. Cho đến khi, một ngày nọ, những người lạ vào làng của họ để đào giếng và xây trường học.\r\n\r\nSalva là cậu bé 11 tuổi đi bộ xuyên lục địa Châu Phi để tìm thức ăn, gia đình và một nơi trú ẩn. Đó là năm 1985 khi Salva đang đi học và chiến tranh nổ ra. Salva phải băng qua sa mạc để đến một trại tị nạn ở Ethiopia. Sau một thời gian dài ở lại, Salva một lần nữa băng qua sa mạc để đến Kenya. Trên chặng đường dài ấy nhiều đã không vượt qua được. Họ chết vì đói, bị thú vật dữ và bị binh lính tấn công. Salva là số', 50, 142, 'Tiếng Việt', 5, 1, 'Lấy Nước Đường Xa + Tặng Kèm Bookmark1.webp', 'Lấy Nước Đường Xa + Tặng Kèm Bookmark2.webp'),
(66, 'Rừng Nauy (Tái Bản)', 260000, 18, 'Nhi Đồng', 2014, 360, 'Câu chuyện bắt đầu từ một chuyến bay trong ngày mưa ảm đạm, một người đàn ông 37 tuổi chợt nghe thấy bài hát gắn liền với hình ảnh người yêu cũ, thế là quá khứ ùa về xâm chiếm thực tại. Mười tám năm trước, người đàn ông ấy là chàng Toru Wanatabe trẻ trung, mỗi chủ nhật lại cùng nàng Naoko lang thang vô định trên những con phố Tokyo. Họ sánh bước bên nhau để thấy mình còn sống, còn tồn tại, và gắng gượng tiếp tục sống, tiếp tục tồn tại sau cái chết của người bạn cũ Kizuki. Cho đến khi Toru nhận ra rằng mình thực sự yêu và cần có Naoko thì cũng là lúc nàng không thể chạy trốn những ám ảnh quá khứ, không thể hòa nhập với cuộc sống thực tại và trở về dưỡng bệnh trong một khu trị liệu khép kín. Toru, bên cạnh giảng đường vô nghĩa chán ngắt, bên cạnh những đêm chơi bời chuyển từ cảm giác thích thú đến uể oải, ghê tởẫn kiên nhẫn chờ đợi và hy vọng vào sự hồi phục của Naoko. Cuối cùng, những lá thư, những lần thăm hỏi, hồi ức về lần ân ái duy nhất của Toru không thể níu Naoko ở lại, nàng chọn ', 45, 124, 'Tiếng Việt', 3, 1, 'Rừng Nauy (Tái Bản).webp', 'Rừng Nauy (Tái Bản)1.webp'),
(67, 'Kafka bên bờ biển (Tái Bản 2020)', 240000, 34, 'Văn học', 2008, 260, 'Mô Tả Sản Phẩm\r\nKafka bên bờ biển (Tái Bản 2020)\r\n\r\nKafka Tamura, mười lăm tuổi, bỏ trốn khỏi nhà ở Tokyo để thoát khỏi lời nguyền khủng khiếp mà người cha đã giáng xuống đầu mình.Ở phía bên kia quần đảo, Nakata, một ông già lẩm cẩm cùng quyết định dấn thân. Hai số phận đan xen vào nhau để trở thành một tấm gương phản chiếu lẫn nhau. Trong khi đó, trên đường đi, thực tại xào xạc lời thì thầm quyến rũ. Khu rừng đầy những người linh vừa thoát khỏi cuộc chiến tranh vừa qua, cá mưa từ trên trời xuống và gái điếm trích dẫn Hegel. Kafka bên bờ biển, câu chuyện hoang đường mở đầu thế kỷ XXI, cho chúng ta đắm chìm trong một chuyến du hành đầy sóng gió đầy chất hiện đại và mơ mộng trong lòng Nhật Bản đương đại.\r\n\r\nHaruki Murakami, nhà văn Nhật đương đại nổi tiếng với những tác phẩm như Rừng Nauy; Xứ sở kỳ diệu vô tình và Nơi tận cùng thế giới; Phía Nam biên giới, Phía Tây mặt trời; Người tình Sputnik, Biên niên ký chim vặn dây cót và Kafka bên bờ biển.\r\n\r\nNhận định\r\n\r\n\"Tác giả Nhật được yêu thí', 34, 521, 'Tiếng Việt', 4, 1, 'Kafka bên bờ biển (Tái Bản 2020).webp', ''),
(68, 'Người Tình Sputnik', 120000, 10, 'Nhi Đồng', 2019, 260, 'Mùa xuân năm hai mươi hai tuổi, Sumire yêu lần đầu tiên trong đời. Một tình yêu mãnh liệt, một cơn lốc xoáy thực sự quét qua các bình nguyên – san phẳng tất cả những gì nó gặp trên đường, tung mọi thứ lên trời, xé chúng ra từng mảnh, nghiền nát thành từng miếng. Cơn lốc không hề giảm cường độ khi băng qua đại dương, biến Ăngko Vat thành đồng hoang tàn, thiêu cháy rừng già Ấn Độ với hổ báo và muôn loài, rồi biến thành cơn bão cát sa mạc vùng vịnh Ba Tư, chôn vùi cả một thành phố pháo đài kỳ lạ dưới biển cát. Tóm lại, đó là một tình yêu thực sự vĩ đại. Người Sumire đem lòng si mê hoá ra lớn hơn cô mười bảy tuổi. Đã có gia đình. Và, phải nói thêm, là phụ nữ. Đây là nơi tất cả bắt đầu, và là nơi tất cả kết thúc. Gần như tất cả.\r\n“…Ngay khoảnh khắc Miu chạm tay vào tóc cô, Sumire đã yêu, giống như cô đang băng qua một cánh đồng thì đùng! một tia sét giáng thẳng xuống đầu cô. Một điều gì đó giống như một mặc khải nghệ thuật. Do vậy, khi đó Sumire chẳng thấy có gì đáng quan tâm trong việc ngư', 140, 145, 'Tiếng Việt', 4, 1, 'Người Tình Sputnik.webp', ''),
(69, 'Danh Nghĩa Nhân Dân', 230000, 40, 'Văn học', 2020, 240, 'Danh nghĩa nhân dân xuất bản tháng 1/2017, đến tháng 5 đã được tái bản lần thứ mười, tổng lượng bán ra hơn 1 triệu 500 ngàn bản. Tại Liên hoan truyền hình quốc tế Macao lần thứ 8 năm 2017, bộ phim truyền hình chuyển thể cùng tên đã đoạt bốn giải thưởng lớn, trong đó có giải Phim truyền hình xuất sắc nhất và Biên kịch xuất sắc nhất.\r\n\r\nNội dung kể về cuộc chiến chống tham nhũng, làm trong sạch đội ngũ cán bộ đảng. Lấy bối cảnh chính trường tỉnh H, Trung Quốc, tác giả miêu tả cuộc chiến cam go giữa một bên là Hầu Cảnh Bình, cục trưởng cục chống tham nhũng tỉnh H và các kiểm sát viên viện kiểm sát, với một bên các quan chức cao cấp đã tha hóa trong bộ máy tỉnh chuyên lấy danh nghĩa nhân dân ra để biện minh, phục vụ cho lợi ích của mình.\r\n\r\nVốn dĩ, viết về quyền lực chính trị của các phe phái trong một bộ máy cán bộ chính quyền không bao giờ là việc dễ dàng. Nhưng Danh nghĩa nhân dân của Chu Mai Sân đã thực sự làm được điều đó. Không đơn giản hư cấu nên một cuộc đấu đá chốn quan trường, tá', 25, 45, 'Tiếng Việt', 4, 1, 'Danh Nghĩa Nhân Dân.webp', ''),
(70, 'Rừng Sâu Tăm Tối', 100000, 60, 'Văn học', 2011, 160, 'Trong một khu rừng tăm tối\r\n\r\nNora đã không gặp mặt Clare suốt mười năm nay. Không hề, kể từ khi Nora bước ra khỏi cánh cổng trường cấp ba và chưa một lần ngoái đầu lại.\r\n\r\ncó một ngôi nhà tăm tối;\r\n\r\nRồi một ngày, cô bất ngờ nhận được lời mời dự tiệc chia tay đời độc thân của Clare. Liệu đây có phải là cơ hội để Nora nói lời từ biệt với quá khứ vẫn luôn hằng ám ảnh mình?\r\n\r\nTrong ngôi nhà tăm tối ấy có một căn phòng tăm tối;\r\n\r\nNhưng một điều vô cùng, vô cùng sai trái sắp sửa xảy ra.\r\n\r\nTrong căn phòng tăm tối ấy\r\n\r\nCó một số bí mật không thể giấu mình mãi mãi.\r\n\r\nTÁC GIẢ:\r\n\r\nRuth Ware (1977) bắt đầu sự nghiệp văn chương khá muộn. Trước khi trở thành nhà văn toàn thời gian, cô đã từng làm các công việc bồi bàn, bán sách và quảng cáo. Bắt đầu bằng các tác phẩm dành cho thiếu niên, nhưng cô chỉ thực sự thành công khi chuyển sang thể loại trinh thám ly kỳ, giật gân. Những tác phẩm trinh thám của Ruth Ware như Rừng sâu tăm tối và Cô gái trong cabin số 10 nhanh chóng trở thành Bestseller v', 240, 621, 'Tiếng Việt', 2, 1, 'Rừng Sâu Tăm Tối.webp', '');
INSERT INTO `sach` (`s_id`, `s_ten`, `s_gia`, `s_giamgia`, `nxb`, `namxuatban`, `sotrang`, `mota`, `soluong`, `luotmua`, `ngonngu`, `tg_id`, `tl_id`, `anh`, `anh1`) VALUES
(73, 'Đồi Thỏ (Tái Bản 2019)', 65000, 40, '  Văn học', 2008, 410, 'Sẽ có người không khỏi băn khoăn khi cầm cuốn sách khổ lớn dày hơn 500 trang này trên tay. Có vẻ quá nặng, theo cả nghĩa đen và nghĩa bóng đối với thể loại sách thiếu nhi. Song đó chính là điều lạ lùng đầu tiên mà nhà văn Anh Richard Adams đem đến cho bạn: một cuốn sách thiếu nhi có thể dày như sách dành cho người lớn. Số lượng trang ngồn ngộn như thế cho phép mở ra nhiều cuộc phiêu lưu nối nhau trong các chương sách được chia nhỏ trong bốn phần: Hành trình, Trên ngọn đồi Watership, Efrafa và Thủ lĩnh Cây Phỉ.\r\n\r\nĐó là một trong những lý do khiến Đồi Thỏ thành công vang dội với bạn đọc mọi lứa tuổi, được nhận Huy chương Carnegie và giải thưởng Guardian cho thể loại tiểu thuyết viết cho thiếu nhi (1972), được nhà xuất bản Penguin công bố là cuốn sách đứng thứ hai trong danh sách bán chạy nhất mọi thời đại (1985), có tên trong danh sách 100 cuốn sách của mọi thời đại (2003), 100 cuốn sách giá trị nhất (2007) do BBC và trang web worldbookday bầu chọn.\r\n\r\nGiá sản phẩm trên Tiki đã bao gồm ', 32, 142, 'Tiếng Việt', 1, 1, 'Đồi Thỏ (Tái Bản 2019).webp', ''),
(74, 'Suối Nguồn (Tái Bản)', 340000, 65, 'Văn học', 2023, 240, 'Tác phẩm đứng đầu bảng xếp hạng những tiểu thuyết hay nhất thế kỷ 20 do độc giả bình chọn (theo điều tra của New York Time)\r\n\r\nĐã bán được 6 triệu bản trong hơn 60 năm qua kể từ khi xuất bản lần đầu (năm 1943).\r\n\r\nĐược dịch ra nhiều thứ tiếng và vẫn liên tục được tái bản hàng năm.\r\n\r\nMột tiểu thuyết kinh điển cần đọc nay đã có mặt tại Việt Nam với bản dịch tiếng Việt.\r\n\r\n\"Một tiểu thuyết tràn đầy sức sống và sự thú vị … mạnh mẽ, kịch tính, mãnh liệt và rành mạch từ đầu đến cuối … một tác phẩm tuyệt vời đáng để đọc.”\r\n\r\nSaturday Review of Literature\r\n\r\n“Tôi có thể ca ngợi tiểu thuyết này ở nhiều khía cạnh… sự kiện hấp dẫn…những nhân vật đầy màu sắc… táo bạo… thông minh phi thường.” - New York Herald Tribune\r\n\r\n“Bạn không thể đọc tác phẩm tuyệt vời này mà không liên tưởng đến một số tư tưởng cơ bản của thời đại chúng ta… Bạn sẽ nghĩ đến The Magic Mountain và The Master Builder khi bạn nghĩ đến The Fountainhead (Suối nguồn).” - New York Times\r\n\r\n\" Trong lịch sử nhân loại, hiếm thấy ai phá', 34, 121, 'Tiếng Việt', 1, 1, 'Suối Nguồn (Tái Bản).webp', ''),
(75, 'Triệu phú khu ổ chuột (Tái bản 2018)', 70000, 0, 'Văn học', 2020, 120, 'Cuốn sách “rung động và hỗn loạn như chính nước Ấn Độ vậy”.\r\n\r\nSức hấp dẫn của thiên  này ở chỗ, nó khơi dậy trắc ẩn trong mỗi con người, nó đưa độc giả qua ngõ ngách của những khu ổ chuột tồi tàn, nó kể lại cảnh sống khốn cùng khi người ta đánh mất quyền được tồn tại như một con người, sống trong sự chờ đợi một chiếc xe jeep có thể đến đưa mình đi vì hàng ngàn tội lỗi vô cớ.\r\n\r\nTrong bóng tối của xã hội Ấn Độ hỗn tạp, bùng nhùng những nghèo đói, bệnh tật, nhà thổ, giết thuê, mafia ấy, lại có người chiến thắng một trăm triệu rupi trong một chương trình truyền hình nổi tiếng “Ai là triệu phú”: một anh bồi bàn. Ram Mohammad Thomas, cái tên mang trong mình nhiều tôn giáo, phức tạp như chính những biến cố trong cuộc đời mình, đã bị bắt ngay sau khi giành được giải thưởng lớn. Người ta không tin kẻ xuất thân nghèo hèn có thể làm được điều kỳ diệu đến thế. Thực chất, người ta không muốn chi trả cho anh một khoản tiền khổng lồ như vậy, người ta, bao gồm cả cảnh sát - người chấp pháp, người th', 35, 672, 'Tiếng Việt', 4, 1, 'Triệu phú khu ổ chuột (Tái bản 2018).webp', ''),
(76, 'Hiệu Sách Nhỏ Ở Paris', 68000, 20, 'Long Nguyễn', 2019, 150, 'New York Times Bestseller\r\nA Barnes and Noble Best of 2015 Selection\r\nA LibraryReads Favorite of the Favorites Selection\r\n\r\nCuốn sách là câu chuyện về Monsieur Perdu, chủ tiệm sách bên bờ sông Seine, người tự gọi mình là dược sĩ văn chương. Nhờ giác quan đặc biệt của mình, ông có thể kê đơn cho độc giả chính xác những cuốn sách giúp họ vượt qua khó khăn trong cuộc sống. Chữa lành vết thương, hàn gắn trái tim người khác, song Monsieur Perdu lại không thể chữa cho chính mình, và trái tim ông vẫn luôn rỉ máu từ khi người yêu ông bỏ ra đi để lại một bức thư mà ông chưa từng mở ra. Rồi đến một ngày, ông đọc lá thư và quyết định khám phá kết cục của câu chuyện đời mình. Cùng với một tác giả sách bán chạy nhưng bị cấm xuất bản, và một đầu bếp người Ý thất tình, Perdu du hành dọc theo những dòng sông nước Pháp, cho chúng ta thấy rằng thế giới văn chương có thể đưa tâm hồn con người lên một cuộc du hành hàn gắn và chữa lành như thế nào.\r\n\r\nHiệu sách nhỏ ở Paris là một lá thư tình gửi đến sách, ', 35, 80, 'Tiếng Việt', 5, 1, 'Hiệu Sách Nhỏ Ở Paris.webp', ''),
(77, 'Bí Mật Của Naoko', 100000, 36, 'Nhi Đồng', 2015, 260, 'Cuộc sống của Hirasule trôi qua hết sức bình lặng, cho đến một ngày tai nạn giao thông khủng khiếp xảy ra và gã mất đi người vợ yêu quý nhất của mình, còn đứa con gái bé bỏng vẫn trong tình trạng hôn mê bất tỉnh. Nhưng chỉ sau một đêm, con gái gã tỉnh lại và một mực xưng mình là Naoko, vợ gã. Dường như linh hồn của Naoko đã nhập vào thể xác con gái, còn Monami thực sự đã chết. Rốt cuộc Hirasuke đã mất vợ hay con gái trong vụ tai nạn ấy?\r\n\r\nBí mật của Naoko đã giành Giải thưởng của Hiệp hội các Nhà văn viết truyện kỳ bí Nhật Bản vào năm 1999, và là một trong những tác phẩm quan trọng nhất trong sự nghiệp của Higashino Keigo, bậc thầy truyện trinh thám Nhật thế kỷ XX.\r\n\r\nGiá sản phẩm trên Tiki đã bao gồm thuế theo luật hiện hành. Bên cạnh đó, tuỳ vào loại sản phẩm, hình thức và địa chỉ giao hàng mà có thể phát sinh thêm chi phí khác như phí vận chuyển, phụ phí hàng cồng kềnh, thuế nhập khẩu (đối với đơn hàng giao từ nước ngoài có giá trị trên 1 triệu đồng).....', 100, 70, 'Tiếng Việt', 1, 1, 'Bí Mật Của Naoko.webp', ''),
(78, 'Sự Cứu Rỗi Của Thánh Nữ', 260000, 24, 'Văn học', 2021, 360, 'Sự Cứu Rỗi Của Thánh Nữ\r\nTrong biệt thự nhà Mashiba Yoshitaka, người chồng trúng độc chết trên sàn, thạch tín còn sót lại trong cốc cà phê đổ lênh láng bên cạnh. Mọi nghi vấn tập trung vào hai đối tượng: người vợ Ayane vốn là nghệ nhân nổi tiếng với các tác phẩm thảm ghép vải độc đáo đắt tiền trưng bày ở khu Ginza, và cô người tình bí mật Wakayama Hiromi, cũng là học trò của Ayane. Nhưng cả hai đều có chứng cứ ngoại phạm vững chắc. Và cảnh sát đau đầu vì vấn đề hóc búa: Làm thế nào hung thủ bỏ thạch tín hạ độc Yoshitaka, khi không ai khác có khả năng tiếp cận nạn nhân quanh thời điểm xảy ra vụ án.\r\n\r\nMột lần nữa thiên tài “thám tử Galileo” Yukawa Manabu nhập cuộc. Anh đã tìm ra đáp án, nhưng là một “đáp án ảo”, chỉ “có thể suy nghĩ về mặt lý thuyết nhưng không thể tồn tại trong hiện thực”. Từng bước lật lại các tình tiết, tác giả đại tài Keigo đã chìa ra cho chúng ta chân tướng đáng kinh ngạc của một sự thật vô cùng chua xót.\r\nGiá sản phẩm trên Tiki đã bao gồm thuế theo luật hiện hành.', 50, 120, 'Tiếng Việt', 5, 1, 'Sự Cứu Rỗi Của Thánh Nữ.webp', ''),
(79, 'Cách Xử Thế Của Người Nay', 260000, 80, 'Văn học', 2020, 230, 'Chắc các bạn thường tự hỏi những câu này:\r\nTại sao có những người đời sống dễ chịu như vậy? Tại sao họ làm được mọi việc một cách dễ dàng như vậy? Tại sao họ gặp được “vận may” như vậy?\r\n\r\nHọ có bí quyết nào mà thỏa hiệp được với người khác một cách tài tình như vậy? Bí quyết đó, chúng ta có thể biết được không? Có thể áp dụng vào đời sống hàng ngày dược không?\r\n\r\nNào, chúng ta thử cùng nhau xét những câu hỏi bổ ích và quan trọng đó. Trong cuốn này chúng tôi sẽ tìm hiểu đời sống hằng ngày của những người mà đời không khác gì đời chúng ta. Chúng tôi sẻ kể toàn những chuyện có thực, chuyện thành công và thất bại, chuyện vui và buồn, chuyện sống và chết, và trong những chuyện đó, bạn sẽ thấy vài biểu hiện về cái lí do hoạt động của con người. Chúng tôi sẽ so sánh những biểu hiện đó với những học thuyết của các tâm lý gia hiện đại và các nhà bác học danh tiếng trên thế giới. Rồi lại đem so sánh những kinh nghiệm thực tế của hàng ngàn người trong các cuộc thuyết trình về giao tế nhân sự\"\r\n\r', 149, 423, 'Tiếng Việt', 3, 2, 'Cách Xử Thế Của Người Nay.webp', 'Cách Xử Thế Của Người Nay1.webp'),
(80, 'Thoát Khỏi Tâm Trí và Bước Vào Cuộc Sống', 160000, 24, 'Văn học', 2011, 260, 'Nhưng thực chất ta không phải là những suy nghĩ của mình. Đó đơn giản chỉ là một góc nhìn khác mà thôi.\r\n\r\nVậy, nếu bạn không phải là những suy nghĩ của mình, thì bạn là ai?\r\n\r\nGiá sản phẩm trên Tiki đã bao gồm thuế theo luật hiện hành. Bên cạnh đó, tuỳ vào loại sản phẩm, hình thức và địa chỉ giao hàng mà có thể phát sinh thêm chi phí khác như phí vận chuyển, phụ phí hàng cồng kềnh, thuế nhập khẩu (đối với đơn hàng giao từ nước ngoài có giá trị trên 1 triệu đồng).....', 14, 1400, 'Tiếng Việt', 1, 2, 'Thoát Khỏi Tâm Trí và Bước Vào Cuộc Sống.webp', ''),
(81, 'Giận (Tái Bản 2020)', 300000, 34, 'Nam Cao', 2020, 235, 'Giận là một cuốn sách hay của Thiền sư Thích Nhất Hạnh, nó mở ra cho ta những khả năng kỳ diệu, nhưng lại rất dễ thực hành để ta tự mình từng bướ thoát khỏi cơn giận và sống đẹp với xã hội quanh mình.\r\nGiận được xuất bản tại Hoa Kỳ ngày 10.9.2001, trước biến cố 11.9.2001 có một ngày. Vì thế Giận đã trở thành quyển sách bán chạy nhất Hoa Kỳ - 50.000 bản mỗi tuần - trong vòng 9 thá\r\nTại Hàn Quốc, quyển sách này đã bán được 1 triệu bản trong vòng 11 tháng. Rất nhiều độc giả nhờ đọc sách này mà đã điều phục được tâm mình, sử dụng ái ngữ lắng nghe để hoà giải với người thân, đem lại hạnh phúc trong gia đình và trong cộng đồng của họ.\r\n\r\nVề Tác giả:\r\nThích Nhất Hạnh (tên khai sinh Nguyễn Xuân Bảo, sinh ngày 11 tháng 10 năm 1926) là một thiền sư, giảng viên, nhà văn, nhà thơ, nhà khảo cứu, nhà hoạt động xã hội, và người vận động cho hòa bình người Việt Nam.Ông sinh ra ở Thừa Thiên-Huế, miền Trung Việt Nam, xuất gia theo Thiền tông vào năm 16 tuổi, trở thành một nhà sư vào năm 1949. Ông là ngư', 24, 453, '36', 4, 11, 'Giận (Tái Bản 2020).webp', ''),
(82, 'Thiền Sư Và Em Bé 5 Tuổi', 300000, 60, 'Nam Cao', 2021, 600, 'Trong lòng chúng ta ai cũng có một em bé đang đau khổ. Ai cũng có một thời gian khó khăn khi còn thơ ấu và nhiều người đã trải qua những chấn động tâm lý, những tổn thương lớn mà vết thương còn lưu lại đến bây giờ. Để tự bảo vệ và phòng hộ trước những khổ đau trong tương lai, chúng ta thường cố quên đi thời gian đau lòng đó. Mỗi khi tiếp xúc với những kinh nghiệm khổ đau ấy, chúng ta nghĩ rằng chúng ta sẽ không chịu đựng nổi, sẽ không có khả năng xử lý nên chúng ta nén chặt những cảm xúc và ký ức của mình vào đáy sâu vô thức. Đó có thể là do đã từ lâu chúng ta không đủ can đảm để đối diện với em bé đó.\r\n\r\nCho dù chúng ta bỏ mặc em bé nhưng không có nghĩa là em bé không có ở đó. Cái em bé tổn thương luôn có mặt trong ta và đang cố gắng lôi kéo sự chú ý của ta. Chúng ta muốn chấm dứt những nỗi đau khổ của mình bằng cách nhốt em bé vào một nơi sâu kín trong lòng và cho nó ở đó càng lâu càng tốt. Tuy nhiên trốn tránh không thể chấm dứt được nỗi đau khổ, trái lại chỉ kéo dài nó lâu hơn mà t', 239, 543, 'Tiếng Việt', 3, 11, 'Thiền Sư Và Em Bé 5 Tuổi.webp', 'Thiền Sư Và Em Bé 5 Tuổi1.webp'),
(83, 'Muôn Kiếp Nhân Sinh (Bìa Cứng)', 230000, 25, 'Văn học', 2020, 450, 'MUÔN KIẾP NHÂN SINH - MANY LIVES, MANY TIMES\r\n\r\nGiáo sư John Vũ – Nguyên Phong và những câu chuyện chưa từng có về tiền kiếp, khám phá luật Nhân quả, Luân hồi.\r\n\r\n“Muôn kiếp nhân sinh” là tác phẩm do Giáo sư John Vũ - Nguyên Phong viết từ năm 2017 và hoàn tất đầu năm 2020 ghi lại những câu chuyện, trải nghiệm tiền kiếp kỳ lạ từ nhiều kiếp sống của người bạn tâm giao lâu năm, ông Thomas – một nhà kinh doanh tài chính nổi tiếng ở New York. Những câu chuyện chưa từng tiết lộ này sẽ giúp mọi người trên thế giới chiêm nghiệm, khám phá các quy luật về luật Nhân quả và Luân hồi của vũ trụ giữa lúc trái đất đang gặp nhiều tai ương, biến động, khủng hoảng từng ngày.\r\n\r\n“Muôn kiếp nhân sinh” là một bức tranh lớn với vô vàn mảnh ghép cuộc đời, là một cuốn phim đồ sộ, sống động về những kiếp sống huyền bí, trải dài từ nền văn minh Atlantis hùng mạnh đến vương quốc Ai Cập cổ đại của các Pharaoh quyền uy, đến Hợp Chủng Quốc Hoa Kỳ ngày nay.\r\n\r\n“Muôn kiếp nhân sinh” cung cấp cho bạn đọc kiến thức mới', 20, 235, 'Tiếng Việt', 4, 11, 'Muôn Kiếp Nhân Sinh (Bìa Cứng).webp', 'Muôn Kiếp Nhân Sinh (Bìa Cứng)1.webp'),
(84, 'Từng Bước Nở Hoa Sen', 264000, 27, 'Nam Cao', 2019, 450, 'Từng Bước Nở Hoa Sen\r\n\r\nKhông nhơ cũng không sạch\r\n\r\nKhông bớt cũng không thêm\r\n\r\nTrí tuệ Ba La Mật\r\n\r\nKhông có pháp nào trên\r\n\r\nSống là chuyển hóa không ngừng, tất cả mọi vật nương vào nhau để tồn tại. Thân tâm an trú trong chánh niệm thì khi đốt một lò trầm, tâm ta cũng thanh tịnh. Chấp nhận cuộc đời là chấp nhận cả sinh lẫn diệt, cả còn lẫn mất, cả vui lẫn buồn. Vì có sự sống là có chết chóc… có sum họp thì có chia lìa, có được thì sẽ mất đi…\r\n\r\nĐức Phật dạy rằng: \"Cứu chữa cho tâm quan trọng hơn là cho thân, vì đó là nguyên nhân gây ra bao điều tội lỗi. Người có tâm từ bi rộng lớn và hành vi thiện lành, tâm sẽ ít bị vẩn đục bởi phiền não tham, sân, si chi phối. Nếu chúng ta mỗi ngày tỉnh giác từng ý nghĩ, lời nói và hành động của mình, thì ta sẽ biết cách làm chủ bản thân để ngày càng hoàn thiện chính mình hơn về mọi mặt.\"\r\n\r\nTừng bước nở hoa sen của Thiền sư Thích Nhất Hạnh là một trong những quyển sách \"dạy\" ta cách sống an nhiên như thế. Bốn mươi bảy bài kệ trong sách cũng là bố', 210, 421, 'Tiếng Việt', 4, 11, 'Từng Bước Nở Hoa Sen.webp', 'Từng Bước Nở Hoa Sen1.webp'),
(85, 'Hành Trình Của Linh Hồn (Tái Bản 2020)', 112000, 50, 'Đông Á', 2021, 342, 'Bạn có sợ chết không? Bạn có tự hỏi điều gì sẽ xảy ra sau khi bạn chết không? Có thể nào bạn có một linh hồn đến từ đâu đó và sẽ trở về đó sau khi thân xác bạn chết đi, hay đó chỉ là một điều ước ao vì bạn quá sợ hãi?\r\n\r\nCó một nghịch lý rằng con người, duy nhất trong mọi tạo vật trên Trái đất, phải kìm nén nỗi sợ cái chết để sống bình thường. Nhưng bản năng sinh học của chúng ta không bao giờ cho ta quên nỗi nguy hiểm tối cao này của sự tồn tại của chúng ta. Khi chúng ta già đi, bóng ma của cái chết cũng lớn dần lên trong tâm trí chúng ta. Thậm chí cả những người theo tôn giáo cũng sợ cái chết là sự kết thúc của mỗi cá nhân. Nỗi sợ lớn nhất đối với cái chết đem đến những suy nghĩ về sự vô nghĩa của cái chết, điều kết thúc mọi mối liên hệ với gia đình và bạn bè. Cái chết làm cho mọi mục đích thực tiễn của chúng ta trở nên phù phiếm.\r\n\r\nNếu cái chết là sự kết thúc mọi điều của chúng ta thì cuộc sống quả thật thực là vô nghĩa. Tuy nhiên, một sức mạnh nào đó trong chúng ta cho phép con ng', 111, 221, 'Tiếng Việt', 4, 11, 'Hành Trình Của Linh Hồn (Tái Bản 2020).webp', 'Hành Trình Của Linh Hồn (Tái Bản 2020)1.webp'),
(86, 'Osho - Từ Bi', 65000, 87, 'Đông Á', 2019, 320, 'Từ bi là một thứ tình thương mát lành, là sự chia sẻ niềm vui của bản thân đến với vạn vật. Từ bi giúp ta trở thành đóa hoa sen, vượt lên vũng bùn của thế giới ham muốn, dục vọng và sự giận dữ.\r\n\r\nDẫn dắt người đọc qua câu chuyện về cuộc đời Đức Phật, Chúa Jesus và những hiểu biết về Thiền đạo, Osho đặt ra thách thức cho các giả định về từ bi là gì và gạt bỏ những sai lầm, định kiến, khám phá ý nghĩa thực sự ẩn sau đó.\r\n\r\n“Từ bi không phải là cái mà chúng ta vẫn gọi là tình yêu. Nó mang yếu tố cốt lõi của tình yêu nhưng lại không phải là tình yêu như chúng ta vẫn biết”, Osho viết.\r\n\r\nTheo Osho, lòng từ bi đích thực không chỉ đến từ hiểu biết và tôn trọng người đối diện, mà phải bắt đầu từ bên trong - chúng ta cần thực sự chấp nhận và yêu thương bản thân mình một cách sâu sắc. Chỉ như vậy, lòng từ bi mới giúp ta chấp nhận người khác một cách vô điều kiện, giúp chúng ta nhìn nhận chân giá trị của mỗi con người. Khi đó, từ bi giúp ta kết nối được cái sâu lắng nhất bên trong người đối diện', 25, 318, 'Tiếng Việt', 4, 11, 'Osho - Từ Bi.webp', 'Osho - Từ Bi1.webp'),
(88, 'Sống Đời Bình An', 124000, 31, ' Đông Á', 2021, 244, 'Sau sự thành công và được bạn đọc đón nhận, ủng hộ của tác phẩm Thả trôi phiền muộn, tháng 12 này, tác phẩm thứ hai của tác giả - Sư cô Suối Thông sẽ được phát hành với hy vọng tiếp tục gieo những hạt mầm tốt đẹp vào thế giới rộng lớn này.\r\n\r\nMặc dù tác phẩm thứ hai này phong phú hơn về chủ đề và thể loại, song tác giả vẫn ưu tiên các bài viết có tính chất tu dưỡng, nâng cao phẩm chất cá nhân, quay về nhìn lại và làm mới chính mình, từ trong suy nghĩ, lời nói đến hành động. Vì tác giả quan niệm: Muôn sự vạn việc đều bắt nguồn từ mỗi cá nhân. Khi mình đủ vững vàng thì năng lượng tích cực sẽ lan tỏa đến những người và việc xung quanh, làm cho mọi điều tốt đẹp hơn lên. Đó cũng chính là tầng ý nghĩa để đặt tên cho cuốn sách thứ hai này: Sống đời bình an.\r\n\r\nHy vọng khi lần giở từng trang sách của Sống đời bình an, bạn đọc sẽ nhìn thấy hình bóng của mình, như một người bạn đồng cảm qua mỗi bài viết, mỗi câu chuyện. Để khi gấp cuốn sách lại, bạn sẽ có thêm ít nhiều năng lượng cho hành trình ', 23, 523, 'Tiếng Việt', 5, 11, 'Sống Đời Bình An.webp', ''),
(89, 'Đường Mây Trên Đất Hoa', 126000, 37, 'Đông Á', 2008, 245, 'Cuộc đời tu tập và hành đạo kéo dài suốt một trăm hai mươi năm của Hòa thượng Hư Vân không chỉ là tấm bản đồ chỉ dẫn cho những người muốn tu tập, mà còn là một bức tranh sống động mô tả rõ tình trạng của Phật giáo tại Trung Hoa cuối thế kỉ thứ mười chín. Ngoài giá trị về Phật học, nó còn mang giá trị rất lớn về mặt sử liệu, vì Hòa thượng Hư Vân ra đời vào lúc các nước đế quốc đang xâu xé Trung Hoa (1840) và ngài qua đời vào năm 1959, sau khi nước Cộng hòa Nhân dân Trung Hoa ra đời (1949). Ngài đã chứng kiến năm triều đại nhà Mãn Thanh, Chiến tranh Nha phiến (1839-1842 và 1857-1860), Hòa ước Nam Kinh, Chiến tranh Thanh- Nhật (1894-1895), cuộc nổi dậy Thái Bình Thiên Quốc và Nghĩa Hòa Đoàn (1899-1901), Cách mạng Tân Hợi (1911) và Chiến tranh Trung – Nhật (1937-1945). Ngài đã trải qua những nội ưu ngoại hoạn của thời thành lập Trung Hoa Dân Quốc, cuộc chiến tranh Nam – Bắc và Ngũ Tứ vận động. Ngài đã chia sẻ những hổ đau kinh hoàng của dân chúng trong trận Thế chiến thứ nhất và thứ hai, c', 74, 321, 'Tiếng Việt', 4, 11, 'Đường Mây Trên Đất Hoa.webp', 'Đường Mây Trên Đất Hoa1.webp'),
(90, 'Payback Time - Ngày Đòi Nợ', 260000, 29, 'Đông Á', 2011, 240, '\"Trong chứng khoán và thị trường tài chính, dám tham gia đầu tư cũng là một thành công tâm lý ban đầu. Dù vậy, 95% nhà đầu tư Việt Nam thuộc nhóm nhà đầu tư nhỏ lẻ với vốn kiến thức tài chính vô cùng hạn chế. Họ tham gia vào thị trường chứng khoán với 100% ý chí và sự quyết tâm chiến thắng thị trường, nhưng thật không may mắn kết cục cuối cùng của họ luôn là sự thất bại và mất tiền.\r\n\r\nBởi vì, chúng ta thường dễ dàng nghe theo các “lời khuyên miễn phí” đến từ bạn bè, những người môi giới, những người nghe ngóng thông tin từ các “đội lái” làm giá và thao túng chứng khoán. Chúng ta không biết làm thế nào để phân biệt hai khái niệm “giá cả – pricing” và “giá trị – value”. Hay mua mua, bán bán liên tục hàng ngày với việc dán mắt vào bảng điện tử, phân tích biểu đồ, đường trung bình giá… và mong đợi một vận may cổ phiếu cùng giá của nó sẽ đi theo suy đoán của mình?\r\n\r\n\r\n\r\nRất nhiều “nhà đầu tư” không hề có một hệ thống đầu tư chuẩn mực nào cả. Không biết cách và những tiêu chí để tìm kiếm c', 184, 879, 'Tiếng Việt', 4, 3, 'Payback Time - Ngày Đòi Nợ.webp', 'Payback Time - Ngày Đòi Nợ1.webp'),
(91, 'Nhà Đầu Tư Thông Minh (Tái Bản 2020)', 132000, 32, 'Đông Á', 2019, 340, 'Tác Phẩm Kinh Điển Về Tư Vấn Đầu Tư\r\n\r\nLà nhà tư vấn đầu tư vĩ đại nhất của thế kỷ 20, Benjamin Graham đã giảng dạy và truyền cảm hứng cho nhiều người trên khắp thế giới. Triết lý “đầu tư theo giá trị“ của Graham, bảo vệ nhà đầu tư khỏi những sai lầm lớn và dạy anh ta phát triển các chiến lược dài hạn, đã khiến Nhà đầu tư thông minh trở thành cẩm nang của thị trường chứng khoán kể từ lần xuất bản đầu tiên vào năm 1949.\r\n\r\nTrải qua năm tháng, diễn biến thị trường đã chứng minh tính sáng suốt trong các chiến lược của Graham. Trong khi vẫn giữ lại toàn vẹn văn bản ban đầu của Graham, ấn phẩm tái bản này bổ sung thêm bình luận cập nhật của ký giả chuyên về tài chính nổi tiếng Jason Zweig. Cái nhìn của Zweig bao quát hiện thực của thị trường ngày nay, vạch ra sự tương tự giữa những ví dụ của Graham và các tít báo về tài chính hiện nay, giúp bạn đọc có sự hiểu biết kỹ lưỡng hơn về cách thức áp dụng các nguyên tắc của Graham.\r\n\r\nSống động và cần thiết, Nhà đầu tư thông minh là cuốn sách quan ', 26, 67, 'Tiếng Việt', 3, 3, 'Nhà Đầu Tư Thông Minh (Tái Bản 2020).webp', ''),
(92, 'Tâm Lý Học Về Tiền', 300000, 30, 'Đông Á', 2019, 222, 'Tiền bạc có ở khắp mọi nơi, nó ảnh hưởng đến tất cả chúng ta, và khiến phần lớn chúng ta bối rối. Mọi người nghĩ về nó theo những cách hơi khác nhau một chút. Nó mang lại những bài học có thể được áp dụng tới rất nhiều lĩnh vực trong cuộc sống, như rủi ro, sự tự tin, và hạnh phúc. Rất ít chủ đề cung cấp một lăng kính phóng to đầy quyền lực giúp giải thích vì sao mọi người lại hành xử theo cách họ làm hơn là về tiền bạc. Đó mới là một trong những chương trình hoành tráng nhất trên thế giới.\r\n\r\nChúng ta hiếm khi lâm vào hoàn cảnh nợ ngập đầu ư? Biết tiết kiệm để dành cho lúc khốn khó hơn ư? Chuẩn bị sẵn sàng cho việc nghỉ hưu? Có những cái nhìn thiết thực về mối quan hệ giữa tiền và hạnh phúc của chúng ta hơn phải không?\r\n\r\nChúng ta đều làm những điều điên rồ với tiền bạc, bởi vì chúng ta đều còn khá mới mẻ với trò chơi này và điều có vẻ điên rồ với bạn lại có khi hợp lý với tôi. Nhưng không ai là điên rồ cả – chúng ta đều đưa ra các quyết định dựa trên những trải nghiệm độc đáo riêng có', 35, 553, 'Tiếng Việt', 4, 3, 'Tâm Lý Học Về Tiền.webp', 'Tâm Lý Học Về Tiền1.webp'),
(93, 'Think And Grow Rich - 13 Nguyên Tắc Nghĩ Giàu, Làm Giàu (Tái Bản)', 222000, 67, 'Nhi Đồng', 2021, 325, 'Cuốn sách sẽ giúp bạn trở nên giàu có, làm giàu cho cuộc sống của bạn trên tất cả các phương diện của cuộc sống chứ không chỉ về tài chính và vật chất.\r\nThink and grow rich – 13 nguyên tắc nghĩ giàu, làm giàu là cuốn sách “chỉ dẫn” duy nhất chỉ ra những nguồn lực bạn phải có để thành công. Mỗi chương trong cuốn sách đều đề cập đến bí quyết kiếm tiền, từ việc có niềm tin, có mong muốn đến những kiến thức chuyên sâu, những ý tưởng, những kế hoạch, những cách đưa ra quyết định.\r\n“THINK AND GROW RICH\r\nMua nó…\r\nBạn có một cuốn sách.\r\nĐọc nó…\r\nBạn có một kế hoạch làm giàu\r\nLàm theo kế hoạch đó…\r\nBạn có cả thế giới!”\r\nTheo quy luật tự nhiên, bí quyết này sẽ buộc bạn phải trả giá, nhưng cái giá phải trả thấp hơn rất nhiều so với giá trị thực sự của nó. Nó không thể được định giá bởi những người không muốn tìm kiếm nó. Bí quyết này cũng không thể cho đi vì nó không thể mua được bằng tiền, bởi nó có hai phần và một phần vốn đã tồn tại trong những con người sẵn sàng đón nhận nó.\r\nThông tin tác gi', 26, 99, 'Tiếng Việt', 4, 3, 'Think And Grow Rich - 13 Nguyên Tắc Nghĩ Giàu, Làm Giàu (Tái Bản).webp', 'Think And Grow Rich - 13 Nguyên Tắc Nghĩ Giàu, Làm Giàu (Tái Bản)1.webp'),
(94, 'Đừng Làm Việc Chăm Chỉ Hãy Làm Việc Thông Minh', 245000, 45, 'Đông Á', 2019, 320, 'Đừng Làm Việc Chăm Chỉ Hãy Làm Việc Thông Minh\r\n\r\nMô tả: Thành công là học cách làm việc THÔNG MINH hơn chứ không phải CHĂM CHỈ hơn! Những người thành công thường chỉ tập trung thời gian của họ vào một vài ưu tiên và luôn nghĩ làm thế nào để mọi việc diễn ra suôn sẻ.\r\n\r\nMỗi người đều có 96 khối năng lượng mỗi ngày để làm những gì chúng ta muốn. Bạn luôn cần đảm bảo mình đang sử dụng mỗi khối năng lượng một cách khôn ngoan để đạt được tiến bộ nhanh nhất trên các mục tiêu quan trọng của bản thân. Đừng Làm Việc Chăm Chỉ Hãy Làm Việc Thông Minh để luôn duy trì nguồn năng lượng tích cực là cuốn sách Bizbooks xin trân trọng gửi đến quý độc giả.\r\n\r\nNhững kiến thức trong cuốn sách đưa ra những nghiên cứu về bộ não để giúp chúng ta quản trị trí não, cảm xúc và thói quen với những bước hành động hết sức giản đơn nhờ đó thiết lập những kế hoạch phù hợp với nhịp độ sinh học của bản thân. Ví dụ như:\r\n\r\nNếu bạn đợi đến phút cuối mới bắt đầu làm việc, thì việc đó sẽ chỉ mất một vài phút để hoàn thành', 60, 256, 'Tiếng Việt', 2, 3, 'Đừng Làm Việc Chăm Chỉ Hãy Làm Việc Thông Minh.webp', 'Đừng Làm Việc Chăm Chỉ Hãy Làm Việc Thông Minh1.webp'),
(95, 'Nghệ Thuật đầu tư Dhandho', 90000, 51, ' Đông Á', 2021, 345, 'Khi nhắc tới đầu tư giá trị, chúng ta không thể không nhắc đến người đàn ông lỗi lạc, người được ví như một “Warren Buffett đời thứ hai”, đó là Mohnish Pabrai.\r\n\r\nThuộc diện sinh sau đẻ muộn lại không được đào tạo bài bản về tài chính nhưng nhưng Mohnish Pabrai đã trở thành một nhà đầu tư vô cùng thành công. Ông được xếp vào hàng ngũ những nhà đầu tư giá trị nổi danh thế hệ mới cùng Phil Town, Guy Spier, Seth Klarman; những con người kế thừa một cách xuất sắc phương pháp đầu tư của các bậc “tiền bối” Benjamin Graham, Warren Buffett và Charlie Munger. Mohnish được biết tới bởi cách tiếp cận cực kì thành công trong dài hạn với thành tích đáng nể: đạt lãi kép tới 18.8%/năm suốt giai đoạn khó khăn của thị trường chứng khoán Hoa Kỳ từ 1999-2008 (thị trường chung chỉ mang lại mức lợi nhuận khoảng 1%) và biến 1 triệu đô la ban đầu của trong quỹ đầu tư của mình (năm 1999) tăng trưởng thành 400 triệu đô la ngày nay.\r\n\r\nLối tiếp cận truyền thống của hầu hết các nhà đầu tư trên thực tế luôn là “R', 250, 126, 'Tiếng Việt', 1, 3, 'Nghệ Thuật đầu tư Dhandho.webp', 'Nghệ Thuật đầu tư Dhandho1.webp'),
(96, 'Người Nam Châm (Tái Bản 2019)', 121000, 66, 'Đông Á', 2019, 250, 'Cuốn sách viết về cách hoạt động của Luật hấp dẫn trong cuộc sống của bạn, từ đó bạn có thể hiểu nhiều hơn về bản thân mình - thực ra bạn là ai và tại sao bạn lại ở đây. Cuốn sách này chính là chìa khóa của bạn. Nó có thể mở cánh cửa tới tương lai như bạn mong ước và đưa bạn tới con đường có nhiều niềm vui, sung túc và giàu có hơn. Khi đọc cuốn sách này, bạn sẽ thấy mình được truyền cảm hứng vì bạn nhận ra rằng bạn có thể tạo ra cuộc sống mà bạn khao khát, và bạn sẽ được trao quyền khi sử dụng những công cụ, những chiến lược và những khái niệm cơ bản được chuyển tải trong những trang sách này.\r\n\r\nGiá sản phẩm trên Tiki đã bao gồm thuế theo luật hiện hành. Bên cạnh đó, tuỳ vào loại sản phẩm, hình thức và địa chỉ giao hàng mà có thể phát sinh thêm chi phí khác như phí vận chuyển, phụ phí hàng cồng kềnh, thuế nhập khẩu (đối với đơn hàng giao từ nước ngoài có giá trị trên 1 triệu đồng).....', 60, 87, 'Tiếng Việt', 2, 3, 'Người Nam Châm (Tái Bản 2019).webp', ''),
(97, 'Người Giàu Có Nhất Thành Babylon (Tái Bản 2020)', 66000, 0, 'Đông Á', 2021, 355, 'Người giàu có nhất thành Babylon (tiếng Anh: The Richest Man in Babylon) được xem là một trong những tác phẩm truyền cảm hứng lớn nhất về chủ đề tiết kiệm, kế hoạch tài chính và sự giàu có cá nhân. Tác phẩm được viết bởi doanh nhân, nhà văn Mỹ George Samuel Clason vào năm 1926, kể về cách tiết kiệm, buôn bán và làm giàu của người dân ở thành Babylon cổ xưa.\r\n\r\nBan đầu đây chỉ là một tập sách nhỏ, viết về các cách quản lý tài chính và do các ngân hàng và công ty bảo hiểm phân phối. Sau khi được tổng hợp, biên tập thành một cuốn sách trọn vẹn, “Người giàu có nhất thành Babylon” bất ngờ trở nên phổ biến và nổi tiếng trên toàn thế giới bởi những lời khuyên về quản lý tài chính hết sức khôn ngoan.\r\n\r\nCuốn sách tập hợp nhiều câu chuyện cổ về các nhân vật vươn lên từ nghèo khổ để trở nên giàu có, được kính trọng bậc nhất thành Babylon. Có thể kể đến câu chuyện của “người giàu có nhất thành Babylon” Arkad – một thợ khắc gỗ khi còn trẻ, hay người cho vay vàng Mathon, những người nô lệ như Dabas', 68, 55, 'Tiếng Việt', 4, 3, 'Người Giàu Có Nhất Thành Babylon (Tái Bản 2020).webp', ''),
(98, 'Từ Tốt Đến Vĩ Đại (Tái bản 2021)', 254000, 16, 'Long Nguyễn', 2021, 265, 'Jim Collins cùng nhóm nghiên cứu đã miệt mài nghiên cứu những công ty có bước nhảy vọt và bền vững để rút ra những kết luận sát sườn, những yếu tố cần kíp để đưa công ty từ tốt đến vĩ đại. Đó là những yếu tố khả năng lãnh đạo, con người, văn hóa, kỷ luật, công nghệ… Những yếu tố này được nhóm nghiên cứu xem xét tỉ mỉ và kiểm chứng cụ thể qua 11 công ty nhảy vọt lên vĩ đại. Mỗi kết luận của nhóm nghiên cứu đều hữu ích, vượt thời gian, ý nghĩa vô cùng to lớn đối với mọi lãnh đạo và quản lý ở mọi loại hình công ty (từ công ty có nền tảng và xuất phát tốt đến những công ty mới khởi nghiệp), và mọi lĩnh vực ngành nghề. Đây là cuốn sách nên đọc đối với bất kỳ lãnh đạo hay quản lý nào!\r\n\r\nGiá sản phẩm trên Tiki đã bao gồm thuế theo luật hiện hành. Bên cạnh đó, tuỳ vào loại sản phẩm, hình thức và địa chỉ giao hàng mà có thể phát sinh thêm chi phí khác như phí vận chuyển, phụ phí hàng cồng kềnh, thuế nhập khẩu (đối với đơn hàng giao từ nước ngoài có giá trị trên 1 triệu đồng).....', 74, 66, 'Tiếng Việt', 2, 3, 'Từ Tốt Đến Vĩ Đại (Tái bản 2021).webp', ''),
(99, 'Digital Marketing - Từ Chiến Lược Đến Thực Thi (Tái Bản 2020)', 380000, 24, 'Long Nguyễn', 2019, 165, 'Cuốn sách đầu tiên tại Việt Nam cung cấp hệ thống kiến thức bài bản nhất, cốt lõi nhất về Digital Marketing, bằng việc đi từ chiến lược tới triển khai, từ bao quát đến chi tiết, giúp quá trình lập và thực thi các chiến dịch Marketing của bạn hiệu quả hơn.\r\n\r\n20,000 cuốn sách “Digital Marketing - Từ chiến lược đến thực thi\" đã được bán ra liên tục trong suốt gần 3 năm kể từ ngày ra mắt! Có thể nói, Digital Marketing là một trong những cuốn sách best-seller và phổ biến nhất của RIO Book.\r\n\r\nĐây cũng là cuốn sách đầu tiên tại Việt Nam cung cấp hệ thống kiến thức bài bản nhất, cốt lõi nhất về Digital Marketing, bằng việc đi từ chiến lược tới triển khai, từ bao quát đến chi tiết, giúp quá trình lập và thực thi các chiến dịch Marketing của bạn hiệu quả hơn.\r\n\r\nCuốn sách có độ dài dài 5 chương và 1 phần bonus, khai thác thực tiễn thị trường Việt Nam kết hợp với các kiến thức chuẩn về Marketing của các học giả nổi tiếng như Philip Kotler, Al Ries, Jack Trout, vừa mang lại những góc nhìn toàn c', 25, 77, 'Tiếng Việt', 2, 3, 'Digital Marketing - Từ Chiến Lược Đến Thực Thi (Tái Bản 2020).webp', 'Digital Marketing - Từ Chiến Lược Đến Thực Thi (Tái Bản 2020)1.webp'),
(100, 'Nhà Lãnh Đạo Không Chức Danh', 356000, 40, ' Đông Á', 2008, 355, 'Suốt hơn 15 năm, Robin Sharma đã thầm lặng chia sẻ với những công ty trong danh sách Fortune 500 và nhiều người siêu giàu khác một công thức thành công đã giúp ông trở thành một trong những nhà cố vấn lãnh đạo được theo đuổi nhiều nhất thế giới. Đây là lần đầu tiên Sharma công bố công thức độc quyền này với bạn, để bạn có thể đạt được những gì tốt nhất, đồng thời giúp tổ chức của bạn có thể có những bước đột phá đến một cấp độ thành công mới trong thời đại thiên biến vạn hóa như hiện nay.\r\n\r\nTrong cuốn sách Nhà Lãnh Đạo Không Chức Danh, bạn sẽ học được:\r\n\r\nLàm thế nào để làm việc và tạo ảnh hưởng với mọi người như một siêu sao, bất chấp bạn đang ở vị trí nào.\r\n\r\nMột phương pháp để nhận biết và nắm bắt cơ hội vào những thời điểm thay đổi.\r\n\r\nNhững bí mật thật sự của sự đổi mới.\r\n\r\nMột chiến lược tức thời để xây dựng đội nhóm tuyệt vời và trở thành một nhà cung cấp ngoạn mục của khách hàng.\r\n\r\nNhững thủ thuật cứng rắn giúp trở nên mạnh mẽ cả về thể chất lẫn tinh thần để có thể đi đầu tro', 35, 88, 'Tiếng Việt', 5, 3, 'Nhà Lãnh Đạo Không Chức Danh.webp', ''),
(101, 'Đừng Bao Giờ Đi Ăn Một Mình (Tái Bản)', 246000, 47, 'Đông Á', 2011, 325, 'Đừng Bao Giờ Đi Ăn Một Mình (Tái Bản)\r\n\r\nBạn mong muốn đi tắt đón đầu?\r\n\r\nBạn muốn vững bước đến thành công?\r\n\r\nCông thức để làm được điều này, theo lời bậc thầy về kết nối là Keith Ferrazzi, chính là phải biết làm quen với mọi người. Ferrazzi đã khám phá từ khi còn trẻ rằng điểm khác biệt của những người thành công rực rỡ chính là cách họ vận dụng quyền năng của những mối quan hệ - để mọi người cùng thắng.\r\n\r\nTrong quyển sách Đừng bao giờ đi ăn một mình, Ferrazzi chỉ ra từng bước cách thức - và lý do - mà chính ông đã áp dụng để kết nối với hàng ngàn người là đồng nghiệp, bạn bè có tên trong số danh bạ, những người ông đã giúp đỡ và ngược lại cũng sẵn sàng giúp đỡ ông.\r\n\r\nFerrazzi sinh ra trong một gia đình có cha là công nhân nhà máy thép tỉnh lẻ và mẹ là lao công. Tuy vậy ông đã biết tận dụng khả năng kết nối xuất sắc của mình để dọn đường vào đến Yale, nhận bằng MBA tại Harvard, và giữ những chức vụ lãnh đạo quan trọng. Mặc dù chưa quá 40, Ferrazzi đã tạo được một mạng lưới trải dà', 60, 99, 'Tiếng Việt', 2, 3, 'Đừng Bao Giờ Đi Ăn Một Mình (Tái Bản).webp', 'Đừng Bao Giờ Đi Ăn Một Mình (Tái Bản)1.webp'),
(102, 'Tư Duy Phản Biện', 990000, 50, 'Nam Cao', 2021, 200, 'Tư duy phản biện là chìa khóa để bạn thoát khỏi những lối mòn trong suy nghĩ, giúp bạn giải quyết các vấn đề khó khăn một cách sáng tạo và hiệu quả hơn. Cuốn sách \"Tư duy phản biện\" được viết bởi chuyên gia đào tạo Zoe McKey sẽ giúp bạn khai phá được sức mạnh trí óc của mình. Tác phẩm chứa đựng những bí quyết và chiến lược của các cá nhân thành công nhất, giúp người đọc có thể:\r\n\r\n- Khám phá chiều sâu tư duy\r\n\r\n- Đánh thức trí sáng tạo\r\n\r\n- Nắm bắt được cơ hội\r\n\r\n- Không ngại mơ ước\r\n\r\n- Vượt qua sự lo lắng\r\n\r\n- Quản lí thời gian hiệu quả\r\n\r\nĐọc xong tác phẩm, trực giác của bạn sẽ được mài sắc một cách rõ rệt, nhờ vậy khả năng đánh giá và đưa ra quyết định cũng được cải thiện, giúp bạn tự tin hơn trong mọi hành động.\r\n\r\nNếu đủ động lực để thực hành các phương pháp trong “Tư duy phản biện”, bạn sẽ học được một lối tư duy có định hướng, tập trung, kỉ luật và tự chủ. Bạn sẽ biết cách phân tích các tình huống từ nhiều góc độ khác nhau, không vội vàng đưa ra những kết luận sai lầm và chủ qu', 33, 101, 'Tiếng Việt', 2, 3, 'Tư Duy Phản Biện.webp', 'Tư Duy Phản Biện1.webp'),
(103, '7 Phương Pháp Đầu Tư Warren Buffet', 255000, 23, 'Đông Á', 2020, 465, 'Warren Buffett là chuyên gia đầu tư và là một trong những doanh nhân giàu có, được kính trọng nhất thế giới. Với 12 năm học hỏi trực tiếp các chiến lược và thói quen đầu tư của Warren Buffett, Marry Buffett, cùng với Sean Sear, đã viết nên một cuốn sách hướng dẫn hoàn chỉnh dành cho những nhà đầu tư mới muốn học theo cách đầu tư thành công của Warren Buffett.\r\n\r\n7 Phương Pháp Đầu Tư Warren Buffet', 65, 75, 'Tiếng Việt', 2, 3, '7 Phương Pháp Đầu Tư Warren Buffet.webp', '7 Phương Pháp Đầu Tư Warren Buffet1.webp'),
(104, 'Hoàng Tử Bé (Tái Bản 2019)', 345000, 68, 'Long Nguyễn', 2021, 245, 'Hoàng tử bé được viết ở New York trong những ngày tác giả sống lưu vong và được xuất bản lần đầu tiên tại New York vào năm 1943, rồi đến năm 1946 mới được xuất bản tại Pháp. Không nghi ngờ gì, đây là tác phẩm nổi tiếng nhất, được đọc nhiều nhất và cũng được yêu mến nhất của Saint-Exupéry. Cuốn sách được bình chọn là tác phẩm hay nhất thế kỉ 20 ở Pháp, đồng thời cũng là cuốn sách Pháp được dịch và được đọc nhiều nhất trên thế giới. Với 250 ngôn ngữ dịch khác nhau kể cả phương ngữ cùng hơn 200 triệu bản in trên toàn thế giới, Hoàng tử bé được coi là một trong những tác phẩm bán chạy nhất của nhân loại.\r\n\r\nỞ Việt Nam, Hoàng tử bé được dịch và xuất bản khá sớm. Từ năm 1966 đã có đồng thời hai bản dịch: Hoàng tử bé của Bùi Giáng do An Tiêm xuất bản và Cậu hoàng con của Trần Thiện Đạo do Khai Trí xuất bản. Từ đó đến nay đã có thêm nhiều bản dịch Hoàng tử bé mới của các dịch giả khác nhau. Bản dịch Hoàng tử bé lần này, xuất bản nhân dịp kỷ niệm 70 năm Hoàng tử bé ra đời, cũng là ấn bản đầu ti', 36, 76, 'Tiếng Việt', 3, 4, 'Hoàng Tử Bé (Tái Bản 2019).webp', ''),
(105, 'Chuyện Con Mèo Dạy Hải Âu Bay (Tái Bản 2019)', 69000, 0, 'NXB Trẻ', 2019, 150, 'Cô hải âu Kengah bị nhấn chìm trong váng dầu – thứ chất thải nguy hiểm mà những con người xấu xa bí mật đổ ra đại dương. Với nỗ lực đầy tuyệt vọng, cô bay vào bến cảng Hamburg và rơi xuống ban công của con mèo mun, to đùng, mập ú Zorba. Trong phút cuối cuộc đời, cô sinh ra một quả trứng và con mèo mun hứa với cô sẽ thực hiện ba lời hứa chừng như không tưởng với loài mèo:\r\nKhông ăn quả trứng.\r\nChăm sóc cho tới khi nó nở.\r\nDạy cho con hải âu bay.\r\nLời hứa của một con mèo cũng là trách nhiệm của toàn bộ mèo trên bến cảng, bởi vậy bè bạn của Zorba bao gồm ngài mèo Đại Tá đầy uy tín, mèo Secretario nhanh nhảu, mèo Einstein uyên bác, mèo Bốn Biển đầy kinh nghiệm đã chung sức giúp nó hoàn thành trách nhiệm. Tuy nhiên, việc chăm sóc, dạy dỗ một con hải âu đâu phải chuyện đùa, sẽ có hàng trăm rắc rối nảy sinh và cần có những kế hoạch đầy linh hoạt được bàn bạc kỹ càng…\r\nChuyện con mèo dạy hải âu bay là kiệt tác dành cho thiếu nhi của nhà văn Chi Lê nổi tiếng Luis Sepúlveda – tác giả của cuốn Lã', 60, 79, 'Tiếng Việt', 4, 4, 'Chuyện Con Mèo Dạy Hải Âu Bay (Tái Bản 2019).webp', 'Chuyện Con Mèo Dạy Hải Âu Bay (Tái Bản 2019)1.webp'),
(106, 'Chú Bé Mang Pyjama Sọc (Tái Bản 2018)', 69000, 10, 'NXB Trẻ', 2008, 142, 'Rất khó miêu tả câu chuyện về Chú bé mang pyjama sọc này. Thường thì chúng tôi vẫn tiết lộ vài chi tiết về cuốn sách trên bìa, nhưng trong trường hợp này chúng tôi nghĩ làm như vậy sẽ làm hỏng cảm giác đọc của bạn. Chúng tôi nghĩ điều quan trọng là bạn nên đọc mà không biết trước nó kể về điều gì.Nếu bạn định bắt đầu đọc cuốn sách thật, bạn sẽ cùng được trải qua một hành trình với một cậu bé chín tuổi tên là Bruno (dù đây không hẳn là sách cho trẻ chín tuổi). Và chẳng sớm thì muộn bạn sẽ cùng Bruno đến một hàng rào. Những hàng rào như vậy vẫn tồn tại ở khắp nơi trên thế giới. Chúng tôi hy vọng không ai trong chúng ta phải vượt qua một hàng rào như vậy trong đời.\r\n\r\nGiá sản phẩm trên Tiki đã bao gồm thuế theo luật hiện hành. Bên cạnh đó, tuỳ vào loại sản phẩm, hình thức và địa chỉ giao hàng mà có thể phát sinh thêm chi phí khác như phí vận chuyển, phụ phí hàng cồng kềnh, thuế nhập khẩu (đối với đơn hàng giao từ nước ngoài có giá trị trên 1 triệu đồng).....', 100, 85, 'Tiếng Việt', 2, 4, 'Chú Bé Mang Pyjama Sọc (Tái Bản 2018).webp', 'Chú Bé Mang Pyjama Sọc (Tái Bản 2018)1.webp'),
(107, 'Siêu Nhí Hỏi Nhà Khoa Học Trả Lời', 98000, 16, 'NXB Trẻ', 2011, 325, '\r\nCuốn sách khoa học đáng yêu cho các bạn nhỏ này tập hợp 100 câu hỏi về cuộc sống hàng ngày từ các bạn học sinh trên khắp thế giới gửi đến nhà khoa học Robert Winston. Cuốn sách cho chúng ta thấy sự tò mò chung của trẻ em đối với thế giới xung quanh qua những câu hỏi những thu thập từ trẻ em ở Vương quốc Anh, các nước Châu u khác, Canada, Mỹ, Ấn Độ, Trung Quốc và Nhật Bản. Các câu hỏi xoay quanh những khía cạnh khác nhau của khoa học, bao trùm ở các chủ đề chính gồm cơ thể con người, vật lý, hóa học, không gian, khoa học tự nhiên và Trái Đất.\r\n“Tại sao bầu trời có màu xanh?”, “Tại sao các ngôi sao lấp lánh?’’, “Tại sao nước sủi bọt khi sôi?” hay “Tại sao chúng ta đổ mồ hôi khi vận động?” Trẻ con quan sát thế giới xung quanh và luôn luôn đặt câu hỏi về những băn khoăn của mình. Đây là điều mà người trưởng thành không dễ dàng làm được.\r\n100 câu hỏi là những quan sát thông minh và thú vị của các bạn nhỏ với sự tò mò và óc tưởng tượng phong phú của mình. Tất cả các câu hỏi đều được trả lờ', 16, 423, 'Tiếng Việt', 2, 4, 'Siêu Nhí Hỏi Nhà Khoa Học Trả Lời.webp', 'Siêu Nhí Hỏi Nhà Khoa Học Trả Lời1.webp'),
(108, 'Harry Potter Và Hòn Đá Phù Thủy - Tập 1 (Tái Bản 2017)', 165200, 65, 'NXB Trẻ', 2019, 325, 'Khi một lá thư được gởi đến cho cậu bé Harry Potter bình thường và bất hạnh, cậu khám phá ra một bí mật đã được che giấu suốt cả một thập kỉ. Cha mẹ cậu chính là phù thủy và cả hai đã bị lời nguyền của Chúa tể Hắc ám giết hại khi Harry mới chỉ là một đứa trẻ, và bằng cách nào đó, cậu đã giữ được mạng sống của mình. Thoát khỏi những người giám hộ Muggle không thể chịu đựng nổi để nhập học vào trường Hogwarts, một trường đào tạo phù thủy với những bóng ma và phép thuật, Harry tình cờ dấn thân vào một cuộc phiêu lưu đầy gai góc khi cậu phát hiện ra một con chó ba đầu đang canh giữ một căn phòng trên tầng ba. Rồi Harry nghe nói đến một viên đá bị mất tích sở hữu những sức mạnh lạ kì, rất quí giá, vô cùng nguy hiểm, mà cũng có thể là mang cả hai đặc điểm trên.\r\n\r\nGiá sản phẩm trên Tiki đã bao gồm thuế theo luật hiện hành. Bên cạnh đó, tuỳ vào loại sản phẩm, hình thức và địa chỉ giao hàng mà có thể phát sinh thêm chi phí khác như phí vận chuyển, phụ phí hàng cồng kềnh, thuế nhập khẩu (đối vớ', 36, 368, 'Tiếng Việt', 4, 4, 'Harry Potter Và Hòn Đá Phù Thủy - Tập 1 (Tái Bản 2017).webp', ''),
(110, 'Harry Potter Và Phòng Chứa Bí Mật - Tập 2 (Tái Bản 2017)', 84600, 15, 'Long Nguyễn', 2014, 256, 'Harry khổ sở mong ngóng cho kì nghỉ hè kinh khủng với gia đình Dursley kết thúc. Nhưng một con gia tinh bé nhỏ tội nghiệp đã cảnh báo cho Harry biết về mối nguy hiểm chết người đang chờ cậu ở trường Hogwarts.\r\n\r\nTrở lại trường học, Harry nghe một tin đồn đang lan truyền về phòng chứa bí mật, nơi cất giữ những bí ẩn đáng sợ dành cho giới phù thủy có nguồn gốc Muggle. Có kẻ nào đó đang phù phép làm tê liệt mọi người, khiến họ gần như đã chết, và một lời cảnh báo kinh hoàng được tìm thấy trên bức tường. Mối nghi ngờ hàng đầu – và luôn luôn sai lầm – là Harry. Nhưng một việc còn đen tối hơn thế đã được hé mở.\r\n\r\nGiá sản phẩm trên Tiki đã bao gồm thuế theo luật hiện hành. Bên cạnh đó, tuỳ vào loại sản phẩm, hình thức và địa chỉ giao hàng mà có thể phát sinh thêm chi phí ', 35, 45, 'Tiếng Việt', 2, 5, 'Harry Potter Và Phòng Chứa Bí Mật - Tập 2 (Tái Bản 2017).webp', ''),
(111, 'Dế Mèn Phiêu Lưu Ký', 65200, 11, 'Nhi Đồng', 2008, 426, 'Trong hơn nửa thế kỉ kể từ ngày ra mắt bạn đọc lần đầu tiên năm 1941, \"Dế Mèn phiêu lưu kí\" là một trong những sáng tác tâm đắc nhất của nhà văn Tô Hoài. \r\n\r\nTác phẩm đã được tái bản nhiều lần và được dịch ra hơn 20 thứ tiếng trên thế giới và luôn được các thế hệ độc giả nhỏ tuổi đón nhận. \r\n\r\nTác phẩm đã được xuất bản với nhiều hình thức khác nhau. \r\n\r\nTrong đó cuốn \"Dế Mèn phiêu lưu kí\" gồm 148 trang, trên khổ giấy 18x25 cm với nhiều minh hoạ sinh động của hoạ sĩ Tạ Huy Long - một hoạ sĩ chuyên vẽ cho sách thiếu nhi. \r\n\r\nBằng cách sử dụng màu nước điêu luyện, hoạ sĩ Tạ Huy Long đã làm sống động thêm tác phẩm bất hủ của nhà văn Tô Hoài. \r\n\r\nCuốn sách là món quà đẹp cả về hình thức lẫn nội dung, là món quà ý nghĩa và bổ ích mà các bậc phụ huynh tặng cho con em của mình.\r\n\r\nGiá sản phẩm trên Tiki đã bao gồm thuế theo luật hiện hành. Bên cạnh đó, tuỳ vào loại sản phẩm, hình thức và địa chỉ giao hàng mà có thể phát sinh thêm chi phí khác như phí vận chuyển, phụ phí hàng cồng kềnh, thuế nh', 85, 85, 'Tiếng Việt', 3, 4, 'Dế Mèn Phiêu Lưu Ký.webp', ''),
(112, 'Bộ Truyện Tranh Gieo Hạt Cùng Vĩ Nhân (Tập 11-20)', 255500, 86, 'Văn học', 2020, 256, '[GIEO HẠT CÙNG VĨ NHÂN] là những tập truyện nằm trong dự án của Cộng Đồng Sống Tử Tế. Với mong muốn qua từng câu chuyện mà tác giả gửi gắm đến cho các bạn nhỏ để rồi những nhân cách đạo đức ngấm sâu vào trong từng nếp nghĩ, lời nói và hành vi của trẻ. Để rồi 20 năm sau, xã hội sẽ thay đổi hoàn toàn bởi những thế hệ đó.\r\n\r\nTiếp theo bộ 1 (Tập 1-10), nội dung bộ 2 (Tập 11-20) đề cập đến chủ đề chính như sau:\r\n\r\nCậu bé chín tuổi và định lý pythagoras\r\nThế nào là người ham học\r\nVấn đề nào cũng có giải pháp\r\nNgười hiểu biết càng nhiều thì cái tôi càng nhỏ\r\nMỗi tập truyện GHCVN gồm có 2 phần:\r\n\r\nPhần 1: Tích truyện vĩ nhân\r\n\r\n– Nội dung phong phú và lôi cuốn kể về các đóng góp to lớn của các Vĩ Nhân trong và ngoài nước\r\n\r\n– Đặc biệt được phân tích sâu sắc Nguyên nhân – Kết quả để con biết rõ điều gì dẫn đến thành công của Vĩ Nhân đó.\r\n\r\n– Phần này giúp nuôi dưỡng hoài bão ước mơ, con hình thành nhân cách đúng đắn từ đó xác định lý tưởng sống cao đẹp biết giúp người giúp đời.\r\n\r\nTrẻ sẽ sớm bi', 84, 995, 'Tiếng Việt', 4, 4, 'Bộ Truyện Tranh Gieo Hạt Cùng Vĩ Nhân (Tập 11-20).webp', 'Bộ Truyện Tranh Gieo Hạt Cùng Vĩ Nhân (Tập 11-20)1.webp'),
(115, 'Băng Đảng Nửa Đêm', 68500, 21, 'Nam Cao', 2021, 260, 'Tác phẩm hài hước siêu hấp dẫn mới nhất của nhà văn thiếu nhi Anh ăn khách David Walliams.\r\n\r\nMột cuốn sách phiêu lưu kỳ thú mang đậm phong cách David Walliams vốn đã được độc giả Việt Nam yêu thích qua Bà nội Gangster, Ông nội đào tẩu, Nha sĩ yêu quái, Bố tốt bố xấ\r\n\r\nNội dung tóm tắt:\r\nTrong một trận thi đấu ở trường, Tom bị quả bóng cricket va vào đầu mạnh đến nỗi bất tỉnh. Khi tỉnh lại, cậu thấy mình đang ở trong bệnh viện Công tước Funt, và trước mặt cậu là một ông đẩy xe có diện mạo kỳ quái đáng sợ. Mọi chuyện dần trở nên tồi tệ hơn khi Tom phải chịu sự quản lý của y tá trưởng phụ trách phòng bệnh nhi - một người cực kì thích hành hạ trẻ con. Nhưng tất cả những điều đó không ngăn được cậu cùng với những người bạn cùng phòng bệnh của mình tham gia vào những chuyến phiêu lưu kỳ thú nhất đời người. Cùng nhau họ tạo nên Băng đảng Nửa đêm, với sứ mệnh mỗi đêm lại biến một ước mơ tưởng chừng hoang đường của một cô bé hay cậu bé trong phòng bệnh thành hiện thực.\r\n\r\nVề tác giả:\r\nDavid Wa', 191, 568, 'Tiếng Việt', 3, 8, 'Băng Đảng Nửa Đêm.webp', ''),
(116, 'Thân Gửi Sở Thú', 55000, 0, 'Văn học', 2019, 255, 'Thân gửi Sở thú là một trong những cuốn sách tranh kinh điển của thế giới, đã tròn 25 năm tuổi và vẫn luôn là một cuốn sách yêu thích của nhiều thế hệ độc giả nhí. Cuốn sách đặc biệt dành riêng cho trẻ từ 0-3 tuổi, với các mẫu câu và từ vựng đơn giản, sử dụng cấu trúc lặp. Điểm đặc biệt thú vị ở Thân gửi Sở thú là những miếng lật đem lại những bất ngờ thú vị cho các bé. Cuốn sách không chỉ giúp tăng cường vốn từ vựng thông qua việc đọc, mà còn thông qua các hoạt động chạm và cảm nhận.\r\nSách được làm đúng chuẩn nước ngoài, bìa cứng, bế tròn, miếng dán lật êm khít, màu tươi, không độc.\r\n\r\nGiá sản phẩm trên Tiki đã bao gồm thuế theo luật hiện hành. Bên cạnh đó, tuỳ vào loại sản phẩm, hình thức và địa chỉ giao hàng mà có thể phát sinh thêm chi phí khác như phí vận chuyển, phụ phí hàng cồng kềnh, thuế nhập khẩu (đối với đơn hàng giao từ nước ngoài có giá trị trên 1 triệu đồng).....', 60, 2245, 'Tiếng Việt', 3, 4, 'Thân Gửi Sở Thú.webp', ''),
(120, 'Toán Học, Một Thiên Tiểu Thuyết', 152000, 25, 'Văn học', 2020, 350, 'Hầu hết mọi người đều thích toán, tiếc là họ không biết điều này!\r\n\r\nBởi ai mà chẳng thấy hấp dẫn với những mẩu chuyện kỳ thú về toán: như “giáo phái” toán học kỳ lạ của Pythagoras thời cổ đại hay những cuộc thăm dò hệ mặt trời bằng công cụ toán học đầy kịch tính thời cận đại, hoặc gần đây hơn là sự kiện máy tính AlphaGo giành chiến thắng trước kỳ thủ cờ vây số một thế giới Lee Sedol bằng những nước đi “thần thánh” sử dụng lý thuyết xác suất.\r\n\r\nToán học khai sinh vì lý do hữu dụng, hẳn nhiên. Vào thời tiền sử, người ta nghĩ ra những con số để đếm đàn gia súc, dùng hình học để đo ruộng đất, làm đường sá. Loài home sapiens chúng ta không ngừng tò mò muốn khám phá thế giới tự nhiên xung quanh, nên suốt mấy ngàn năm qua toán học đã tiến lên phía trước với những bước khổng lồ và ngày càng trừu tượng.\r\n\r\nMickaël Launaykhông chỉ cho người đọc thấy cái đẹp, chất thơ của toán học mà còn xác quyết một điều khác, rằng mọi người đều có thể yêu thích toán học và đều có thể cảm nhận được vẻ đẹp tự ', 258, 80, 'Tiếng Việt', 4, 5, 'Toán Học, Một Thiên Tiểu Thuyết.webp', ''),
(121, 'Sổ tay Arduino', 68500, 28, 'Nam Cao', 2008, 152, 'Sổ tay Arduino là sản phẩm của một nhóm các bạn trẻ theo đuổi lĩnh vực Khoa học máy tính và có nhiều kinh nghiệm học tập, làm việc và các giải thưởng về Arduino. Đây là tài liệu về Arduino đầu tiên tại Việt Nam được biên soạn theo hướng xây dựng hệ thống kiến thức về Điện tử, Khoa học máy tính và Tư duy thiết kế dành cho các bạn học sinh muốn tự tìm hiểu về Arduino cũng như là công cụ dùng trong giảng dạy cho giáo viên và cả mục đích tra cứu của những bạn đã có kinh nghiệm.\r\n\r\n', 36, 88, 'Tiếng Việt', 4, 5, 'Sổ tay Arduino.webp', 'Sổ tay Arduino1.webp'),
(122, 'Code Dạo Kí Sự - Lập Trình Viên Đâu Phải Chỉ Biết Code', 230000, 12, 'Đông Á', 2021, 300, 'Nếu các bạn có đọc các blog về lập trình ở Việt Nam thì có lẽ cái tên Tôi đi code dạo không có gì quá xa lạ đối với các bạn.\r\n\r\nVề tác giả của blog Tôi đi code dạo, anh tên thật là Phạm Huy Hoàng, một Developer Full Stack, cựu sinh viên trường FPT University, hiện tại anh đang học Thạc sĩ Computer Science tại Đại học Lancaster ở Anh (học bổng $18000). Trước khi qua Xứ Sở Sương Mù, anh đã từng làm việc tại FPT Software và ASWIG Solutions.\r\n\r\nVới mong muốn chia sẻ kinh nghiệm học lập trình và các kỹ năng mà anh đã trải qua trong suốt quá trình học và làm việc với tư cách là người đi trước cũng như là một Developer Full Stack, nên anh đã quyết định xuất bản sách “Code dạo ký sự – lập trình viên đâu phải chỉ biết code”.\r\n\r\nHiện tại, trên thị trường sách Việt Nam với chủ đề về IT nói chung và lập trình viên nói riêng đều rất khan hiếm, chủ yếu là dịch lại từ tác giả nước ngoài. Chúng ta đã quá mải mê vào những đầu sách dạng “Những cách làm giàu hay đại loại vậy” đã khiến chúng ta ảo tưởng p', 450, 98, 'Tiếng Việt', 2, 5, 'Code Dạo Kí Sự - Lập Trình Viên Đâu Phải Chỉ Biết Code.webp', '7 Phương Pháp Đầu Tư Warren Buffet1.webp');
INSERT INTO `sach` (`s_id`, `s_ten`, `s_gia`, `s_giamgia`, `nxb`, `namxuatban`, `sotrang`, `mota`, `soluong`, `luotmua`, `ngonngu`, `tg_id`, `tl_id`, `anh`, `anh1`) VALUES
(123, 'Những Nhà Khám Phá - Lịch Sử Tri Kiến Vạn Vật Và Con Người', 126000, 85, 'NXB Trẻ', 2008, 1260, 'Được coi như cuốn sách lớn nhất của một trong những sử gia lớn nhất thời hiện đại, Những nhà khám phá là một tập khảo luận đồ sộ và bao quát về cách thức nhân loại đã khám phá thế giới, dù còn dang dở (bởi như Einstein đã từng nói, “Cái bí ẩn vĩnh hằng của thế giới là tính khả tri”). Boorstin chứng tỏ mình là một nghệ sĩ bậc thầy khi kết hợp những mảnh tư liệu lớn trong kho tàng lịch sử tri thức thành những cấu trúc trật tự và lô gích, theo một mạch văn sống động, hé mở sự vận động tiệm tiến của tri thức qua truyện kể về những cá nhân kiệt xuất đã từng vạch lối mở đường, bằng niềm tin, sự cẩn trọng cùng ý chí và quyết tâm sắt đá, tiến tới khai phá “miền đất lạ”, làm nên hiểu biết của chúng ta về sự phát triển của vũ trụ trong gần hai thiên niên kỷ qua, truy nguyên từ Ptolemy qua Copernicus và Newton tới Einstein, giúp ta nhìn thấu thời đại Khám phá vĩ đại, Tự nhiên muôn màu và hơn thế nữa...\r\n\r\nLà cuốn mở đầu cho tác phẩm bộ ba lịch sử thế giới bao gồm cả \"The Creators (Những nhà sáng ', 65, 855, 'Tiếng Việt', 5, 3, 'Những Nhà Khám Phá - Lịch Sử Tri Kiến Vạn Vật Và Con Người.webp', ''),
(124, 'Mô Hình Hồi Quy Và Khám Phá Khoa Học', 126500, 25, 'NXB Trẻ', 2008, 352, 'Cuốn sách giới thiệu các mô hình hồi quy tuyến tính, hồi quy logistic, hồi quy Poisson, và hồi quy Cox. Bạn đọc sẽ học qua các phát biểu giả thuyết khoa học qua các mô hình hồi quy. Những vấn đề (ít khi nào được đề cập trong sách giáo khoa) như đánh giá tầm quan trọng của biến tiên lượng, hoán chuyển dữ liệu, xây dựng và kiêm định mô hình, LASSO, Ridge, Robust, và cách triển khai các ý tưởng này bằng ngôn ngữ R.\r\n\r\n\r\nGiá sản phẩm trên Tiki đã bao gồm thuế theo luật hiện hành. Bên cạnh đó, tuỳ vào loại sản phẩm, hình thức và địa chỉ giao hàng mà có thể phát sinh thêm chi phí khác như phí vận chuyển, phụ phí hàng cồng kềnh, thuế nhập khẩu (đối với đơn hàng giao từ nước ngoài có giá trị trên 1 triệu đồng).....', 98, 66, 'Tiếng Việt', 3, 5, 'Mô Hình Hồi Quy Và Khám Phá Khoa Học.webp', ''),
(125, 'Lỗ Đen: Các Bài Diễn Thuyết Trên Đài', 232000, 28, 'Long Nguyễn', 2020, 325, 'Sách tập hợp hai bài nói chuyện của nhà vật lý vĩ đại Stephen Hawking trên BBC vào đầu năm 2016. Trong loạt bài giảng trên BBC này, tác giả đã dựng lên thách đố phải tóm lược câu chuyện cả một đời bên trong lỗ đen chỉ trong hai cuộc trò chuyện mười lăm phút.\r\n\r\nĐóng góp độc đáo của Stephen Hawking cho nghiên cứu khoa học là dựng lên những phương thức tiếp cận các vấn đề chuyên môn rất đa dạng: nổi tiếng nhất, ông là người đầu tiên đã khảo sát vũ trụ rộng lớn bằng những kỹ thuật khoa học lập ra để nghiên cứu những hạt nhỏ bé bên trong nguyên tử. Các đồng nghiệp của ông trong lĩnh vực cực kỳ phức tạp này có thể lo lắng rằng công trình của họ sẽ chẳng bao giờ trình bày được để công chúng dễ hiểu. Vậy mà việc hướng đến một công chúng rộng rãi hơn lại là một biệt tài của Hawking. Để thêm phần dễ tiếp cận đối với những ai hiếu kỳ nhưng rối trí, bị mê hoặc bởi ý tưởng nhưng lúng túng về mặt khoa học, sách có phần giới thiệu và ghi chú thêm ở các điểm mấu chốt của David Shukman - biên tập viên', 265, 68, 'Tiếng Việt', 4, 5, 'Lỗ Đen- Các Bài Diễn Thuyết Trên Đài.webp', ''),
(127, 'Sinh Học - Khoa Học Về Sự Sống', 165220, 12, 'NXB Trẻ', 2014, 265, 'Sinh Học là Khoa học về sự sống. Sự Sống luôn liên quan đến mỗi người chúng ta. Đó là hoạt động của cơ thể con người và các sinh vật khác, từ virus, nấm, đến các loài thực vật và các loài động vật. Những kiến thức về sinh học giúp mỗi người hiểu biết thêm cơ thể của chính mình và những người thân đang sống cùng mình, từ đó có thêm hiểu biết để bảo vệ sức khỏe và bảo vệ môi trường sống quanh ta. Hiểu biết về tính đa dạng sinh học giúp ta thêm yêu mến thế giới các sinh vật trong môi trường và có ý thức hơn trong việc bảo vệ tính đa dạng sinh học của đất nước.\r\n\r\nTất cả các thầy cô giáo giảng dạy sinh học có trong tay cuốn sách này sẽ thêm tư liệu để giảng dạy một cách phong phú hơn, dễ hiểu hơn và làm cho học sinh yêu thích môn học này. Các em học sinh chuyên ban Sinh ở các trường chuyên sẽ có thêm tài liệu tham khảo để vững tin hơn trong việc thi vào các trường Cao đẳng, Đại học có yêu cầu thi môn Sinh học.\r\nCác tác giả đã cố gắng biên soạn phù hợp với nội dung giảng dạy Sinh học theo t', 12, 612, 'Tiếng Việt', 2, 5, 'Sinh Học - Khoa Học Về Sự Sống.webp', ''),
(128, 'Bí Mật Dotcom (Tái Bản 2021)', 241000, 16, 'Đông Á', 2021, 452, '\"Trước hết, nếu bạn đang kỳ vong Bí Mật Dot Com sẽ đem đến cho bạn những \"công cụ\" mới mẻ, hấp dẫn, nhanh chóng, dễ dùng hay những mẹo quảng cáo khéo léo, những chiêu trò có thể giúp bạn kiếm tiền ngay hôm nay nhưng đòi hỏi bạn phải liên tục tìm ra những mánh lới khác. Đây không hẳn là điều bạn đang tìm kiếm.\r\n\r\nNhưng nếu bạn đang muốn xây dựng một CÔNG TY ONLINE bền vững, đây đích thị là cuốn sách dành cho bạn. Nó sẽ mang đến cho bạn một sự hiểu biết sâu sắc và một sự thấu suốt về cấu trúc và khoa học marketing hiệu quả để áp dụng chúng trên thế giới truyền thông online. Cuốn sách sẽ giúp bạn biết cách làm thế nào để cấu trúc lại sản phẩm và dịch vụ của công ty mình sao cho số tiền kiếm được nhiều gấp hai đến ba lần từ lượng truy cập bạn đang có. Khi làm theo các bước được hướng dẫn, mọi thứ sẽ bắt đầu vào guồng xoay của nó và bạn có thể đầu tư nhiều hơn để kiếm được nhiều khách hàng mới hơn.\r\n\r\nVà mặc dù rất muốn được mang quyển sách này đến với bạn ngay bây giờ, hiện phần bản dịch t', 400, 125, 'Tiếng Việt', 5, 7, 'Bí Mật Dotcom (Tái Bản 2021).webp', ''),
(129, 'Chiếc Thìa Biến Mất', 125600, 20, 'Nhi Đồng', 2008, 555, 'Chiếc thìa biến mất\r\n\r\nNhững giai thoại về sự Điên loạn, Tình yêu, Lịch sử thế giới từ Bảng tuần hoàn các nguyên tố hóa học\r\n\r\nCác nguyên tố hóa học đến từ đâu? Trong suốt nhiều thế kỷ, các nhà khoa học vẫn luôn cho rằng chúng chẳng đến từ đâu cả. Có rất nhiều lý thuyết siêu hình tranh cãi về việc ai (hoặc Đấng Sáng Tạo nào) tạo ra vũ trụ và tại sao, nhưng tất cả đều đồng thuận rằng mọi nguyên tố đã tồn tại kể từ khi vũ trụ sinh ra. Chúng vô thủy vô chung, trường tồn cùng thời gian và thi gan cùng tuế nguyệt. Các lý thuyết mới hơn (như thuyết Vụ Nổ Lớn vào những năm 1930) đã áp dụng quan điểm này.\r\n\r\niểm cực nhỏ ấy tồn tại từ 14 tỷ năm trước, chứa đựng tất cả vật chất trong vũ trụ và mọi thứ ta thấy ngày nay đều xuất phát từ đó. Chúng chưa mang hình dạng của vương miện kim cương, lon thiếc hay lá nhôm mà tồn tại dưới dạng các nguyên tử. (Một nhà khoa học tính toán rằng phải mất mười phút để Vụ nổ Lớn tạo ra toàn bộ vật chất đã biết, rồi dí dỏm nói: “Nấu các nguyên tố còn nhanh hơn là n', 222, 32, 'Tiếng Việt', 4, 5, 'Chiếc Thìa Biến Mất.webp', ''),
(130, 'Kiến Trúc Nhà Ở', 126200, 40, 'Đông Á', 2011, 265, 'Nhà ở luôn là mối quan tâm hàng đầu của mọi tầng lớp trong xã hội. Thiết kế và xây dựng nhà ở như thế nào để đáp ứng được nhu cầu cuộc sổng vật chất, tinh thần và thúc đẩy quá trình phát triển của xã hội ? Đó luôn là những vấn đề đặt ra cho các nhà kiến trúc, xây dựng.\r\nĐể dáp ứng được nhu cầu về tài liệu nghiên cứu, tham khảo và học tập cho các kiến trúc sư, kỹ sư xây dụng, cùng đông đảo sinh viên các trường đại học và những người quan tâm về kiến trúc nhà ở, Nhà xuất bản Xây dựng cho tái bản cuốn \'Kiến trúc nhà dựng\" của PGS. KTS. Đặng Thái Hoàng.\r\nLần tải bản thứ nhất này, ngoài việc chỉnh lý lại nội dung, chương mục, sách còn bố sung thêm hình vẽ minh họa và phụ lục tham khảo bồ ích , phù hợp với yêu cầu phát triển nhà ở hiện nay. Mặc dù đã có nhiầu cố gắng, song chắc chắn không tránh khỏi những thiếu sót, chúng tôi luôn mong nhận được những ý kiến đóng góp, phê bình của đông đảo bạn đọc để cuốn sách được tốt hơn.\r\n\r\nGiá sản phẩm trên Tiki đã bao gồm thuế theo luật hiện hành. Bên c', 125, 45, 'Tiếng Việt', 4, 5, 'Kiến Trúc Nhà Ở.webp', ''),
(131, 'Sổ Tay Cơ Điện Tử', 29000, 32, 'Nhi Đồng', 2019, 265, 'Cơ Học Kỹ Thuật là một môn học cơ sở trong chương trình đào tạo sinh viên đại học kỹ thuật. Nội dung của môn học Cơ Học Kỹ Thuật gồm ba phần: Tĩnh học vật rắn, Động học vật rắn, Động lực học chất điểm và vật rắn. Cuốn giáo trình này được in thành 2 tập với thời lượng 10 đơn vị học trình. Sách được viết trên cơ sở bài giảng của tác giả cho sinh viên trường Đại học Bách khoa Hà Nội trong nhiều năm và cho nhiều ngành kỹ thuật khác nhau. Những kiến thức trình bày trong giáo trình này là những kiến thức tối thiểu cần thiết để sinh viên có thể học các môn học tiếp theo của các ngành Cơ khí, Cơ điện tử, Giao thông vận tải, Xây dự\r\n\r\nGiá sản phẩm trên Tiki đã bao gồm thuế theo luật hiện hành. Bên cạnh đó, tuỳ vào loại sản phẩm, hình thức và địa chỉ giao hàng mà có thể phát sinh thêm chi phí khác như phí vận chuyển, phụ phí hàng cồng kềnh, thuế nhập khẩu (đối với đơn hàng giao từ nước ngoài có giá trị trên 1 triệu đồng).....', 0, 85, 'Tiếng Việt', 4, 5, 'Sổ Tay Cơ Điện Tử.webp', ''),
(132, 'Công Nghệ Enzym', 165200, 25, 'Đông Á', 2020, 265, 'Enzyme là chất xúc tác sinh học, tức là chất xúc tác được sản xuất ra do tế bao và vi tế bào. Là tác phẩm của tự nhiên, enzyme có bản chất protein có cấu trúc phân tử phức tạp và tinh vi, do đó enzyme có lực xúc tác cực kỳ mạnh mẽ và có tính chọn lọc rất cao. Song khi chiết xuất ra ngoài, hoạt tính xúc tác của nó có thể giảm hoặc mất đi khi điều kiện môi trường phản ứng không được duy trì như ở trong tế bào.\r\n\r\nBằng cách nào có thể trích ly được emzym và thu được chế phẩm enzyme có độ tinh khiết cao? Bằng cách nào có thể chế tác được chế phẩm enzym ở dạng không hòa tan để sử dụng được lâu bền. Enzym hòa toa và enzyme cố định khác nhau về động học như thế nào? Đặc điểm của thiết bị phản ứng enzyme và nguyên tắc làm việc của điện cực enzyme như thế nào? Phạm vi và hiệu quả sử dụng của enzym trong nền kinh tế quốc dân như thế nào?\r\n\r\nGiá sản phẩm trên Tiki đã bao gồm thuế theo luật hiện hành. Bên cạnh đó, tuỳ vào loại sản phẩm, hình thức và địa chỉ giao hàng mà có thể phát sinh thêm chi p', 654, 658, 'Tiếng Việt', 1, 8, 'Công Nghệ Enzym.webp', ''),
(133, 'Tuyển Tập Dữ Liệu Lớn (Big Data)', 165200, 78, 'NXB Trẻ', 2018, 325, 'Khi bạn sử dụng sản phẩm của một trong năm đại gia GAFAM (Google, Amazon, Facebook, Apple, Microsoft) chắc bạn không ngờ rằng mình đã góp phần tạo ra dữ liệu lớn (Big Data). Trong thế giới toàn cầu hóa ngày nay, các hoạt động hằng ngày của chúng ta (tiêu dùng, giao tiếp, di chuyển,...) tạo ra các dữ liệu, mà dấu vết là những \"mảnh vụn dạng số\". Từ thực tế này, khoa học dữ liệu (Data Science) ra đời để xử lí, trong thời gian kỉ lục, những dữ liệu đa dạng, thường ít được cấu trúc, ngày càng tăng, liên tục thay đổi, với những ứng dụng trong hầu hết mọi lĩnh vực và tác động đến mọi mặt của cuộc sống. \r\n\r\nNhân dịp bước vào năm hoạt động thứ ba, trang Phân tích Kinh tế chọn giới thiệu 20 bài về chủ đề “nóng” này được tập hợp trong tuyển tập thứ hai[1] của nhóm, gồm ba mục chính. Chín bài đầu của tuyển tập trình bày dễ hiểu thế nào là dữ liệu lớn qua một số minh họa và ứng dụng trong các ngành khác nhau như kinh tế, giáo dục, báo chí, sử học, quản lí đô thị, y khoa, v.v. Chín bài tiếp theo đề', 60, 120, 'Tiếng Việt', 4, 5, 'Tuyển Tập Dữ Liệu Lớn (Big Data).webp', ''),
(144, 'Hóa học', 200000, 20, 'Chính', 2023, 300, 'óa học (gọi tắt là hóa) là một nhánh của khoa học tự nhiên nhằm nghiên cứu về thành phần, cấu trúc, tính chất, và sự thay đổi của vật chất.[1][2] Các chủ đề chính trong hóa học là nguyên tố, hợp chất, nguyên tử, phân tử, và các phản ứng hóa học.  Hóa học đôi khi được gọi là \"khoa học trung tâm\" vì nó là cầu nối các ngành khoa học tự nhiên khác như vật lý học, địa chất học và sinh học', 30, 0, 'Tiếng việt', 1, 5, 'Hóa học.webp', ''),
(169, 'Người tập lớn', 400000, 60, 'dân chí', 2022, 455, 'SÁCH RẤT LÀ BÁNH CUỐN', 21, 0, 'Tiếng việt', 1, 2, 'Người Tập Lớn.webp', ''),
(175, 'The Silver Linings Playbook', 200000, 0, 'Matthew Quick', 2020, 2000, 'A New York Times bestseller, The Silver Linings Playbook was adapted into the Oscar-winning movie starring Bradley Cooper and Jennifer Lawrence. It tells the riotous and poignant story of how one man regains his memory and comes to terms with the magnitude of his wife\'s betrayal.  During the years he spends in a neural health facility, Pat Peoples formulates a theory about silver linings: he believes his life is a movie produced by God, his mission is to become physically fit and emotionally supportive, and his happy ending will be the return of his estranged wife, Nikki. When Pat goes to live with his parents, everything seems changed: no one will talk to him about Nikki; his old friends are saddled with families; the Philadelphia Eagles keep losing, making his father moody; and his new therapist seems to be recommending adultery as a form of therapy.  When Pat meets the tragically widowed and clinically depressed Tiffany, she offers to act as a liaison between him and his wife, if on', 100, 0, 'Tiếng anh', 1, 10, 'The Silver Linings Playbook.webp', ''),
(183, 'Flowers for Algernon', 24000, 212, ' Daniel Keyes', 2001, 213, 'The story of a mentally disabled man whose experimental quest for intelligence mirrors that of Algernon, an extraordinary lab mouse. In diary entries, Charlie tells how a brain operation increases his IQ and changes his life. As the experimental procedure takes effect, Charlie\'s intelligence expands until it surpasses that of the doctors who engineered his metamorphosis.', 123, 0, 'Tiếng anh', 1, 2, 'Flower for Algernon.webp', '');

-- --------------------------------------------------------

--
-- Cấu trúc bảng cho bảng `sach_theloai`
--

CREATE TABLE `sach_theloai` (
  `s_id` int(100) UNSIGNED NOT NULL,
  `tl_id` int(100) NOT NULL
) ENGINE=InnoDB DEFAULT CHARSET=utf8mb4 COLLATE=utf8mb4_unicode_ci;

--
-- Đang đổ dữ liệu cho bảng `sach_theloai`
--

INSERT INTO `sach_theloai` (`s_id`, `tl_id`) VALUES
(52, 1),
(52, 11),
(144, 8),
(144, 9),
(144, 10),
(169, 1),
(169, 2),
(169, 3),
(175, 1),
(175, 2),
(183, 1),
(183, 2);

-- --------------------------------------------------------

--
-- Cấu trúc bảng cho bảng `tacgia`
--

CREATE TABLE `tacgia` (
  `tg_id` int(100) NOT NULL,
  `tg_ten` varchar(100) COLLATE utf8mb4_unicode_ci DEFAULT NULL
) ENGINE=InnoDB DEFAULT CHARSET=utf8mb4 COLLATE=utf8mb4_unicode_ci;

--
-- Đang đổ dữ liệu cho bảng `tacgia`
--

INSERT INTO `tacgia` (`tg_id`, `tg_ten`) VALUES
(1, 'Doanh Chính'),
(2, 'Kim lân'),
(3, 'Long Nguyễn'),
(4, 'Tố hữu'),
(5, 'Nguyễn Vũ'),
(58, 'Xuân diệu');

-- --------------------------------------------------------

--
-- Cấu trúc bảng cho bảng `theloai`
--

CREATE TABLE `theloai` (
  `tl_id` int(100) NOT NULL,
  `tl_ten` varchar(100) COLLATE utf8mb4_unicode_ci NOT NULL
) ENGINE=InnoDB DEFAULT CHARSET=utf8mb4 COLLATE=utf8mb4_unicode_ci;

--
-- Đang đổ dữ liệu cho bảng `theloai`
--

INSERT INTO `theloai` (`tl_id`, `tl_ten`) VALUES
(1, 'Văn học'),
(2, 'Kỹ năng sống'),
(3, 'Kinh tế'),
(4, 'Thiếu nhi'),
(5, 'Khoa học - Kỹ thuật'),
(7, 'Viễn tưởng'),
(8, 'Thường thức - Gia đình'),
(9, 'Văn hóa - Du lịch'),
(10, 'Sách học ngoại ngữ'),
(11, 'Tâm lý - Giới tính');

--
-- Chỉ mục cho các bảng đã đổ
--

--
-- Chỉ mục cho bảng `chitiethd`
--
ALTER TABLE `chitiethd`
  ADD PRIMARY KEY (`hd_id`,`s_id`),
  ADD KEY `s_id` (`s_id`);

--
-- Chỉ mục cho bảng `danhgia`
--
ALTER TABLE `danhgia`
  ADD PRIMARY KEY (`k_id`,`hd_id`,`s_id`),
  ADD KEY `hd_id` (`hd_id`),
  ADD KEY `s_id` (`s_id`);

--
-- Chỉ mục cho bảng `donhang`
--
ALTER TABLE `donhang`
  ADD PRIMARY KEY (`hd_id`),
  ADD KEY `k_id` (`k_id`);

--
-- Chỉ mục cho bảng `giohang`
--
ALTER TABLE `giohang`
  ADD PRIMARY KEY (`k_id`,`s_id`,`trangthai`) USING BTREE,
  ADD KEY `fk_s_id` (`s_id`);

--
-- Chỉ mục cho bảng `khach`
--
ALTER TABLE `khach`
  ADD PRIMARY KEY (`k_id`);

--
-- Chỉ mục cho bảng `sach`
--
ALTER TABLE `sach`
  ADD PRIMARY KEY (`s_id`),
  ADD KEY `tg_id` (`tg_id`),
  ADD KEY `tl_id` (`tl_id`);

--
-- Chỉ mục cho bảng `sach_theloai`
--
ALTER TABLE `sach_theloai`
  ADD PRIMARY KEY (`s_id`,`tl_id`),
  ADD KEY `tl_id` (`tl_id`);

--
-- Chỉ mục cho bảng `tacgia`
--
ALTER TABLE `tacgia`
  ADD PRIMARY KEY (`tg_id`);

--
-- Chỉ mục cho bảng `theloai`
--
ALTER TABLE `theloai`
  ADD PRIMARY KEY (`tl_id`);

--
-- AUTO_INCREMENT cho các bảng đã đổ
--

--
-- AUTO_INCREMENT cho bảng `donhang`
--
ALTER TABLE `donhang`
  MODIFY `hd_id` int(100) UNSIGNED NOT NULL AUTO_INCREMENT, AUTO_INCREMENT=156;

--
-- AUTO_INCREMENT cho bảng `khach`
--
ALTER TABLE `khach`
  MODIFY `k_id` int(100) UNSIGNED NOT NULL AUTO_INCREMENT, AUTO_INCREMENT=12;

--
-- AUTO_INCREMENT cho bảng `sach`
--
ALTER TABLE `sach`
  MODIFY `s_id` int(100) UNSIGNED NOT NULL AUTO_INCREMENT, AUTO_INCREMENT=185;

--
-- AUTO_INCREMENT cho bảng `tacgia`
--
ALTER TABLE `tacgia`
  MODIFY `tg_id` int(100) NOT NULL AUTO_INCREMENT, AUTO_INCREMENT=63;

--
-- AUTO_INCREMENT cho bảng `theloai`
--
ALTER TABLE `theloai`
  MODIFY `tl_id` int(100) NOT NULL AUTO_INCREMENT, AUTO_INCREMENT=26;

--
-- Các ràng buộc cho các bảng đã đổ
--

--
-- Các ràng buộc cho bảng `chitiethd`
--
ALTER TABLE `chitiethd`
  ADD CONSTRAINT `chitiethd_ibfk_1` FOREIGN KEY (`hd_id`) REFERENCES `donhang` (`hd_id`),
  ADD CONSTRAINT `chitiethd_ibfk_2` FOREIGN KEY (`s_id`) REFERENCES `sach` (`s_id`);

--
-- Các ràng buộc cho bảng `danhgia`
--
ALTER TABLE `danhgia`
  ADD CONSTRAINT `danhgia_ibfk_1` FOREIGN KEY (`k_id`) REFERENCES `khach` (`k_id`),
  ADD CONSTRAINT `danhgia_ibfk_2` FOREIGN KEY (`hd_id`) REFERENCES `donhang` (`hd_id`),
  ADD CONSTRAINT `danhgia_ibfk_3` FOREIGN KEY (`s_id`) REFERENCES `sach` (`s_id`);

--
-- Các ràng buộc cho bảng `donhang`
--
ALTER TABLE `donhang`
  ADD CONSTRAINT `donhang_ibfk_1` FOREIGN KEY (`k_id`) REFERENCES `khach` (`k_id`);

--
-- Các ràng buộc cho bảng `giohang`
--
ALTER TABLE `giohang`
  ADD CONSTRAINT `fk_k_id` FOREIGN KEY (`k_id`) REFERENCES `khach` (`k_id`),
  ADD CONSTRAINT `fk_s_id` FOREIGN KEY (`s_id`) REFERENCES `sach` (`s_id`);

--
-- Các ràng buộc cho bảng `sach`
--
ALTER TABLE `sach`
  ADD CONSTRAINT `tg_id` FOREIGN KEY (`tg_id`) REFERENCES `tacgia` (`tg_id`),
  ADD CONSTRAINT `tl_id` FOREIGN KEY (`tl_id`) REFERENCES `theloai` (`tl_id`);

--
-- Các ràng buộc cho bảng `sach_theloai`
--
ALTER TABLE `sach_theloai`
  ADD CONSTRAINT `sach_theloai_ibfk_1` FOREIGN KEY (`s_id`) REFERENCES `sach` (`s_id`) ON DELETE CASCADE,
  ADD CONSTRAINT `sach_theloai_ibfk_2` FOREIGN KEY (`tl_id`) REFERENCES `theloai` (`tl_id`) ON DELETE CASCADE;
COMMIT;

/*!40101 SET CHARACTER_SET_CLIENT=@OLD_CHARACTER_SET_CLIENT */;
/*!40101 SET CHARACTER_SET_RESULTS=@OLD_CHARACTER_SET_RESULTS */;
/*!40101 SET COLLATION_CONNECTION=@OLD_COLLATION_CONNECTION */;
